ARM GAS  /var/folders/d6/h50ndp_j7xj_7552gzkj6_s40000gn/T//ccVJeyYC.s 			page 1


   1              		.cpu cortex-m4
   2              		.arch armv7e-m
   3              		.fpu fpv4-sp-d16
   4              		.eabi_attribute 27, 1
   5              		.eabi_attribute 28, 1
   6              		.eabi_attribute 20, 1
   7              		.eabi_attribute 21, 1
   8              		.eabi_attribute 23, 3
   9              		.eabi_attribute 24, 1
  10              		.eabi_attribute 25, 1
  11              		.eabi_attribute 26, 1
  12              		.eabi_attribute 30, 1
  13              		.eabi_attribute 34, 1
  14              		.eabi_attribute 18, 4
  15              		.file	"main.c"
  16              		.text
  17              	.Ltext0:
  18              		.cfi_sections	.debug_frame
  19              		.file 1 "Core/Src/main.c"
  20              		.global	__aeabi_uldivmod
  21              		.section	.text.calc_tim2_ticks,"ax",%progbits
  22              		.align	1
  23              		.syntax unified
  24              		.thumb
  25              		.thumb_func
  27              	calc_tim2_ticks:
  28              	.LVL0:
  29              	.LFB134:
   1:Core/Src/main.c **** /* USER CODE BEGIN Header */
   2:Core/Src/main.c **** /**
   3:Core/Src/main.c ****   ******************************************************************************
   4:Core/Src/main.c ****   * @file           : main.c
   5:Core/Src/main.c ****   * @brief          : Main program body (single LUT length NS, DMA -> TIM3 CCR3)
   6:Core/Src/main.c ****   ******************************************************************************
   7:Core/Src/main.c ****   */
   8:Core/Src/main.c **** /* USER CODE END Header */
   9:Core/Src/main.c **** 
  10:Core/Src/main.c **** /* Includes ------------------------------------------------------------------*/
  11:Core/Src/main.c **** #include "main.h"
  12:Core/Src/main.c **** #include "stm32f4xx.h"
  13:Core/Src/main.c **** #include "lcd_stm32f4.h"
  14:Core/Src/main.c **** #include <stdint.h>
  15:Core/Src/main.c **** 
  16:Core/Src/main.c **** /* Private defines -----------------------------------------------------------*/
  17:Core/Src/main.c **** #define NS         1024u        /* LUT length (single value for all waveforms) */
  18:Core/Src/main.c **** #define NUM_WAVES   6u
  19:Core/Src/main.c **** 
  20:Core/Src/main.c **** /* timing / waveform parameters */
  21:Core/Src/main.c **** #define TIM2CLK     16000000u   /* TIM2 clock (Hz) — update if different in .ioc */
  22:Core/Src/main.c **** #define F_SIGNAL    300u        /* desired output fundamental frequency (Hz) */
  23:Core/Src/main.c **** 
  24:Core/Src/main.c **** /* PWM / DAC scaling */
  25:Core/Src/main.c **** #define DAC_MAX_12B 4095u
  26:Core/Src/main.c **** 
  27:Core/Src/main.c **** /* Private variables ---------------------------------------------------------*/
  28:Core/Src/main.c **** TIM_HandleTypeDef htim2;
  29:Core/Src/main.c **** TIM_HandleTypeDef htim3;
ARM GAS  /var/folders/d6/h50ndp_j7xj_7552gzkj6_s40000gn/T//ccVJeyYC.s 			page 2


  30:Core/Src/main.c **** DMA_HandleTypeDef hdma_tim2_ch1;
  31:Core/Src/main.c **** 
  32:Core/Src/main.c **** /* USER CODE BEGIN PV */
  33:Core/Src/main.c **** /* --- LUT declarations --- */
  34:Core/Src/main.c **** 
  35:Core/Src/main.c **** static const uint16_t Sin_LUT[NS] = {
  36:Core/Src/main.c **** 		2047, 2060, 2072, 2085, 2097, 2110, 2122, 2135, 2147, 2160, 2173, 2185, 2198, 2210, 2223, 2235,
  37:Core/Src/main.c **** 				2248, 2260, 2273, 2285, 2298, 2310, 2323, 2335, 2347, 2360, 2372, 2385, 2397, 2409, 2422, 2434,
  38:Core/Src/main.c **** 				2446, 2459, 2471, 2483, 2496, 2508, 2520, 2532, 2545, 2557, 2569, 2581, 2593, 2605, 2617, 2629,
  39:Core/Src/main.c **** 				2641, 2653, 2665, 2677, 2689, 2701, 2713, 2725, 2737, 2749, 2760, 2772, 2784, 2796, 2807, 2819,
  40:Core/Src/main.c **** 				2831, 2842, 2854, 2865, 2877, 2888, 2900, 2911, 2922, 2934, 2945, 2956, 2968, 2979, 2990, 3001,
  41:Core/Src/main.c **** 				3012, 3023, 3034, 3045, 3056, 3067, 3078, 3089, 3100, 3110, 3121, 3132, 3142, 3153, 3164, 3174,
  42:Core/Src/main.c **** 				3185, 3195, 3205, 3216, 3226, 3236, 3246, 3257, 3267, 3277, 3287, 3297, 3307, 3317, 3326, 3336,
  43:Core/Src/main.c **** 				3346, 3356, 3365, 3375, 3384, 3394, 3403, 3413, 3422, 3431, 3441, 3450, 3459, 3468, 3477, 3486,
  44:Core/Src/main.c **** 				3495, 3504, 3512, 3521, 3530, 3539, 3547, 3556, 3564, 3573, 3581, 3589, 3597, 3606, 3614, 3622,
  45:Core/Src/main.c **** 				3630, 3638, 3646, 3653, 3661, 3669, 3676, 3684, 3692, 3699, 3706, 3714, 3721, 3728, 3735, 3742,
  46:Core/Src/main.c **** 				3749, 3756, 3763, 3770, 3777, 3784, 3790, 3797, 3803, 3810, 3816, 3822, 3829, 3835, 3841, 3847,
  47:Core/Src/main.c **** 				3853, 3859, 3864, 3870, 3876, 3881, 3887, 3893, 3898, 3903, 3909, 3914, 3919, 3924, 3929, 3934,
  48:Core/Src/main.c **** 				3939, 3943, 3948, 3953, 3957, 3962, 3966, 3971, 3975, 3979, 3983, 3987, 3991, 3995, 3999, 4003,
  49:Core/Src/main.c **** 				4006, 4010, 4013, 4017, 4020, 4024, 4027, 4030, 4033, 4036, 4039, 4042, 4045, 4047, 4050, 4053,
  50:Core/Src/main.c **** 				4055, 4058, 4060, 4062, 4064, 4066, 4068, 4070, 4072, 4074, 4076, 4078, 4079, 4081, 4082, 4083,
  51:Core/Src/main.c **** 				4085, 4086, 4087, 4088, 4089, 4090, 4091, 4091, 4092, 4093, 4093, 4094, 4094, 4094, 4094, 4094,
  52:Core/Src/main.c **** 				4095, 4094, 4094, 4094, 4094, 4094, 4093, 4093, 4092, 4091, 4091, 4090, 4089, 4088, 4087, 4086,
  53:Core/Src/main.c **** 				4085, 4083, 4082, 4081, 4079, 4078, 4076, 4074, 4072, 4070, 4068, 4066, 4064, 4062, 4060, 4058,
  54:Core/Src/main.c **** 				4055, 4053, 4050, 4047, 4045, 4042, 4039, 4036, 4033, 4030, 4027, 4024, 4020, 4017, 4013, 4010,
  55:Core/Src/main.c **** 				4006, 4003, 3999, 3995, 3991, 3987, 3983, 3979, 3975, 3971, 3966, 3962, 3957, 3953, 3948, 3943,
  56:Core/Src/main.c **** 				3939, 3934, 3929, 3924, 3919, 3914, 3909, 3903, 3898, 3893, 3887, 3881, 3876, 3870, 3864, 3859,
  57:Core/Src/main.c **** 				3853, 3847, 3841, 3835, 3829, 3822, 3816, 3810, 3803, 3797, 3790, 3784, 3777, 3770, 3763, 3756,
  58:Core/Src/main.c **** 				3749, 3742, 3735, 3728, 3721, 3714, 3706, 3699, 3692, 3684, 3676, 3669, 3661, 3653, 3646, 3638,
  59:Core/Src/main.c **** 				3630, 3622, 3614, 3606, 3597, 3589, 3581, 3573, 3564, 3556, 3547, 3539, 3530, 3521, 3512, 3504,
  60:Core/Src/main.c **** 				3495, 3486, 3477, 3468, 3459, 3450, 3441, 3431, 3422, 3413, 3403, 3394, 3384, 3375, 3365, 3356,
  61:Core/Src/main.c **** 				3346, 3336, 3326, 3317, 3307, 3297, 3287, 3277, 3267, 3257, 3246, 3236, 3226, 3216, 3205, 3195,
  62:Core/Src/main.c **** 				3185, 3174, 3164, 3153, 3142, 3132, 3121, 3110, 3100, 3089, 3078, 3067, 3056, 3045, 3034, 3023,
  63:Core/Src/main.c **** 				3012, 3001, 2990, 2979, 2968, 2956, 2945, 2934, 2922, 2911, 2900, 2888, 2877, 2865, 2854, 2842,
  64:Core/Src/main.c **** 				2831, 2819, 2807, 2796, 2784, 2772, 2760, 2749, 2737, 2725, 2713, 2701, 2689, 2677, 2665, 2653,
  65:Core/Src/main.c **** 				2641, 2629, 2617, 2605, 2593, 2581, 2569, 2557, 2545, 2532, 2520, 2508, 2496, 2483, 2471, 2459,
  66:Core/Src/main.c **** 				2446, 2434, 2422, 2409, 2397, 2385, 2372, 2360, 2347, 2335, 2323, 2310, 2298, 2285, 2273, 2260,
  67:Core/Src/main.c **** 				2248, 2235, 2223, 2210, 2198, 2185, 2173, 2160, 2147, 2135, 2122, 2110, 2097, 2085, 2072, 2060,
  68:Core/Src/main.c **** 				2047, 2034, 2022, 2009, 1997, 1984, 1972, 1959, 1947, 1934, 1921, 1909, 1896, 1884, 1871, 1859,
  69:Core/Src/main.c **** 				1846, 1834, 1821, 1809, 1796, 1784, 1771, 1759, 1747, 1734, 1722, 1709, 1697, 1685, 1672, 1660,
  70:Core/Src/main.c **** 				1648, 1635, 1623, 1611, 1598, 1586, 1574, 1562, 1549, 1537, 1525, 1513, 1501, 1489, 1477, 1465,
  71:Core/Src/main.c **** 				1453, 1441, 1429, 1417, 1405, 1393, 1381, 1369, 1357, 1345, 1334, 1322, 1310, 1298, 1287, 1275,
  72:Core/Src/main.c **** 				1263, 1252, 1240, 1229, 1217, 1206, 1194, 1183, 1172, 1160, 1149, 1138, 1126, 1115, 1104, 1093,
  73:Core/Src/main.c **** 				1082, 1071, 1060, 1049, 1038, 1027, 1016, 1005, 994, 984, 973, 962, 952, 941, 930, 920,
  74:Core/Src/main.c **** 				909, 899, 889, 878, 868, 858, 848, 837, 827, 817, 807, 797, 787, 777, 768, 758,
  75:Core/Src/main.c **** 				748, 738, 729, 719, 710, 700, 691, 681, 672, 663, 653, 644, 635, 626, 617, 608,
  76:Core/Src/main.c **** 				599, 590, 582, 573, 564, 555, 547, 538, 530, 521, 513, 505, 497, 488, 480, 472,
  77:Core/Src/main.c **** 				464, 456, 448, 441, 433, 425, 418, 410, 402, 395, 388, 380, 373, 366, 359, 352,
  78:Core/Src/main.c **** 				345, 338, 331, 324, 317, 310, 304, 297, 291, 284, 278, 272, 265, 259, 253, 247,
  79:Core/Src/main.c **** 				241, 235, 230, 224, 218, 213, 207, 201, 196, 191, 185, 180, 175, 170, 165, 160,
  80:Core/Src/main.c **** 				155, 151, 146, 141, 137, 132, 128, 123, 119, 115, 111, 107, 103, 99, 95, 91,
  81:Core/Src/main.c **** 				88, 84, 81, 77, 74, 70, 67, 64, 61, 58, 55, 52, 49, 47, 44, 41,
  82:Core/Src/main.c **** 				39, 36, 34, 32, 30, 28, 26, 24, 22, 20, 18, 16, 15, 13, 12, 11,
  83:Core/Src/main.c **** 				9, 8, 7, 6, 5, 4, 3, 3, 2, 1, 1, 0, 0, 0, 0, 0,
  84:Core/Src/main.c **** 				0, 0, 0, 0, 0, 0, 1, 1, 2, 3, 3, 4, 5, 6, 7, 8,
  85:Core/Src/main.c **** 				9, 11, 12, 13, 15, 16, 18, 20, 22, 24, 26, 28, 30, 32, 34, 36,
  86:Core/Src/main.c **** 				39, 41, 44, 47, 49, 52, 55, 58, 61, 64, 67, 70, 74, 77, 81, 84,
ARM GAS  /var/folders/d6/h50ndp_j7xj_7552gzkj6_s40000gn/T//ccVJeyYC.s 			page 3


  87:Core/Src/main.c **** 				88, 91, 95, 99, 103, 107, 111, 115, 119, 123, 128, 132, 137, 141, 146, 151,
  88:Core/Src/main.c **** 				155, 160, 165, 170, 175, 180, 185, 191, 196, 201, 207, 213, 218, 224, 230, 235,
  89:Core/Src/main.c **** 				241, 247, 253, 259, 265, 272, 278, 284, 291, 297, 304, 310, 317, 324, 331, 338,
  90:Core/Src/main.c **** 				345, 352, 359, 366, 373, 380, 388, 395, 402, 410, 418, 425, 433, 441, 448, 456,
  91:Core/Src/main.c **** 				464, 472, 480, 488, 497, 505, 513, 521, 530, 538, 547, 555, 564, 573, 582, 590,
  92:Core/Src/main.c **** 				599, 608, 617, 626, 635, 644, 653, 663, 672, 681, 691, 700, 710, 719, 729, 738,
  93:Core/Src/main.c **** 				748, 758, 768, 777, 787, 797, 807, 817, 827, 837, 848, 858, 868, 878, 889, 899,
  94:Core/Src/main.c **** 				909, 920, 930, 941, 952, 962, 973, 984, 994, 1005, 1016, 1027, 1038, 1049, 1060, 1071,
  95:Core/Src/main.c **** 				1082, 1093, 1104, 1115, 1126, 1138, 1149, 1160, 1172, 1183, 1194, 1206, 1217, 1229, 1240, 1252,
  96:Core/Src/main.c **** 				1263, 1275, 1287, 1298, 1310, 1322, 1334, 1345, 1357, 1369, 1381, 1393, 1405, 1417, 1429, 1441,
  97:Core/Src/main.c **** 				1453, 1465, 1477, 1489, 1501, 1513, 1525, 1537, 1549, 1562, 1574, 1586, 1598, 1611, 1623, 1635,
  98:Core/Src/main.c **** 				1648, 1660, 1672, 1685, 1697, 1709, 1722, 1734, 1747, 1759, 1771, 1784, 1796, 1809, 1821, 1834,
  99:Core/Src/main.c **** 				1846, 1859, 1871, 1884, 1896, 1909, 1921, 1934, 1947, 1959, 1972, 1984, 1997, 2009, 2022, 2034
 100:Core/Src/main.c **** };
 101:Core/Src/main.c **** 
 102:Core/Src/main.c **** static const uint16_t Triangle_LUT[NS] = {
 103:Core/Src/main.c **** 		0, 3, 7, 11, 15, 19, 23, 27, 31, 35, 39, 43, 47, 51, 55, 59,
 104:Core/Src/main.c **** 				63, 67, 71, 75, 79, 83, 87, 91, 95, 99, 103, 107, 111, 115, 119, 123,
 105:Core/Src/main.c **** 				127, 131, 135, 139, 143, 147, 151, 155, 159, 163, 167, 171, 175, 179, 183, 187,
 106:Core/Src/main.c **** 				191, 195, 199, 203, 207, 211, 215, 219, 223, 227, 231, 235, 239, 243, 247, 251,
 107:Core/Src/main.c **** 				255, 259, 263, 267, 271, 275, 279, 283, 287, 291, 295, 299, 303, 307, 311, 315,
 108:Core/Src/main.c **** 				319, 323, 327, 331, 335, 339, 343, 347, 351, 355, 359, 363, 367, 371, 375, 379,
 109:Core/Src/main.c **** 				383, 387, 391, 395, 399, 403, 407, 411, 415, 419, 423, 427, 431, 435, 439, 443,
 110:Core/Src/main.c **** 				447, 451, 455, 459, 463, 467, 471, 475, 479, 483, 487, 491, 495, 499, 503, 507,
 111:Core/Src/main.c **** 				511, 515, 519, 523, 527, 531, 535, 539, 543, 547, 551, 555, 559, 563, 567, 571,
 112:Core/Src/main.c **** 				575, 579, 583, 587, 591, 595, 599, 603, 607, 611, 615, 619, 623, 627, 631, 635,
 113:Core/Src/main.c **** 				639, 643, 647, 651, 655, 659, 663, 667, 671, 675, 679, 683, 687, 691, 695, 699,
 114:Core/Src/main.c **** 				703, 707, 711, 715, 719, 723, 727, 731, 735, 739, 743, 747, 751, 755, 759, 763,
 115:Core/Src/main.c **** 				767, 771, 775, 779, 783, 787, 791, 795, 799, 803, 807, 811, 815, 819, 823, 827,
 116:Core/Src/main.c **** 				831, 835, 839, 843, 847, 851, 855, 859, 863, 867, 871, 875, 879, 883, 887, 891,
 117:Core/Src/main.c **** 				895, 899, 903, 907, 911, 915, 919, 923, 927, 931, 935, 939, 943, 947, 951, 955,
 118:Core/Src/main.c **** 				959, 963, 967, 971, 975, 979, 983, 987, 991, 995, 999, 1003, 1007, 1011, 1015, 1019,
 119:Core/Src/main.c **** 				1023, 1027, 1031, 1035, 1039, 1043, 1047, 1051, 1055, 1059, 1063, 1067, 1071, 1075, 1079, 1083,
 120:Core/Src/main.c **** 				1087, 1091, 1095, 1099, 1103, 1107, 1111, 1115, 1119, 1123, 1127, 1131, 1135, 1139, 1143, 1147,
 121:Core/Src/main.c **** 				1151, 1155, 1159, 1163, 1167, 1171, 1175, 1179, 1183, 1187, 1191, 1195, 1199, 1203, 1207, 1211,
 122:Core/Src/main.c **** 				1215, 1219, 1223, 1227, 1231, 1235, 1239, 1243, 1247, 1251, 1255, 1259, 1263, 1267, 1271, 1275,
 123:Core/Src/main.c **** 				1279, 1283, 1287, 1291, 1295, 1299, 1303, 1307, 1311, 1315, 1319, 1323, 1327, 1331, 1335, 1339,
 124:Core/Src/main.c **** 				1343, 1347, 1351, 1355, 1359, 1363, 1367, 1371, 1375, 1379, 1383, 1387, 1391, 1395, 1399, 1403,
 125:Core/Src/main.c **** 				1407, 1411, 1415, 1419, 1423, 1427, 1431, 1435, 1439, 1443, 1447, 1451, 1455, 1459, 1463, 1467,
 126:Core/Src/main.c **** 				1471, 1475, 1479, 1483, 1487, 1491, 1495, 1499, 1503, 1507, 1511, 1515, 1519, 1523, 1527, 1531,
 127:Core/Src/main.c **** 				1535, 1539, 1543, 1547, 1551, 1555, 1559, 1563, 1567, 1571, 1575, 1579, 1583, 1587, 1591, 1595,
 128:Core/Src/main.c **** 				1599, 1603, 1607, 1611, 1615, 1619, 1623, 1627, 1631, 1635, 1639, 1643, 1647, 1651, 1655, 1659,
 129:Core/Src/main.c **** 				1663, 1667, 1671, 1675, 1679, 1683, 1687, 1691, 1695, 1699, 1703, 1707, 1711, 1715, 1719, 1723,
 130:Core/Src/main.c **** 				1727, 1731, 1735, 1739, 1743, 1747, 1751, 1755, 1759, 1763, 1767, 1771, 1775, 1779, 1783, 1787,
 131:Core/Src/main.c **** 				1791, 1795, 1799, 1803, 1807, 1811, 1815, 1819, 1823, 1827, 1831, 1835, 1839, 1843, 1847, 1851,
 132:Core/Src/main.c **** 				1855, 1859, 1863, 1867, 1871, 1875, 1879, 1883, 1887, 1891, 1895, 1899, 1903, 1907, 1911, 1915,
 133:Core/Src/main.c **** 				1919, 1923, 1927, 1931, 1935, 1939, 1943, 1947, 1951, 1955, 1959, 1963, 1967, 1971, 1975, 1979,
 134:Core/Src/main.c **** 				1983, 1987, 1991, 1995, 1999, 2003, 2007, 2011, 2015, 2019, 2023, 2027, 2031, 2035, 2039, 2043,
 135:Core/Src/main.c **** 				2047, 2051, 2055, 2059, 2063, 2067, 2071, 2075, 2079, 2083, 2087, 2091, 2095, 2099, 2103, 2107,
 136:Core/Src/main.c **** 				2111, 2115, 2119, 2123, 2127, 2131, 2135, 2139, 2143, 2147, 2151, 2155, 2159, 2163, 2167, 2171,
 137:Core/Src/main.c **** 				2175, 2179, 2183, 2187, 2191, 2195, 2199, 2203, 2207, 2211, 2215, 2219, 2223, 2227, 2231, 2235,
 138:Core/Src/main.c **** 				2239, 2243, 2247, 2251, 2255, 2259, 2263, 2267, 2271, 2275, 2279, 2283, 2287, 2291, 2295, 2299,
 139:Core/Src/main.c **** 				2303, 2307, 2311, 2315, 2319, 2323, 2327, 2331, 2335, 2339, 2343, 2347, 2351, 2355, 2359, 2363,
 140:Core/Src/main.c **** 				2367, 2371, 2375, 2379, 2383, 2387, 2391, 2395, 2399, 2403, 2407, 2411, 2415, 2419, 2423, 2427,
 141:Core/Src/main.c **** 				2431, 2435, 2439, 2443, 2447, 2451, 2455, 2459, 2463, 2467, 2471, 2475, 2479, 2483, 2487, 2491,
 142:Core/Src/main.c **** 				2495, 2499, 2503, 2507, 2511, 2515, 2519, 2523, 2527, 2531, 2535, 2539, 2543, 2547, 2551, 2555,
 143:Core/Src/main.c **** 				2559, 2563, 2567, 2571, 2575, 2579, 2583, 2587, 2591, 2595, 2599, 2603, 2607, 2611, 2615, 2619,
ARM GAS  /var/folders/d6/h50ndp_j7xj_7552gzkj6_s40000gn/T//ccVJeyYC.s 			page 4


 144:Core/Src/main.c **** 				2623, 2627, 2631, 2635, 2639, 2643, 2647, 2651, 2655, 2659, 2663, 2667, 2671, 2675, 2679, 2683,
 145:Core/Src/main.c **** 				2687, 2691, 2695, 2699, 2703, 2707, 2711, 2715, 2719, 2723, 2727, 2731, 2735, 2739, 2743, 2747,
 146:Core/Src/main.c **** 				2751, 2755, 2759, 2763, 2767, 2771, 2775, 2779, 2783, 2787, 2791, 2795, 2799, 2803, 2807, 2811,
 147:Core/Src/main.c **** 				2815, 2819, 2823, 2827, 2831, 2835, 2839, 2843, 2847, 2851, 2855, 2859, 2863, 2867, 2871, 2875,
 148:Core/Src/main.c **** 				2879, 2883, 2887, 2891, 2895, 2899, 2903, 2907, 2911, 2915, 2919, 2923, 2927, 2931, 2935, 2939,
 149:Core/Src/main.c **** 				2943, 2947, 2951, 2955, 2959, 2963, 2967, 2971, 2975, 2979, 2983, 2987, 2991, 2995, 2999, 3003,
 150:Core/Src/main.c **** 				3007, 3011, 3015, 3019, 3023, 3027, 3031, 3035, 3039, 3043, 3047, 3051, 3055, 3059, 3063, 3067,
 151:Core/Src/main.c **** 				3071, 3075, 3079, 3083, 3087, 3091, 3095, 3099, 3103, 3107, 3111, 3115, 3119, 3123, 3127, 3131,
 152:Core/Src/main.c **** 				3135, 3139, 3143, 3147, 3151, 3155, 3159, 3163, 3167, 3171, 3175, 3179, 3183, 3187, 3191, 3195,
 153:Core/Src/main.c **** 				3199, 3203, 3207, 3211, 3215, 3219, 3223, 3227, 3231, 3235, 3239, 3243, 3247, 3251, 3255, 3259,
 154:Core/Src/main.c **** 				3263, 3267, 3271, 3275, 3279, 3283, 3287, 3291, 3295, 3299, 3303, 3307, 3311, 3315, 3319, 3323,
 155:Core/Src/main.c **** 				3327, 3331, 3335, 3339, 3343, 3347, 3351, 3355, 3359, 3363, 3367, 3371, 3375, 3379, 3383, 3387,
 156:Core/Src/main.c **** 				3391, 3395, 3399, 3403, 3407, 3411, 3415, 3419, 3423, 3427, 3431, 3435, 3439, 3443, 3447, 3451,
 157:Core/Src/main.c **** 				3455, 3459, 3463, 3467, 3471, 3475, 3479, 3483, 3487, 3491, 3495, 3499, 3503, 3507, 3511, 3515,
 158:Core/Src/main.c **** 				3519, 3523, 3527, 3531, 3535, 3539, 3543, 3547, 3551, 3555, 3559, 3563, 3567, 3571, 3575, 3579,
 159:Core/Src/main.c **** 				3583, 3587, 3591, 3595, 3599, 3603, 3607, 3611, 3615, 3619, 3623, 3627, 3631, 3635, 3639, 3643,
 160:Core/Src/main.c **** 				3647, 3651, 3655, 3659, 3663, 3667, 3671, 3675, 3679, 3683, 3687, 3691, 3695, 3699, 3703, 3707,
 161:Core/Src/main.c **** 				3711, 3715, 3719, 3723, 3727, 3731, 3735, 3739, 3743, 3747, 3751, 3755, 3759, 3763, 3767, 3771,
 162:Core/Src/main.c **** 				3775, 3779, 3783, 3787, 3791, 3795, 3799, 3803, 3807, 3811, 3815, 3819, 3823, 3827, 3831, 3835,
 163:Core/Src/main.c **** 				3839, 3843, 3847, 3851, 3855, 3859, 3863, 3867, 3871, 3875, 3879, 3883, 3887, 3891, 3895, 3899,
 164:Core/Src/main.c **** 				3903, 3907, 3911, 3915, 3919, 3923, 3927, 3931, 3935, 3939, 3943, 3947, 3951, 3955, 3959, 3963,
 165:Core/Src/main.c **** 				3967, 3971, 3975, 3979, 3983, 3987, 3991, 3995, 3999, 4003, 4007, 4011, 4015, 4019, 4023, 4027,
 166:Core/Src/main.c **** 				4031, 4035, 4039, 4043, 4047, 4051, 4055, 4059, 4063, 4067, 4071, 4075, 4079, 4083, 4087, 4091
 167:Core/Src/main.c **** };
 168:Core/Src/main.c **** 
 169:Core/Src/main.c **** static const uint16_t Saw_LUT[NS] = {
 170:Core/Src/main.c **** 		0, 7, 15, 23, 31, 39, 47, 55, 63, 71, 79, 87, 95, 103, 111, 119,
 171:Core/Src/main.c **** 				127, 135, 143, 151, 159, 167, 175, 183, 191, 199, 207, 215, 223, 231, 239, 247,
 172:Core/Src/main.c **** 				255, 263, 271, 279, 287, 295, 303, 311, 319, 327, 335, 343, 351, 359, 367, 375,
 173:Core/Src/main.c **** 				383, 391, 399, 407, 415, 423, 431, 439, 447, 455, 463, 471, 479, 487, 495, 503,
 174:Core/Src/main.c **** 				511, 519, 527, 535, 543, 551, 559, 567, 575, 583, 591, 599, 607, 615, 623, 631,
 175:Core/Src/main.c **** 				639, 647, 655, 663, 671, 679, 687, 695, 703, 711, 719, 727, 735, 743, 751, 759,
 176:Core/Src/main.c **** 				767, 775, 783, 791, 799, 807, 815, 823, 831, 839, 847, 855, 863, 871, 879, 887,
 177:Core/Src/main.c **** 				895, 903, 911, 919, 927, 935, 943, 951, 959, 967, 975, 983, 991, 999, 1007, 1015,
 178:Core/Src/main.c **** 				1023, 1031, 1039, 1047, 1055, 1063, 1071, 1079, 1087, 1095, 1103, 1111, 1119, 1127, 1135, 1143,
 179:Core/Src/main.c **** 				1151, 1159, 1167, 1175, 1183, 1191, 1199, 1207, 1215, 1223, 1231, 1239, 1247, 1255, 1263, 1271,
 180:Core/Src/main.c **** 				1279, 1287, 1295, 1303, 1311, 1319, 1327, 1335, 1343, 1351, 1359, 1367, 1375, 1383, 1391, 1399,
 181:Core/Src/main.c **** 				1407, 1415, 1423, 1431, 1439, 1447, 1455, 1463, 1471, 1479, 1487, 1495, 1503, 1511, 1519, 1527,
 182:Core/Src/main.c **** 				1535, 1543, 1551, 1559, 1567, 1575, 1583, 1591, 1599, 1607, 1615, 1623, 1631, 1639, 1647, 1655,
 183:Core/Src/main.c **** 				1663, 1671, 1679, 1687, 1695, 1703, 1711, 1719, 1727, 1735, 1743, 1751, 1759, 1767, 1775, 1783,
 184:Core/Src/main.c **** 				1791, 1799, 1807, 1815, 1823, 1831, 1839, 1847, 1855, 1863, 1871, 1879, 1887, 1895, 1903, 1911,
 185:Core/Src/main.c **** 				1919, 1927, 1935, 1943, 1951, 1959, 1967, 1975, 1983, 1991, 1999, 2007, 2015, 2023, 2031, 2039,
 186:Core/Src/main.c **** 				2047, 2055, 2063, 2071, 2079, 2087, 2095, 2103, 2111, 2119, 2127, 2135, 2143, 2151, 2159, 2167,
 187:Core/Src/main.c **** 				2175, 2183, 2191, 2199, 2207, 2215, 2223, 2231, 2239, 2247, 2255, 2263, 2271, 2279, 2287, 2295,
 188:Core/Src/main.c **** 				2303, 2311, 2319, 2327, 2335, 2343, 2351, 2359, 2367, 2375, 2383, 2391, 2399, 2407, 2415, 2423,
 189:Core/Src/main.c **** 				2431, 2439, 2447, 2455, 2463, 2471, 2479, 2487, 2495, 2503, 2511, 2519, 2527, 2535, 2543, 2551,
 190:Core/Src/main.c **** 				2559, 2567, 2575, 2583, 2591, 2599, 2607, 2615, 2623, 2631, 2639, 2647, 2655, 2663, 2671, 2679,
 191:Core/Src/main.c **** 				2687, 2695, 2703, 2711, 2719, 2727, 2735, 2743, 2751, 2759, 2767, 2775, 2783, 2791, 2799, 2807,
 192:Core/Src/main.c **** 				2815, 2823, 2831, 2839, 2847, 2855, 2863, 2871, 2879, 2887, 2895, 2903, 2911, 2919, 2927, 2935,
 193:Core/Src/main.c **** 				2943, 2951, 2959, 2967, 2975, 2983, 2991, 2999, 3007, 3015, 3023, 3031, 3039, 3047, 3055, 3063,
 194:Core/Src/main.c **** 				3071, 3079, 3087, 3095, 3103, 3111, 3119, 3127, 3135, 3143, 3151, 3159, 3167, 3175, 3183, 3191,
 195:Core/Src/main.c **** 				3199, 3207, 3215, 3223, 3231, 3239, 3247, 3255, 3263, 3271, 3279, 3287, 3295, 3303, 3311, 3319,
 196:Core/Src/main.c **** 				3327, 3335, 3343, 3351, 3359, 3367, 3375, 3383, 3391, 3399, 3407, 3415, 3423, 3431, 3439, 3447,
 197:Core/Src/main.c **** 				3455, 3463, 3471, 3479, 3487, 3495, 3503, 3511, 3519, 3527, 3535, 3543, 3551, 3559, 3567, 3575,
 198:Core/Src/main.c **** 				3583, 3591, 3599, 3607, 3615, 3623, 3631, 3639, 3647, 3655, 3663, 3671, 3679, 3687, 3695, 3703,
 199:Core/Src/main.c **** 				3711, 3719, 3727, 3735, 3743, 3751, 3759, 3767, 3775, 3783, 3791, 3799, 3807, 3815, 3823, 3831,
 200:Core/Src/main.c **** 				3839, 3847, 3855, 3863, 3871, 3879, 3887, 3895, 3903, 3911, 3919, 3927, 3935, 3943, 3951, 3959,
ARM GAS  /var/folders/d6/h50ndp_j7xj_7552gzkj6_s40000gn/T//ccVJeyYC.s 			page 5


 201:Core/Src/main.c **** 				3967, 3975, 3983, 3991, 3999, 4007, 4015, 4023, 4031, 4039, 4047, 4055, 4063, 4071, 4079, 4087,
 202:Core/Src/main.c **** 				4095, 4087, 4079, 4071, 4063, 4055, 4047, 4039, 4031, 4023, 4015, 4007, 3999, 3991, 3983, 3975,
 203:Core/Src/main.c **** 				3967, 3959, 3951, 3943, 3935, 3927, 3919, 3911, 3903, 3895, 3887, 3879, 3871, 3863, 3855, 3847,
 204:Core/Src/main.c **** 				3839, 3831, 3823, 3815, 3807, 3799, 3791, 3783, 3775, 3767, 3759, 3751, 3743, 3735, 3727, 3719,
 205:Core/Src/main.c **** 				3711, 3703, 3695, 3687, 3679, 3671, 3663, 3655, 3647, 3639, 3631, 3623, 3615, 3607, 3599, 3591,
 206:Core/Src/main.c **** 				3583, 3575, 3567, 3559, 3551, 3543, 3535, 3527, 3519, 3511, 3503, 3495, 3487, 3479, 3471, 3463,
 207:Core/Src/main.c **** 				3455, 3447, 3439, 3431, 3423, 3415, 3407, 3399, 3391, 3383, 3375, 3367, 3359, 3351, 3343, 3335,
 208:Core/Src/main.c **** 				3327, 3319, 3311, 3303, 3295, 3287, 3279, 3271, 3263, 3255, 3247, 3239, 3231, 3223, 3215, 3207,
 209:Core/Src/main.c **** 				3199, 3191, 3183, 3175, 3167, 3159, 3151, 3143, 3135, 3127, 3119, 3111, 3103, 3095, 3087, 3079,
 210:Core/Src/main.c **** 				3071, 3063, 3055, 3047, 3039, 3031, 3023, 3015, 3007, 2999, 2991, 2983, 2975, 2967, 2959, 2951,
 211:Core/Src/main.c **** 				2943, 2935, 2927, 2919, 2911, 2903, 2895, 2887, 2879, 2871, 2863, 2855, 2847, 2839, 2831, 2823,
 212:Core/Src/main.c **** 				2815, 2807, 2799, 2791, 2783, 2775, 2767, 2759, 2751, 2743, 2735, 2727, 2719, 2711, 2703, 2695,
 213:Core/Src/main.c **** 				2687, 2679, 2671, 2663, 2655, 2647, 2639, 2631, 2623, 2615, 2607, 2599, 2591, 2583, 2575, 2567,
 214:Core/Src/main.c **** 				2559, 2551, 2543, 2535, 2527, 2519, 2511, 2503, 2495, 2487, 2479, 2471, 2463, 2455, 2447, 2439,
 215:Core/Src/main.c **** 				2431, 2423, 2415, 2407, 2399, 2391, 2383, 2375, 2367, 2359, 2351, 2343, 2335, 2327, 2319, 2311,
 216:Core/Src/main.c **** 				2303, 2295, 2287, 2279, 2271, 2263, 2255, 2247, 2239, 2231, 2223, 2215, 2207, 2199, 2191, 2183,
 217:Core/Src/main.c **** 				2175, 2167, 2159, 2151, 2143, 2135, 2127, 2119, 2111, 2103, 2095, 2087, 2079, 2071, 2063, 2055,
 218:Core/Src/main.c **** 				2047, 2039, 2031, 2023, 2015, 2007, 1999, 1991, 1983, 1975, 1967, 1959, 1951, 1943, 1935, 1927,
 219:Core/Src/main.c **** 				1919, 1911, 1903, 1895, 1887, 1879, 1871, 1863, 1855, 1847, 1839, 1831, 1823, 1815, 1807, 1799,
 220:Core/Src/main.c **** 				1791, 1783, 1775, 1767, 1759, 1751, 1743, 1735, 1727, 1719, 1711, 1703, 1695, 1687, 1679, 1671,
 221:Core/Src/main.c **** 				1663, 1655, 1647, 1639, 1631, 1623, 1615, 1607, 1599, 1591, 1583, 1575, 1567, 1559, 1551, 1543,
 222:Core/Src/main.c **** 				1535, 1527, 1519, 1511, 1503, 1495, 1487, 1479, 1471, 1463, 1455, 1447, 1439, 1431, 1423, 1415,
 223:Core/Src/main.c **** 				1407, 1399, 1391, 1383, 1375, 1367, 1359, 1351, 1343, 1335, 1327, 1319, 1311, 1303, 1295, 1287,
 224:Core/Src/main.c **** 				1279, 1271, 1263, 1255, 1247, 1239, 1231, 1223, 1215, 1207, 1199, 1191, 1183, 1175, 1167, 1159,
 225:Core/Src/main.c **** 				1151, 1143, 1135, 1127, 1119, 1111, 1103, 1095, 1087, 1079, 1071, 1063, 1055, 1047, 1039, 1031,
 226:Core/Src/main.c **** 				1023, 1015, 1007, 999, 991, 983, 975, 967, 959, 951, 943, 935, 927, 919, 911, 903,
 227:Core/Src/main.c **** 				895, 887, 879, 871, 863, 855, 847, 839, 831, 823, 815, 807, 799, 791, 783, 775,
 228:Core/Src/main.c **** 				767, 759, 751, 743, 735, 727, 719, 711, 703, 695, 687, 679, 671, 663, 655, 647,
 229:Core/Src/main.c **** 				639, 631, 623, 615, 607, 599, 591, 583, 575, 567, 559, 551, 543, 535, 527, 519,
 230:Core/Src/main.c **** 				511, 503, 495, 487, 479, 471, 463, 455, 447, 439, 431, 423, 415, 407, 399, 391,
 231:Core/Src/main.c **** 				383, 375, 367, 359, 351, 343, 335, 327, 319, 311, 303, 295, 287, 279, 271, 263,
 232:Core/Src/main.c **** 				255, 247, 239, 231, 223, 215, 207, 199, 191, 183, 175, 167, 159, 151, 143, 135,
 233:Core/Src/main.c **** 				127, 119, 111, 103, 95, 87, 79, 71, 63, 55, 47, 39, 31, 23, 15, 7
 234:Core/Src/main.c **** };
 235:Core/Src/main.c **** 
 236:Core/Src/main.c **** static const uint16_t Piano_LUT[NS] = {
 237:Core/Src/main.c **** 		2025, 2004, 1976, 1941, 1896, 1842, 1781, 1711, 1632, 1544, 1449, 1349, 1242, 1130, 1015, 897,
 238:Core/Src/main.c **** 		777, 657, 537, 429, 372, 349, 316, 292, 283, 273, 273, 280, 296, 317, 342, 378,
 239:Core/Src/main.c **** 		417, 460, 508, 566, 626, 687, 757, 826, 899, 975, 1054, 1131, 1203, 1284, 1375, 1460,
 240:Core/Src/main.c **** 		1534, 1621, 1743, 1852, 1884, 1891, 1938, 1980, 2039, 2108, 2127, 2150, 2187, 2223, 2251, 2275,
 241:Core/Src/main.c **** 		2359, 2451, 2493, 2533, 2548, 2509, 2485, 2512, 2505, 2408, 2310, 2280, 2255, 2137, 1991, 1887,
 242:Core/Src/main.c **** 		1790, 1788, 1830, 1791, 1776, 1828, 1908, 1925, 1882, 1876, 1868, 1874, 1872, 1800, 1682, 1594,
 243:Core/Src/main.c **** 		1573, 1500, 1349, 1221, 1187, 1191, 1162, 1178, 1208, 1223, 1255, 1291, 1384, 1507, 1592, 1662,
 244:Core/Src/main.c **** 		1714, 1756, 1804, 1846, 1886, 1911, 1921, 1918, 1922, 1975, 2036, 2060, 2058, 2062, 2118, 2235,
 245:Core/Src/main.c **** 		2371, 2469, 2546, 2576, 2560, 2559, 2537, 2510, 2506, 2510, 2515, 2508, 2500, 2483, 2487, 2510,
 246:Core/Src/main.c **** 		2545, 2616, 2690, 2748, 2776, 2803, 2797, 2746, 2736, 2734, 2686, 2617, 2553, 2486, 2402, 2298,
 247:Core/Src/main.c **** 		2190, 2104, 2044, 2020, 2012, 1991, 1954, 1918, 1892, 1873, 1874, 1879, 1861, 1819, 1757, 1681,
 248:Core/Src/main.c **** 		1595, 1500, 1397, 1330, 1288, 1253, 1245, 1252, 1284, 1332, 1394, 1455, 1501, 1547, 1586, 1644,
 249:Core/Src/main.c **** 		1723, 1798, 1827, 1802, 1760, 1697, 1639, 1596, 1574, 1573, 1555, 1538, 1556, 1616, 1711, 1827,
 250:Core/Src/main.c **** 		1947, 2057, 2175, 2301, 2412, 2484, 2536, 2592, 2637, 2674, 2703, 2730, 2749, 2734, 2694, 2673,
 251:Core/Src/main.c **** 		2667, 2654, 2650, 2656, 2675, 2702, 2736, 2766, 2766, 2761, 2756, 2753, 2734, 2686, 2606, 2514,
 252:Core/Src/main.c **** 		2448, 2380, 2296, 2219, 2162, 2121, 2081, 2054, 2026, 2001, 1975, 1939, 1904, 1863, 1828, 1799,
 253:Core/Src/main.c **** 		1766, 1725, 1680, 1631, 1567, 1519, 1477, 1434, 1409, 1411, 1432, 1455, 1477, 1506, 1549, 1589,
 254:Core/Src/main.c **** 		1621, 1659, 1706, 1756, 1792, 1820, 1844, 1861, 1877, 1894, 1921, 1950, 1993, 2044, 2109, 2196,
 255:Core/Src/main.c **** 		2289, 2394, 2516, 2645, 2751, 2847, 2948, 3030, 3090, 3120, 3138, 3138, 3109, 3073, 3036, 3006,
 256:Core/Src/main.c **** 		2974, 2947, 2923, 2913, 2922, 2931, 2947, 2975, 3012, 3042, 3064, 3083, 3089, 3090, 3075, 3036,
 257:Core/Src/main.c **** 		2984, 2935, 2886, 2828, 2759, 2693, 2639, 2571, 2497, 2441, 2396, 2347, 2292, 2241, 2191, 2144,
ARM GAS  /var/folders/d6/h50ndp_j7xj_7552gzkj6_s40000gn/T//ccVJeyYC.s 			page 6


 258:Core/Src/main.c **** 		2092, 2034, 1971, 1900, 1843, 1790, 1740, 1694, 1651, 1622, 1603, 1603, 1611, 1627, 1649, 1676,
 259:Core/Src/main.c **** 		1717, 1756, 1791, 1823, 1854, 1880, 1903, 1942, 1987, 2028, 2066, 2116, 2177, 2232, 2300, 2382,
 260:Core/Src/main.c **** 		2468, 2566, 2674, 2786, 2903, 3009, 3090, 3167, 3249, 3331, 3413, 3486, 3543, 3588, 3620, 3646,
 261:Core/Src/main.c **** 		3681, 3722, 3768, 3825, 3893, 3958, 4002, 4033, 4059, 4084, 4095, 4077, 4054, 4026, 3990, 3942,
 262:Core/Src/main.c **** 		3879, 3801, 3702, 3588, 3466, 3355, 3246, 3125, 3000, 2872, 2756, 2652, 2553, 2459, 2363, 2281,
 263:Core/Src/main.c **** 		2204, 2124, 2045, 1967, 1875, 1769, 1672, 1575, 1479, 1384, 1283, 1186, 1096, 1009, 923, 843,
 264:Core/Src/main.c **** 		768, 696, 639, 594, 548, 501, 460, 426, 398, 370, 348, 334, 322, 313, 308, 314,
 265:Core/Src/main.c **** 		329, 342, 352, 373, 417, 477, 550, 620, 681, 741, 797, 855, 911, 971, 1037, 1105,
 266:Core/Src/main.c **** 		1178, 1251, 1321, 1382, 1446, 1520, 1599, 1679, 1755, 1834, 1904, 1959, 2017, 2075, 2120, 2152,
 267:Core/Src/main.c **** 		2186, 2224, 2250, 2264, 2276, 2286, 2293, 2294, 2294, 2302, 2315, 2319, 2314, 2306, 2299, 2292,
 268:Core/Src/main.c **** 		2279, 2259, 2231, 2194, 2157, 2115, 2063, 2000, 1929, 1860, 1796, 1735, 1676, 1619, 1564, 1516,
 269:Core/Src/main.c **** 		1476, 1437, 1399, 1366, 1346, 1339, 1332, 1327, 1325, 1322, 1319, 1319, 1330, 1351, 1372, 1393,
 270:Core/Src/main.c **** 		1419, 1448, 1474, 1496, 1520, 1547, 1581, 1623, 1666, 1711, 1754, 1793, 1830, 1868, 1901, 1930,
 271:Core/Src/main.c **** 		1962, 1997, 2035, 2077, 2122, 2171, 2216, 2254, 2287, 2313, 2336, 2361, 2390, 2419, 2449, 2475,
 272:Core/Src/main.c **** 		2493, 2502, 2506, 2511, 2516, 2519, 2515, 2507, 2499, 2485, 2464, 2441, 2420, 2395, 2368, 2345,
 273:Core/Src/main.c **** 		2320, 2289, 2251, 2212, 2174, 2137, 2100, 2064, 2028, 1988, 1948, 1908, 1863, 1818, 1776, 1741,
 274:Core/Src/main.c **** 		1712, 1684, 1657, 1632, 1610, 1588, 1565, 1549, 1540, 1531, 1517, 1501, 1487, 1479, 1478, 1476,
 275:Core/Src/main.c **** 		1470, 1462, 1462, 1470, 1485, 1500, 1515, 1530, 1548, 1573, 1606, 1645, 1692, 1746, 1806, 1870,
 276:Core/Src/main.c **** 		1934, 1993, 2050, 2108, 2166, 2225, 2285, 2345, 2403, 2460, 2513, 2562, 2605, 2646, 2683, 2719,
 277:Core/Src/main.c **** 		2752, 2784, 2812, 2833, 2846, 2855, 2861, 2861, 2856, 2847, 2834, 2817, 2798, 2776, 2751, 2722,
 278:Core/Src/main.c **** 		2687, 2649, 2610, 2569, 2526, 2486, 2448, 2407, 2359, 2307, 2252, 2198, 2145, 2093, 2040, 1988,
 279:Core/Src/main.c **** 		1939, 1891, 1845, 1798, 1756, 1719, 1684, 1649, 1613, 1582, 1556, 1536, 1519, 1508, 1504, 1507,
 280:Core/Src/main.c **** 		1514, 1524, 1536, 1548, 1565, 1588, 1615, 1646, 1679, 1715, 1754, 1795, 1835, 1874, 1914, 1957,
 281:Core/Src/main.c **** 		2005, 2057, 2109, 2158, 2206, 2251, 2294, 2333, 2370, 2408, 2448, 2490, 2534, 2577, 2618, 2656,
 282:Core/Src/main.c **** 		2690, 2724, 2757, 2789, 2817, 2845, 2872, 2897, 2918, 2933, 2942, 2948, 2951, 2955, 2957, 2954,
 283:Core/Src/main.c **** 		2945, 2927, 2904, 2878, 2850, 2815, 2774, 2731, 2690, 2651, 2612, 2569, 2521, 2471, 2418, 2364,
 284:Core/Src/main.c **** 		2310, 2256, 2202, 2147, 2091, 2037, 1989, 1947, 1908, 1871, 1836, 1804, 1774, 1743, 1714, 1689,
 285:Core/Src/main.c **** 		1673, 1665, 1665, 1669, 1677, 1689, 1707, 1731, 1759, 1791, 1828, 1872, 1921, 1976, 2034, 2094,
 286:Core/Src/main.c **** 		2154, 2214, 2276, 2343, 2416, 2492, 2570, 2649, 2728, 2806, 2883, 2961, 3040, 3119, 3197, 3273,
 287:Core/Src/main.c **** 		3348, 3421, 3490, 3554, 3611, 3661, 3704, 3741, 3776, 3809, 3840, 3865, 3883, 3891, 3891, 3884,
 288:Core/Src/main.c **** 		3871, 3851, 3825, 3794, 3757, 3717, 3673, 3625, 3573, 3518, 3458, 3393, 3323, 3247, 3167, 3086,
 289:Core/Src/main.c **** 		3002, 2917, 2829, 2740, 2648, 2555, 2459, 2360, 2262, 2164, 2066, 1968, 1871, 1777, 1686, 1594,
 290:Core/Src/main.c **** 		1502, 1411, 1325, 1244, 1168, 1096, 1026, 961, 901, 844, 788, 735, 686, 644, 609, 582,
 291:Core/Src/main.c **** 		562, 548, 538, 532, 529, 531, 537, 546, 560, 580, 607, 641, 679, 719, 760, 803,
 292:Core/Src/main.c **** 		846, 893, 945, 1000, 1058, 1117, 1175, 1234, 1292, 1350, 1407, 1465, 1522, 1579, 1631, 1678,
 293:Core/Src/main.c **** 		1722, 1763, 1802, 1836, 1867, 1892, 1914, 1933, 1950, 1965, 1978, 1990, 1998, 2001, 2000, 1994,
 294:Core/Src/main.c **** 		1985, 1971, 1952, 1930, 1907, 1884, 1861, 1837, 1811, 1781, 1749, 1715, 1678, 1642, 1607, 1576,
 295:Core/Src/main.c **** 		1546, 1519, 1492, 1468, 1445, 1424, 1403, 1384, 1369, 1358, 1353, 1352, 1355, 1358, 1363, 1368,
 296:Core/Src/main.c **** 		1374, 1382, 1393, 1407, 1425, 1445, 1469, 1493, 1519, 1545, 1573, 1604, 1639, 1677, 1716, 1757,
 297:Core/Src/main.c **** 		1798, 1839, 1879, 1920, 1960, 1999, 2038, 2078, 2119, 2161, 2202, 2240, 2275, 2307, 2337, 2366,
 298:Core/Src/main.c **** 		2392, 2416, 2437, 2458, 2477, 2494, 2506, 2515, 2519, 2521, 2518, 2511, 2501, 2488, 2472, 2454,
 299:Core/Src/main.c **** 		2433, 2411, 2386, 2360, 2329, 2295, 2258, 2219, 2178, 2137, 2097, 2057, 2016, 1975, 1930, 1883,
 300:Core/Src/main.c **** 		1836, 1790, 1745, 1702, 1662, 1624, 1590, 1557, 1525, 1494, 1464, 1435, 1410, 1389, 1374, 1363
 301:Core/Src/main.c **** };
 302:Core/Src/main.c **** 
 303:Core/Src/main.c **** static const uint16_t Guitar_LUT[NS] = {
 304:Core/Src/main.c **** 		1967, 1947, 1944, 1955, 1969, 1971, 1967, 1971, 1992, 2021, 2043, 2048, 2047, 2047, 2044, 2039,
 305:Core/Src/main.c **** 		2039, 2053, 2076, 2085, 2073, 2074, 2111, 2154, 2167, 2149, 2134, 2139, 2126, 2065, 1998, 1966,
 306:Core/Src/main.c **** 		1950, 1918, 1868, 1833, 1844, 1881, 1885, 1854, 1851, 1911, 1991, 2033, 2034, 2029, 2028, 2018,
 307:Core/Src/main.c **** 		1993, 1969, 1979, 2029, 2076, 2081, 2068, 2086, 2149, 2221, 2266, 2284, 2292, 2287, 2254, 2199,
 308:Core/Src/main.c **** 		2147, 2112, 2077, 2021, 1965, 1954, 1983, 1996, 1957, 1899, 1890, 1939, 1986, 1979, 1945, 1949,
 309:Core/Src/main.c **** 		1988, 2000, 1968, 1957, 2012, 2090, 2129, 2120, 2107, 2131, 2193, 2261, 2292, 2279, 2253, 2231,
 310:Core/Src/main.c **** 		2206, 2171, 2139, 2110, 2070, 2021, 1977, 1953, 1954, 1969, 1973, 1968, 1986, 2028, 2061, 2062,
 311:Core/Src/main.c **** 		2046, 2035, 2023, 2002, 1990, 1992, 1990, 1988, 1999, 2012, 2023, 2039, 2072, 2118, 2143, 2127,
 312:Core/Src/main.c **** 		2097, 2083, 2088, 2097, 2085, 2056, 2039, 2041, 2045, 2040, 2030, 2038, 2066, 2092, 2113, 2135,
 313:Core/Src/main.c **** 		2144, 2147, 2150, 2128, 2084, 2053, 2043, 2039, 2012, 1951, 1899, 1895, 1918, 1945, 1977, 2009,
 314:Core/Src/main.c **** 		2026, 2014, 1988, 1998, 2052, 2099, 2109, 2094, 2071, 2051, 2050, 2065, 2091, 2119, 2143, 2167,
ARM GAS  /var/folders/d6/h50ndp_j7xj_7552gzkj6_s40000gn/T//ccVJeyYC.s 			page 7


 315:Core/Src/main.c **** 		2193, 2208, 2193, 2159, 2139, 2143, 2144, 2126, 2080, 2000, 1917, 1881, 1897, 1923, 1944, 1971,
 316:Core/Src/main.c **** 		1989, 1979, 1963, 1983, 2030, 2076, 2108, 2119, 2108, 2101, 2115, 2125, 2108, 2087, 2079, 2074,
 317:Core/Src/main.c **** 		2090, 2150, 2222, 2252, 2228, 2182, 2151, 2149, 2158, 2168, 2168, 2132, 2047, 1949, 1897, 1923,
 318:Core/Src/main.c **** 		1994, 2016, 1934, 1818, 1794, 1872, 1941, 1929, 1891, 1899, 1940, 1958, 1938, 1928, 1970, 2041,
 319:Core/Src/main.c **** 		2079, 2083, 2103, 2157, 2213, 2236, 2214, 2178, 2189, 2256, 2314, 2304, 2236, 2156, 2089, 2044,
 320:Core/Src/main.c **** 		2022, 2019, 2014, 1987, 1928, 1846, 1790, 1800, 1847, 1878, 1872, 1850, 1844, 1880, 1944, 1989,
 321:Core/Src/main.c **** 		1992, 1978, 1987, 2026, 2071, 2102, 2114, 2112, 2103, 2089, 2104, 2175, 2240, 2211, 2105, 2016,
 322:Core/Src/main.c **** 		1989, 1997, 2012, 2039, 2070, 2064, 1999, 1927, 1908, 1944, 1989, 1993, 1960, 1952, 2003, 2059,
 323:Core/Src/main.c **** 		2047, 1979, 1948, 2006, 2096, 2140, 2115, 2061, 2028, 2026, 2029, 2035, 2079, 2166, 2229, 2210,
 324:Core/Src/main.c **** 		2136, 2076, 2055, 2065, 2090, 2119, 2131, 2103, 2038, 1987, 1990, 2014, 2000, 1955, 1960, 2048,
 325:Core/Src/main.c **** 		2122, 2071, 1959, 1937, 2030, 2130, 2163, 2149, 2138, 2128, 2064, 1957, 1920, 2012, 2120, 2115,
 326:Core/Src/main.c **** 		2015, 1930, 1927, 1968, 1976, 1960, 1996, 2096, 2167, 2136, 2045, 1999, 2044, 2109, 2102, 2051,
 327:Core/Src/main.c **** 		2056, 2124, 2156, 2097, 2024, 2031, 2120, 2209, 2220, 2159, 2110, 2131, 2173, 2167, 2125, 2092,
 328:Core/Src/main.c **** 		2060, 2007, 1945, 1898, 1873, 1867, 1881, 1915, 1958, 2000, 2026, 2040, 2077, 2157, 2213, 2172,
 329:Core/Src/main.c **** 		2108, 2159, 2294, 2335, 2216, 2080, 2093, 2226, 2294, 2226, 2154, 2188, 2234, 2163, 2035, 2012,
 330:Core/Src/main.c **** 		2113, 2196, 2161, 2073, 2028, 2000, 1926, 1834, 1792, 1816, 1876, 1923, 1922, 1891, 1898, 1985,
 331:Core/Src/main.c **** 		2104, 2162, 2146, 2143, 2201, 2253, 2229, 2170, 2165, 2216, 2269, 2294, 2279, 2233, 2208, 2243,
 332:Core/Src/main.c **** 		2293, 2285, 2212, 2154, 2199, 2301, 2272, 2043, 1847, 1955, 2237, 2289, 2024, 1813, 1933, 2181,
 333:Core/Src/main.c **** 		2207, 2026, 1979, 2203, 2412, 2320, 2059, 1971, 2131, 2273, 2195, 2034, 2011, 2096, 2135, 2078,
 334:Core/Src/main.c **** 		1970, 1870, 1825, 1838, 1875, 1880, 1807, 1689, 1623, 1645, 1678, 1625, 1531, 1536, 1604, 1548,
 335:Core/Src/main.c **** 		1380, 1324, 1462, 1637, 1679, 1578, 1445, 1400, 1471, 1564, 1565, 1495, 1480, 1565, 1663, 1670,
 336:Core/Src/main.c **** 		1555, 1408, 1393, 1527, 1602, 1458, 1241, 1214, 1366, 1430, 1307, 1201, 1283, 1446, 1482, 1355,
 337:Core/Src/main.c **** 		1240, 1298, 1460, 1533, 1484, 1455, 1530, 1618, 1616, 1582, 1635, 1741, 1777, 1735, 1723, 1820,
 338:Core/Src/main.c **** 		1965, 2027, 1986, 1958, 2012, 2096, 2148, 2171, 2203, 2244, 2250, 2229, 2241, 2295, 2338, 2353,
 339:Core/Src/main.c **** 		2366, 2375, 2338, 2258, 2213, 2276, 2412, 2502, 2482, 2403, 2346, 2339, 2361, 2355, 2309, 2298,
 340:Core/Src/main.c **** 		2385, 2502, 2532, 2465, 2411, 2463, 2594, 2710, 2752, 2744, 2763, 2818, 2837, 2797, 2762, 2758,
 341:Core/Src/main.c **** 		2762, 2799, 2875, 2895, 2802, 2704, 2728, 2825, 2846, 2773, 2735, 2798, 2845, 2747, 2568, 2495,
 342:Core/Src/main.c **** 		2584, 2658, 2552, 2383, 2371, 2465, 2440, 2290, 2251, 2424, 2591, 2533, 2358, 2322, 2447, 2536,
 343:Core/Src/main.c **** 		2485, 2421, 2493, 2638, 2687, 2629, 2583, 2583, 2572, 2566, 2622, 2679, 2622, 2485, 2405, 2424,
 344:Core/Src/main.c **** 		2462, 2445, 2390, 2384, 2451, 2485, 2410, 2318, 2325, 2410, 2480, 2496, 2486, 2499, 2561, 2634,
 345:Core/Src/main.c **** 		2646, 2586, 2543, 2581, 2654, 2685, 2684, 2703, 2744, 2757, 2725, 2687, 2674, 2669, 2655, 2637,
 346:Core/Src/main.c **** 		2623, 2602, 2572, 2579, 2665, 2754, 2733, 2641, 2624, 2704, 2741, 2665, 2618, 2731, 2889, 2872,
 347:Core/Src/main.c **** 		2668, 2495, 2519, 2644, 2664, 2552, 2473, 2524, 2604, 2577, 2456, 2354, 2338, 2376, 2387, 2313,
 348:Core/Src/main.c **** 		2196, 2126, 2116, 2108, 2057, 1955, 1865, 1866, 1935, 1946, 1844, 1730, 1716, 1761, 1750, 1652,
 349:Core/Src/main.c **** 		1538, 1483, 1475, 1403, 1225, 1070, 1068, 1162, 1178, 1055, 918, 881, 893, 865, 801, 720,
 350:Core/Src/main.c **** 		632, 588, 601, 574, 453, 333, 333, 448, 547, 509, 391, 373, 489, 562, 473, 349,
 351:Core/Src/main.c **** 		369, 490, 512, 370, 203, 133, 134, 111, 58, 50, 119, 201, 236, 249, 289, 331,
 352:Core/Src/main.c **** 		321, 279, 272, 318, 382, 427, 454, 480, 504, 524, 556, 615, 694, 765, 797, 812,
 353:Core/Src/main.c **** 		849, 894, 920, 952, 1014, 1078, 1113, 1128, 1150, 1191, 1254, 1336, 1395, 1384, 1336, 1341,
 354:Core/Src/main.c **** 		1408, 1456, 1434, 1383, 1389, 1471, 1532, 1487, 1412, 1439, 1558, 1670, 1742, 1808, 1892, 1984,
 355:Core/Src/main.c **** 		2062, 2117, 2151, 2175, 2229, 2345, 2473, 2516, 2438, 2339, 2349, 2444, 2488, 2452, 2449, 2539,
 356:Core/Src/main.c **** 		2610, 2537, 2396, 2383, 2515, 2604, 2541, 2451, 2497, 2615, 2625, 2524, 2505, 2657, 2826, 2825,
 357:Core/Src/main.c **** 		2696, 2636, 2709, 2797, 2819, 2818, 2836, 2847, 2817, 2750, 2684, 2646, 2636, 2680, 2795, 2913,
 358:Core/Src/main.c **** 		2924, 2840, 2797, 2866, 2964, 2987, 2956, 2961, 3035, 3114, 3109, 3026, 2993, 3085, 3206, 3231,
 359:Core/Src/main.c **** 		3181, 3166, 3226, 3292, 3290, 3244, 3226, 3251, 3283, 3295, 3305, 3332, 3347, 3331, 3328, 3371,
 360:Core/Src/main.c **** 		3421, 3437, 3447, 3494, 3542, 3512, 3418, 3385, 3460, 3523, 3472, 3373, 3350, 3408, 3445, 3419,
 361:Core/Src/main.c **** 		3415, 3516, 3657, 3696, 3612, 3539, 3585, 3704, 3769, 3741, 3697, 3699, 3729, 3729, 3671, 3600,
 362:Core/Src/main.c **** 		3574, 3595, 3631, 3639, 3580, 3478, 3415, 3407, 3389, 3321, 3246, 3217, 3226, 3207, 3109, 2975,
 363:Core/Src/main.c **** 		2908, 2931, 2942, 2865, 2764, 2731, 2740, 2695, 2583, 2485, 2453, 2439, 2364, 2233, 2100, 1990,
 364:Core/Src/main.c **** 		1913, 1884, 1872, 1808, 1690, 1598, 1578, 1560, 1451, 1290, 1230, 1322, 1411, 1330, 1139, 1027,
 365:Core/Src/main.c **** 		1033, 1024, 925, 809, 773, 794, 760, 641, 530, 492, 486, 457, 418, 401, 381, 321,
 366:Core/Src/main.c **** 		241, 186, 156, 122, 67, 14, 0, 23, 46, 54, 64, 89, 109, 119, 146, 206,
 367:Core/Src/main.c **** 		277, 331, 360, 382, 430, 493, 530, 530, 524, 545, 581, 583, 546, 527, 574, 670
 368:Core/Src/main.c **** };
 369:Core/Src/main.c **** 
 370:Core/Src/main.c **** static const uint16_t Drum_LUT[NS] = {
 371:Core/Src/main.c **** 		2025, 2052, 2039, 1844, 1744, 1930, 2077, 1951, 1694, 1546, 1677, 1909, 1918, 1825, 1881, 1939,
ARM GAS  /var/folders/d6/h50ndp_j7xj_7552gzkj6_s40000gn/T//ccVJeyYC.s 			page 8


 372:Core/Src/main.c **** 		1840, 1751, 1855, 2049, 2076, 1911, 1777, 1770, 1875, 2054, 2082, 1851, 1635, 1671, 1982, 2419,
 373:Core/Src/main.c **** 		2537, 2196, 1967, 2085, 2133, 2066, 2118, 2167, 2189, 2355, 2519, 2459, 2219, 1913, 1694, 1677,
 374:Core/Src/main.c **** 		1763, 1845, 1903, 1890, 1873, 1911, 1800, 1484, 1286, 1345, 1496, 1677, 1865, 1931, 1826, 1637,
 375:Core/Src/main.c **** 		1486, 1399, 1383, 1598, 1983, 2110, 1977, 2003, 2156, 2178, 2135, 2096, 2020, 1957, 1997, 2177,
 376:Core/Src/main.c **** 		2291, 2121, 1944, 2026, 2168, 2309, 2542, 2659, 2532, 2383, 2380, 2383, 2218, 2114, 2329, 2549,
 377:Core/Src/main.c **** 		2491, 2367, 2339, 2367, 2310, 1980, 1574, 1528, 1866, 2239, 2257, 2003, 1975, 2024, 1702, 1461,
 378:Core/Src/main.c **** 		1715, 2034, 2159, 2149, 1977, 1822, 1789, 1778, 1889, 2071, 2060, 2009, 2189, 2391, 2348, 2179,
 379:Core/Src/main.c **** 		2119, 2221, 2395, 2453, 2247, 2024, 2134, 2413, 2528, 2478, 2394, 2380, 2363, 2133, 1892, 1987,
 380:Core/Src/main.c **** 		2165, 2157, 2199, 2325, 2249, 1913, 1517, 1384, 1624, 1848, 1823, 1856, 2029, 2048, 1858, 1599,
 381:Core/Src/main.c **** 		1339, 1189, 1366, 1934, 2455, 2389, 1900, 1550, 1531, 1676, 1775, 1869, 2118, 2265, 2145, 2155,
 382:Core/Src/main.c **** 		2312, 2175, 1784, 1501, 1601, 2117, 2587, 2630, 2496, 2530, 2709, 2685, 2285, 1991, 2220, 2632,
 383:Core/Src/main.c **** 		2745, 2496, 2232, 2348, 2616, 2542, 2218, 1959, 1854, 1911, 2016, 2048, 2097, 2214, 2205, 1964,
 384:Core/Src/main.c **** 		1726, 1663, 1608, 1579, 1777, 2030, 2084, 1942, 1649, 1342, 1216, 1337, 1647, 1887, 1952, 2093,
 385:Core/Src/main.c **** 		2212, 2001, 1697, 1628, 1753, 1888, 1888, 1973, 2337, 2585, 2527, 2433, 2287, 2019, 1815, 1793,
 386:Core/Src/main.c **** 		2005, 2386, 2694, 2781, 2634, 2380, 2139, 1918, 1907, 2119, 2191, 2174, 2221, 2132, 2098, 2252,
 387:Core/Src/main.c **** 		2137, 1749, 1496, 1428, 1502, 1666, 1804, 1914, 1923, 1776, 1571, 1461, 1673, 2027, 2092, 2072,
 388:Core/Src/main.c **** 		2104, 1872, 1597, 1600, 1811, 2118, 2170, 1937, 1945, 2092, 2050, 2147, 2421, 2502, 2402, 2396,
 389:Core/Src/main.c **** 		2650, 2839, 2616, 2397, 2362, 2142, 2058, 2435, 2789, 2945, 3052, 2933, 2592, 2266, 2104, 2093,
 390:Core/Src/main.c **** 		2031, 1994, 2296, 2759, 2927, 2788, 2655, 2568, 2376, 2148, 2095, 2264, 2473, 2580, 2515, 2259,
 391:Core/Src/main.c **** 		2034, 1988, 1893, 1552, 1225, 1304, 1689, 1995, 2013, 1776, 1556, 1536, 1660, 1769, 1685, 1566,
 392:Core/Src/main.c **** 		1747, 1979, 1837, 1631, 1756, 1975, 1973, 1763, 1611, 1701, 1735, 1512, 1357, 1468, 1662, 1726,
 393:Core/Src/main.c **** 		1647, 1625, 1713, 1655, 1414, 1250, 1180, 1047, 900, 762, 605, 669, 957, 1106, 1111, 1140,
 394:Core/Src/main.c **** 		1153, 1197, 1249, 1161, 1105, 1280, 1409, 1295, 1091, 995, 1162, 1366, 1389, 1453, 1546, 1578,
 395:Core/Src/main.c **** 		1709, 1845, 1835, 1873, 2066, 2285, 2547, 2645, 2279, 1857, 1772, 1950, 2411, 2906, 3015, 2801,
 396:Core/Src/main.c **** 		2603, 2582, 2606, 2522, 2491, 2753, 3077, 3105, 2932, 2721, 2454, 2115, 1828, 1885, 2263, 2602,
 397:Core/Src/main.c **** 		2807, 3073, 3416, 3601, 3571, 3509, 3519, 3520, 3344, 3104, 3219, 3554, 3534, 3294, 3184, 3113,
 398:Core/Src/main.c **** 		3193, 3525, 3890, 4095, 4095, 4095, 4095, 4093, 4095, 4042, 3768, 3613, 3858, 4095, 4095, 4086,
 399:Core/Src/main.c **** 		4090, 4090, 4087, 4021, 3979, 4004, 4071, 4095, 4095, 4092, 4077, 4095, 3868, 3452, 3294, 3331,
 400:Core/Src/main.c **** 		3506, 3664, 3813, 4034, 4082, 4084, 3966, 3560, 3299, 3329, 3385, 3322, 3268, 3307, 3368, 3413,
 401:Core/Src/main.c **** 		3197, 2849, 2754, 2664, 2375, 2214, 2374, 2627, 2735, 2609, 2376, 2314, 2345, 2294, 2280, 2334,
 402:Core/Src/main.c **** 		2282, 2037, 1732, 1505, 1526, 1782, 1853, 1588, 1310, 1284, 1305, 1045, 706, 633, 805, 957,
 403:Core/Src/main.c **** 		906, 653, 436, 614, 956, 1030, 997, 1036, 1028, 889, 632, 393, 436, 560, 310, 13,
 404:Core/Src/main.c **** 		3, 26, 0, 0, 0, 1, 19, 18, 68, 275, 255, 43, 21, 28, 38, 41,
 405:Core/Src/main.c **** 		17, 47, 17, 16, 18, 1, 62, 29, 0, 28, 13, 15, 20, 2, 7, 0,
 406:Core/Src/main.c **** 		0, 4, 0, 0, 9, 4, 0, 0, 1, 0, 0, 0, 13, 44, 31, 0,
 407:Core/Src/main.c **** 		2, 18, 15, 0, 0, 0, 0, 10, 13, 0, 0, 8, 21, 9, 28, 65,
 408:Core/Src/main.c **** 		20, 8, 67, 85, 60, 89, 173, 227, 294, 330, 254, 175, 174, 234, 267, 229,
 409:Core/Src/main.c **** 		195, 277, 472, 598, 619, 630, 725, 988, 1189, 1146, 1066, 1132, 1318, 1493, 1563, 1560,
 410:Core/Src/main.c **** 		1654, 1958, 2327, 2535, 2487, 2347, 2393, 2635, 2909, 3099, 3151, 3166, 3219, 3243, 3315, 3448,
 411:Core/Src/main.c **** 		3478, 3510, 3638, 3698, 3716, 3763, 3761, 3803, 3986, 4081, 3935, 3742, 3735, 3923, 4041, 4021,
 412:Core/Src/main.c **** 		4052, 4093, 4095, 4079, 3978, 3972, 4069, 4086, 4070, 4086, 4095, 4095, 4095, 4090, 4083, 4095,
 413:Core/Src/main.c **** 		4095, 4095, 4095, 4095, 4095, 4095, 4088, 4077, 4095, 4095, 4095, 4095, 4016, 3904, 3939, 3973,
 414:Core/Src/main.c **** 		3949, 4024, 4095, 4093, 4094, 4095, 4086, 4095, 4084, 3965, 3915, 4025, 4088, 4079, 4093, 4095,
 415:Core/Src/main.c **** 		4095, 4095, 4095, 4095, 4091, 4095, 4095, 4095, 4067, 4051, 4092, 4095, 4081, 4095, 4095, 4077,
 416:Core/Src/main.c **** 		4072, 4095, 4008, 3789, 3664, 3657, 3713, 3772, 3707, 3605, 3580, 3542, 3485, 3493, 3464, 3272,
 417:Core/Src/main.c **** 		3054, 2901, 2719, 2575, 2560, 2583, 2547, 2474, 2409, 2264, 2074, 1993, 1902, 1709, 1537, 1424,
 418:Core/Src/main.c **** 		1375, 1356, 1252, 1149, 1101, 868, 544, 454, 410, 327, 383, 341, 155, 135, 197, 152,
 419:Core/Src/main.c **** 		60, 0, 0, 20, 10, 0, 10, 16, 0, 0, 2, 9, 5, 0, 1, 0,
 420:Core/Src/main.c **** 		0, 0, 0, 0, 0, 0, 0, 0, 0, 2, 0, 0, 0, 0, 0, 0,
 421:Core/Src/main.c **** 		11, 0, 0, 0, 1, 0, 0, 0, 0, 0, 0, 7, 2, 0, 0, 0,
 422:Core/Src/main.c **** 		7, 0, 0, 0, 0, 0, 0, 0, 3, 10, 0, 0, 17, 23, 4, 0,
 423:Core/Src/main.c **** 		0, 0, 0, 0, 0, 0, 4, 1, 9, 3, 0, 0, 0, 2, 8, 0,
 424:Core/Src/main.c **** 		0, 3, 36, 139, 309, 438, 447, 459, 593, 741, 793, 828, 920, 1035, 1076, 1015,
 425:Core/Src/main.c **** 		1032, 1202, 1339, 1384, 1440, 1545, 1683, 1829, 1983, 2128, 2180, 2126, 2081, 2135, 2292, 2506,
 426:Core/Src/main.c **** 		2681, 2743, 2722, 2676, 2674, 2765, 2887, 2959, 3008, 3167, 3427, 3565, 3541, 3523, 3545, 3597,
 427:Core/Src/main.c **** 		3645, 3679, 3832, 4034, 4095, 4095, 4082, 4046, 4062, 4087, 4079, 4085, 4089, 4087, 4095, 4095,
 428:Core/Src/main.c **** 		4095, 4085, 4088, 4095, 4095, 4087, 4094, 4095, 4095, 4094, 4090, 4085, 4095, 4095, 4095, 4091,
ARM GAS  /var/folders/d6/h50ndp_j7xj_7552gzkj6_s40000gn/T//ccVJeyYC.s 			page 9


 429:Core/Src/main.c **** 		4073, 4069, 4084, 4092, 4095, 4095, 4095, 4095, 4095, 4095, 4095, 4095, 4095, 4095, 4095, 4095,
 430:Core/Src/main.c **** 		4095, 4087, 4091, 4095, 4092, 4095, 4095, 4095, 4095, 4095, 4095, 4084, 4091, 4095, 4095, 4095,
 431:Core/Src/main.c **** 		4095, 4084, 4087, 4094, 4088, 4087, 4084, 4088, 4094, 4095, 4095, 4095, 4095, 4094, 4089, 4093,
 432:Core/Src/main.c **** 		4095, 4095, 4095, 4095, 4095, 4095, 4095, 4095, 4082, 4095, 4088, 3933, 3835, 3881, 3897, 3805,
 433:Core/Src/main.c **** 		3710, 3682, 3652, 3549, 3416, 3358, 3398, 3414, 3352, 3307, 3284, 3204, 3115, 3086, 3101, 3086,
 434:Core/Src/main.c **** 		2974, 2871, 2885, 2889, 2833, 2790, 2726, 2647, 2597, 2569, 2537, 2438, 2295, 2225, 2247, 2298
 435:Core/Src/main.c **** };
 436:Core/Src/main.c **** 
 437:Core/Src/main.c **** 
 438:Core/Src/main.c **** /* pointers for each waveform */
 439:Core/Src/main.c **** static const uint16_t * const waveforms[NUM_WAVES] = {
 440:Core/Src/main.c **** 		Sin_LUT,    /* 0 */
 441:Core/Src/main.c **** 		Saw_LUT,    /* 1 */
 442:Core/Src/main.c **** 		Triangle_LUT,/* 2 */
 443:Core/Src/main.c **** 		Piano_LUT,  /* 3 */
 444:Core/Src/main.c **** 		Guitar_LUT, /* 4 */
 445:Core/Src/main.c **** 		Drum_LUT    /* 5 */
 446:Core/Src/main.c **** };
 447:Core/Src/main.c **** 
 448:Core/Src/main.c **** /* since all LUTs have the same length, use NS for each */
 449:Core/Src/main.c **** static const uint32_t wave_lens[NUM_WAVES] = {
 450:Core/Src/main.c ****     NS, NS, NS, NS, NS, NS
 451:Core/Src/main.c **** };
 452:Core/Src/main.c **** 
 453:Core/Src/main.c **** static const char * const wave_names[NUM_WAVES] = {
 454:Core/Src/main.c **** 	    "Sine",
 455:Core/Src/main.c **** 	    "Saw",
 456:Core/Src/main.c **** 	    "Triangle",
 457:Core/Src/main.c **** 	    "Piano",
 458:Core/Src/main.c **** 	    "Guitar",
 459:Core/Src/main.c **** 	    "Drum"
 460:Core/Src/main.c **** };
 461:Core/Src/main.c **** 
 462:Core/Src/main.c **** /* current waveform index */
 463:Core/Src/main.c **** static volatile uint32_t current_wave = 0;
 464:Core/Src/main.c **** 
 465:Core/Src/main.c **** /* ticks between DMA transfers (updated if waveform changes, but here NS is fixed) */
 466:Core/Src/main.c **** static volatile uint32_t TIM2_Ticks = 0u;
 467:Core/Src/main.c **** 
 468:Core/Src/main.c **** /* destination address for DMA */
 469:Core/Src/main.c **** static const uint32_t DestAddress = (uint32_t)&(TIM3->CCR3);
 470:Core/Src/main.c **** 
 471:Core/Src/main.c **** /* debounce */
 472:Core/Src/main.c **** static volatile uint32_t last_press_ms = 0u;
 473:Core/Src/main.c **** 
 474:Core/Src/main.c **** /* USER CODE END PV */
 475:Core/Src/main.c **** 
 476:Core/Src/main.c **** /* Private function prototypes -----------------------------------------------*/
 477:Core/Src/main.c **** void SystemClock_Config(void);
 478:Core/Src/main.c **** static void MX_GPIO_Init(void);
 479:Core/Src/main.c **** static void MX_DMA_Init(void);
 480:Core/Src/main.c **** static void MX_TIM2_Init(void);
 481:Core/Src/main.c **** static void MX_TIM3_Init(void);
 482:Core/Src/main.c **** 
 483:Core/Src/main.c **** void Error_Handler(void);
 484:Core/Src/main.c **** void set_waveform(uint32_t idx);
 485:Core/Src/main.c **** 
ARM GAS  /var/folders/d6/h50ndp_j7xj_7552gzkj6_s40000gn/T//ccVJeyYC.s 			page 10


 486:Core/Src/main.c **** /* EXTI handler prototype */
 487:Core/Src/main.c **** void EXTI0_IRQHandler(void);
 488:Core/Src/main.c **** 
 489:Core/Src/main.c **** /* USER CODE BEGIN 0 */
 490:Core/Src/main.c **** 
 491:Core/Src/main.c **** /* Helper: calculate TIM2_Ticks for given sample count and F_SIGNAL
 492:Core/Src/main.c ****    ticks = round(TIM2CLK / (samples_per_cycle * F_SIGNAL))
 493:Core/Src/main.c ****    Use 64-bit intermediate to avoid overflow.
 494:Core/Src/main.c **** */
 495:Core/Src/main.c **** static uint32_t calc_tim2_ticks(uint32_t samples_per_cycle)
 496:Core/Src/main.c **** {
  30              		.loc 1 496 1 view -0
  31              		.cfi_startproc
  32              		@ args = 0, pretend = 0, frame = 0
  33              		@ frame_needed = 0, uses_anonymous_args = 0
  34              		.loc 1 496 1 is_stmt 0 view .LVU1
  35 0000 10B5     		push	{r4, lr}
  36              	.LCFI0:
  37              		.cfi_def_cfa_offset 8
  38              		.cfi_offset 4, -8
  39              		.cfi_offset 14, -4
 497:Core/Src/main.c ****     uint64_t denom = (uint64_t)samples_per_cycle * (uint64_t)F_SIGNAL;
  40              		.loc 1 497 5 is_stmt 1 view .LVU2
  41              		.loc 1 497 14 is_stmt 0 view .LVU3
  42 0002 810F     		lsrs	r1, r0, #30
  43 0004 8300     		lsls	r3, r0, #2
  44 0006 1818     		adds	r0, r3, r0
  45              	.LVL1:
  46              		.loc 1 497 14 view .LVU4
  47 0008 41F10001 		adc	r1, r1, #0
  48 000c 0B01     		lsls	r3, r1, #4
  49 000e 43EA1073 		orr	r3, r3, r0, lsr #28
  50 0012 0201     		lsls	r2, r0, #4
  51 0014 121A     		subs	r2, r2, r0
  52 0016 63EB0103 		sbc	r3, r3, r1
  53 001a 9B00     		lsls	r3, r3, #2
  54 001c 43EA9273 		orr	r3, r3, r2, lsr #30
  55 0020 9200     		lsls	r2, r2, #2
  56              	.LVL2:
 498:Core/Src/main.c ****     uint64_t numer = (uint64_t)TIM2CLK;
  57              		.loc 1 498 5 is_stmt 1 view .LVU5
 499:Core/Src/main.c ****     return (uint32_t)((numer + denom/2u) / denom);
  58              		.loc 1 499 5 view .LVU6
  59              		.loc 1 499 37 is_stmt 0 view .LVU7
  60 0022 5008     		lsrs	r0, r2, #1
  61 0024 40EAC370 		orr	r0, r0, r3, lsl #31
  62 0028 5908     		lsrs	r1, r3, #1
  63              		.loc 1 499 30 view .LVU8
  64 002a 034C     		ldr	r4, .L3
  65 002c 0019     		adds	r0, r0, r4
  66              		.loc 1 499 42 view .LVU9
  67 002e 41F10001 		adc	r1, r1, #0
  68 0032 FFF7FEFF 		bl	__aeabi_uldivmod
  69              	.LVL3:
 500:Core/Src/main.c **** }
  70              		.loc 1 500 1 view .LVU10
  71 0036 10BD     		pop	{r4, pc}
ARM GAS  /var/folders/d6/h50ndp_j7xj_7552gzkj6_s40000gn/T//ccVJeyYC.s 			page 11


  72              	.L4:
  73              		.align	2
  74              	.L3:
  75 0038 0024F400 		.word	16000000
  76              		.cfi_endproc
  77              	.LFE134:
  79              		.section	.text.MX_GPIO_Init,"ax",%progbits
  80              		.align	1
  81              		.syntax unified
  82              		.thumb
  83              		.thumb_func
  85              	MX_GPIO_Init:
  86              	.LFB141:
 501:Core/Src/main.c **** 
 502:Core/Src/main.c **** /* set_waveform: safely switch DMA source and TIM2 timing for waveform idx */
 503:Core/Src/main.c **** void set_waveform(uint32_t idx)
 504:Core/Src/main.c **** {
 505:Core/Src/main.c ****     if (idx >= NUM_WAVES) return;
 506:Core/Src/main.c **** 
 507:Core/Src/main.c ****     uint32_t new_len = wave_lens[idx];
 508:Core/Src/main.c ****     const uint16_t *new_src = waveforms[idx];
 509:Core/Src/main.c **** 
 510:Core/Src/main.c ****     /* compute new TIM2 ticks */
 511:Core/Src/main.c ****     uint32_t new_ticks = calc_tim2_ticks(new_len);
 512:Core/Src/main.c ****     if (new_ticks == 0u) new_ticks = 1u; /* sanity */
 513:Core/Src/main.c **** 
 514:Core/Src/main.c ****     /* disable DMA requests from TIM2 while reconfiguring */
 515:Core/Src/main.c ****     __HAL_TIM_DISABLE_DMA(&htim2, TIM_DMA_CC1);
 516:Core/Src/main.c **** 
 517:Core/Src/main.c ****     /* abort any running DMA transfer */
 518:Core/Src/main.c ****     (void)HAL_DMA_Abort_IT(&hdma_tim2_ch1);
 519:Core/Src/main.c **** 
 520:Core/Src/main.c ****     /* wait until DMA state is ready (abort completed) */
 521:Core/Src/main.c ****     while (hdma_tim2_ch1.State != HAL_DMA_STATE_READY) {
 522:Core/Src/main.c ****         /* small spin — abort should be quick */
 523:Core/Src/main.c ****     }
 524:Core/Src/main.c **** 
 525:Core/Src/main.c ****     /* reconfigure TIM2 period */
 526:Core/Src/main.c ****     TIM2_Ticks = new_ticks;
 527:Core/Src/main.c ****     htim2.Init.Period = TIM2_Ticks - 1u;
 528:Core/Src/main.c ****     if (HAL_TIM_Base_Init(&htim2) != HAL_OK) {
 529:Core/Src/main.c ****         Error_Handler();
 530:Core/Src/main.c ****     }
 531:Core/Src/main.c **** 
 532:Core/Src/main.c ****     /* set compare in the middle of the period so OC event occurs reliably */
 533:Core/Src/main.c ****     __HAL_TIM_SET_COMPARE(&htim2, TIM_CHANNEL_1, TIM2_Ticks / 2u);
 534:Core/Src/main.c **** 
 535:Core/Src/main.c ****     /* ensure TIM2 OC is running */
 536:Core/Src/main.c ****     if (HAL_TIM_OC_Start(&htim2, TIM_CHANNEL_1) != HAL_OK) {
 537:Core/Src/main.c ****         Error_Handler();
 538:Core/Src/main.c ****     }
 539:Core/Src/main.c **** 
 540:Core/Src/main.c ****     /* start DMA: memory -> peripheral (TIM3->CCR3), length = new_len */
 541:Core/Src/main.c ****     if (HAL_DMA_Start_IT(&hdma_tim2_ch1,
 542:Core/Src/main.c ****                          (uint32_t)new_src,
 543:Core/Src/main.c ****                          DestAddress,
 544:Core/Src/main.c ****                          new_len) != HAL_OK) {
ARM GAS  /var/folders/d6/h50ndp_j7xj_7552gzkj6_s40000gn/T//ccVJeyYC.s 			page 12


 545:Core/Src/main.c ****         Error_Handler();
 546:Core/Src/main.c ****     }
 547:Core/Src/main.c **** 
 548:Core/Src/main.c ****     /* enable DMA requests from TIM2 CC1 again */
 549:Core/Src/main.c ****     __HAL_TIM_ENABLE_DMA(&htim2, TIM_DMA_CC1);
 550:Core/Src/main.c **** 
 551:Core/Src/main.c ****     /* update current wave index and LCD */
 552:Core/Src/main.c ****     current_wave = idx;
 553:Core/Src/main.c ****     lcd_command(CLEAR);
 554:Core/Src/main.c ****     lcd_command(CURSOR_HOME);
 555:Core/Src/main.c ****     lcd_putstring("Wave: ");
 556:Core/Src/main.c ****     lcd_putstring((char*)wave_names[idx]);
 557:Core/Src/main.c **** }
 558:Core/Src/main.c **** 
 559:Core/Src/main.c **** /* USER CODE END 0 */
 560:Core/Src/main.c **** 
 561:Core/Src/main.c **** /**
 562:Core/Src/main.c ****   * @brief  The application entry point.
 563:Core/Src/main.c ****   * @retval int
 564:Core/Src/main.c ****   */
 565:Core/Src/main.c **** int main(void)
 566:Core/Src/main.c **** {
 567:Core/Src/main.c ****   /* MCU init */
 568:Core/Src/main.c ****   HAL_Init();
 569:Core/Src/main.c ****   SystemClock_Config();
 570:Core/Src/main.c **** 
 571:Core/Src/main.c ****   /* init peripherals */
 572:Core/Src/main.c ****   MX_GPIO_Init();
 573:Core/Src/main.c ****   MX_DMA_Init();
 574:Core/Src/main.c ****   MX_TIM2_Init();
 575:Core/Src/main.c ****   MX_TIM3_Init();
 576:Core/Src/main.c **** 
 577:Core/Src/main.c ****   /* Start TIM3 PWM on CH3 (TIM3 configured with ARR = DAC_MAX_12B) */
 578:Core/Src/main.c ****   if (HAL_TIM_PWM_Start(&htim3, TIM_CHANNEL_3) != HAL_OK) Error_Handler();
 579:Core/Src/main.c **** 
 580:Core/Src/main.c ****   /* configure and start initial waveform (index 0) */
 581:Core/Src/main.c ****   set_waveform(0);
 582:Core/Src/main.c **** 
 583:Core/Src/main.c ****   /* initialize LCD if available */
 584:Core/Src/main.c ****   init_LCD();
 585:Core/Src/main.c ****   HAL_Delay(20);
 586:Core/Src/main.c ****   lcd_command(CLEAR);
 587:Core/Src/main.c ****   lcd_command(CURSOR_HOME);
 588:Core/Src/main.c ****   lcd_putstring("Wave: ");
 589:Core/Src/main.c ****   lcd_putstring((char*)wave_names[current_wave]);
 590:Core/Src/main.c **** 
 591:Core/Src/main.c ****   /* main loop: all work is DMA/timer driven; button toggles are in EXTI handler */
 592:Core/Src/main.c ****   while (1)
 593:Core/Src/main.c ****   {
 594:Core/Src/main.c ****       __WFI(); /* low-power wait-for-interrupt */
 595:Core/Src/main.c ****   }
 596:Core/Src/main.c **** }
 597:Core/Src/main.c **** 
 598:Core/Src/main.c **** /* SystemClock_Config - minimal HSI config (match your .ioc if different) */
 599:Core/Src/main.c **** void SystemClock_Config(void)
 600:Core/Src/main.c **** {
 601:Core/Src/main.c ****   RCC_OscInitTypeDef RCC_OscInitStruct = {0};
ARM GAS  /var/folders/d6/h50ndp_j7xj_7552gzkj6_s40000gn/T//ccVJeyYC.s 			page 13


 602:Core/Src/main.c ****   RCC_ClkInitTypeDef RCC_ClkInitStruct = {0};
 603:Core/Src/main.c **** 
 604:Core/Src/main.c ****   __HAL_RCC_PWR_CLK_ENABLE();
 605:Core/Src/main.c ****   __HAL_PWR_VOLTAGESCALING_CONFIG(PWR_REGULATOR_VOLTAGE_SCALE3);
 606:Core/Src/main.c **** 
 607:Core/Src/main.c ****   RCC_OscInitStruct.OscillatorType = RCC_OSCILLATORTYPE_HSI;
 608:Core/Src/main.c ****   RCC_OscInitStruct.HSIState = RCC_HSI_ON;
 609:Core/Src/main.c ****   RCC_OscInitStruct.HSICalibrationValue = RCC_HSICALIBRATION_DEFAULT;
 610:Core/Src/main.c ****   RCC_OscInitStruct.PLL.PLLState = RCC_PLL_NONE;
 611:Core/Src/main.c ****   if (HAL_RCC_OscConfig(&RCC_OscInitStruct) != HAL_OK) { Error_Handler(); }
 612:Core/Src/main.c **** 
 613:Core/Src/main.c ****   RCC_ClkInitStruct.ClockType = RCC_CLOCKTYPE_HCLK|RCC_CLOCKTYPE_SYSCLK
 614:Core/Src/main.c ****                               |RCC_CLOCKTYPE_PCLK1|RCC_CLOCKTYPE_PCLK2;
 615:Core/Src/main.c ****   RCC_ClkInitStruct.SYSCLKSource = RCC_SYSCLKSOURCE_HSI;
 616:Core/Src/main.c ****   RCC_ClkInitStruct.AHBCLKDivider = RCC_SYSCLK_DIV1;
 617:Core/Src/main.c ****   RCC_ClkInitStruct.APB1CLKDivider = RCC_HCLK_DIV1;
 618:Core/Src/main.c ****   RCC_ClkInitStruct.APB2CLKDivider = RCC_HCLK_DIV1;
 619:Core/Src/main.c **** 
 620:Core/Src/main.c ****   if (HAL_RCC_ClockConfig(&RCC_ClkInitStruct, FLASH_LATENCY_0) != HAL_OK) { Error_Handler(); }
 621:Core/Src/main.c **** }
 622:Core/Src/main.c **** 
 623:Core/Src/main.c **** /* TIM2 init: base + OC channel for DMA pacing (period set dynamically by set_waveform) */
 624:Core/Src/main.c **** static void MX_TIM2_Init(void)
 625:Core/Src/main.c **** {
 626:Core/Src/main.c ****   TIM_ClockConfigTypeDef sClockSourceConfig = {0};
 627:Core/Src/main.c ****   TIM_OC_InitTypeDef sConfigOC = {0};
 628:Core/Src/main.c ****   TIM_MasterConfigTypeDef sMasterConfig = {0};
 629:Core/Src/main.c **** 
 630:Core/Src/main.c ****   htim2.Instance = TIM2;
 631:Core/Src/main.c ****   htim2.Init.Prescaler = 0;
 632:Core/Src/main.c ****   htim2.Init.Period = 0xFFFFFFFFu; /* will be updated by set_waveform */
 633:Core/Src/main.c ****   htim2.Init.CounterMode = TIM_COUNTERMODE_UP;
 634:Core/Src/main.c ****   htim2.Init.ClockDivision = TIM_CLOCKDIVISION_DIV1;
 635:Core/Src/main.c ****   htim2.Init.AutoReloadPreload = TIM_AUTORELOAD_PRELOAD_DISABLE;
 636:Core/Src/main.c ****   if (HAL_TIM_Base_Init(&htim2) != HAL_OK) { Error_Handler(); }
 637:Core/Src/main.c **** 
 638:Core/Src/main.c ****   sClockSourceConfig.ClockSource = TIM_CLOCKSOURCE_INTERNAL;
 639:Core/Src/main.c ****   if (HAL_TIM_ConfigClockSource(&htim2, &sClockSourceConfig) != HAL_OK) { Error_Handler(); }
 640:Core/Src/main.c **** 
 641:Core/Src/main.c ****   if (HAL_TIM_OC_Init(&htim2) != HAL_OK) { Error_Handler(); }
 642:Core/Src/main.c **** 
 643:Core/Src/main.c ****   sConfigOC.OCMode = TIM_OCMODE_TIMING;
 644:Core/Src/main.c ****   sConfigOC.Pulse = 0;
 645:Core/Src/main.c ****   sConfigOC.OCPolarity = TIM_OCPOLARITY_HIGH;
 646:Core/Src/main.c ****   sConfigOC.OCFastMode = TIM_OCFAST_DISABLE;
 647:Core/Src/main.c ****   if (HAL_TIM_OC_ConfigChannel(&htim2, &sConfigOC, TIM_CHANNEL_1) != HAL_OK) { Error_Handler(); }
 648:Core/Src/main.c **** 
 649:Core/Src/main.c ****   sMasterConfig.MasterOutputTrigger = TIM_TRGO_RESET;
 650:Core/Src/main.c ****   sMasterConfig.MasterSlaveMode = TIM_MASTERSLAVEMODE_DISABLE;
 651:Core/Src/main.c ****   if (HAL_TIMEx_MasterConfigSynchronization(&htim2, &sMasterConfig) != HAL_OK) { Error_Handler(); }
 652:Core/Src/main.c **** 
 653:Core/Src/main.c ****   /* TIM2_CH1 DMA Init (configure hdma but don't start here) */
 654:Core/Src/main.c ****   __HAL_RCC_DMA1_CLK_ENABLE();
 655:Core/Src/main.c **** 
 656:Core/Src/main.c ****   hdma_tim2_ch1.Instance = DMA1_Stream5;
 657:Core/Src/main.c ****   hdma_tim2_ch1.Init.Channel = DMA_CHANNEL_3;                  /* TIM2_CH1 -> channel 3 */
 658:Core/Src/main.c ****   hdma_tim2_ch1.Init.Direction = DMA_MEMORY_TO_PERIPH;        /* memory -> peripheral */
ARM GAS  /var/folders/d6/h50ndp_j7xj_7552gzkj6_s40000gn/T//ccVJeyYC.s 			page 14


 659:Core/Src/main.c ****   hdma_tim2_ch1.Init.PeriphInc = DMA_PINC_DISABLE;           /* peripheral fixed (TIM3->CCR3) */
 660:Core/Src/main.c ****   hdma_tim2_ch1.Init.MemInc = DMA_MINC_ENABLE;               /* memory increments */
 661:Core/Src/main.c ****   hdma_tim2_ch1.Init.PeriphDataAlignment = DMA_PDATAALIGN_HALFWORD; /* 16-bit */
 662:Core/Src/main.c ****   hdma_tim2_ch1.Init.MemDataAlignment = DMA_MDATAALIGN_HALFWORD;    /* 16-bit */
 663:Core/Src/main.c ****   hdma_tim2_ch1.Init.Mode = DMA_CIRCULAR;                    /* circular for continuous playback */
 664:Core/Src/main.c ****   hdma_tim2_ch1.Init.Priority = DMA_PRIORITY_HIGH;
 665:Core/Src/main.c ****   hdma_tim2_ch1.Init.FIFOMode = DMA_FIFOMODE_DISABLE;
 666:Core/Src/main.c **** 
 667:Core/Src/main.c ****   if (HAL_DMA_Init(&hdma_tim2_ch1) != HAL_OK) { Error_Handler(); }
 668:Core/Src/main.c **** 
 669:Core/Src/main.c ****   __HAL_LINKDMA(&htim2, hdma[TIM_DMA_ID_CC1], hdma_tim2_ch1);
 670:Core/Src/main.c **** }
 671:Core/Src/main.c **** 
 672:Core/Src/main.c **** /* TIM3 init: PWM out with period = DAC_MAX_12B so CCR3 accepts 0..4095 */
 673:Core/Src/main.c **** static void MX_TIM3_Init(void)
 674:Core/Src/main.c **** {
 675:Core/Src/main.c ****   TIM_ClockConfigTypeDef sClockSourceConfig = {0};
 676:Core/Src/main.c ****   TIM_OC_InitTypeDef sConfigOC = {0};
 677:Core/Src/main.c ****   TIM_MasterConfigTypeDef sMasterConfig = {0};
 678:Core/Src/main.c **** 
 679:Core/Src/main.c ****   htim3.Instance = TIM3;
 680:Core/Src/main.c ****   htim3.Init.Prescaler = 0;
 681:Core/Src/main.c ****   htim3.Init.CounterMode = TIM_COUNTERMODE_UP;
 682:Core/Src/main.c ****   htim3.Init.Period = DAC_MAX_12B; /* 0..4095 */
 683:Core/Src/main.c ****   htim3.Init.ClockDivision = TIM_CLOCKDIVISION_DIV1;
 684:Core/Src/main.c ****   htim3.Init.AutoReloadPreload = TIM_AUTORELOAD_PRELOAD_DISABLE;
 685:Core/Src/main.c ****   if (HAL_TIM_Base_Init(&htim3) != HAL_OK) { Error_Handler(); }
 686:Core/Src/main.c **** 
 687:Core/Src/main.c ****   sClockSourceConfig.ClockSource = TIM_CLOCKSOURCE_INTERNAL;
 688:Core/Src/main.c ****   if (HAL_TIM_ConfigClockSource(&htim3, &sClockSourceConfig) != HAL_OK) { Error_Handler(); }
 689:Core/Src/main.c **** 
 690:Core/Src/main.c ****   if (HAL_TIM_PWM_Init(&htim3) != HAL_OK) { Error_Handler(); }
 691:Core/Src/main.c **** 
 692:Core/Src/main.c ****   sConfigOC.OCMode = TIM_OCMODE_PWM1;
 693:Core/Src/main.c ****   sConfigOC.Pulse = 0; /* start with 0 duty */
 694:Core/Src/main.c ****   sConfigOC.OCPolarity = TIM_OCPOLARITY_HIGH;
 695:Core/Src/main.c ****   sConfigOC.OCFastMode = TIM_OCFAST_DISABLE;
 696:Core/Src/main.c ****   if (HAL_TIM_PWM_ConfigChannel(&htim3, &sConfigOC, TIM_CHANNEL_3) != HAL_OK) { Error_Handler(); }
 697:Core/Src/main.c **** 
 698:Core/Src/main.c ****   HAL_TIM_MspPostInit(&htim3);
 699:Core/Src/main.c **** }
 700:Core/Src/main.c **** 
 701:Core/Src/main.c **** /* DMA init (NVIC) */
 702:Core/Src/main.c **** static void MX_DMA_Init(void)
 703:Core/Src/main.c **** {
 704:Core/Src/main.c ****   __HAL_RCC_DMA1_CLK_ENABLE();
 705:Core/Src/main.c **** 
 706:Core/Src/main.c ****   HAL_NVIC_SetPriority(DMA1_Stream5_IRQn, 0, 0);
 707:Core/Src/main.c ****   HAL_NVIC_EnableIRQ(DMA1_Stream5_IRQn);
 708:Core/Src/main.c **** }
 709:Core/Src/main.c **** 
 710:Core/Src/main.c **** /* GPIO init (LCD pins + Button on PA0) */
 711:Core/Src/main.c **** static void MX_GPIO_Init(void)
 712:Core/Src/main.c **** {
  87              		.loc 1 712 1 is_stmt 1 view -0
  88              		.cfi_startproc
  89              		@ args = 0, pretend = 0, frame = 40
ARM GAS  /var/folders/d6/h50ndp_j7xj_7552gzkj6_s40000gn/T//ccVJeyYC.s 			page 15


  90              		@ frame_needed = 0, uses_anonymous_args = 0
  91 0000 2DE9F04F 		push	{r4, r5, r6, r7, r8, r9, r10, fp, lr}
  92              	.LCFI1:
  93              		.cfi_def_cfa_offset 36
  94              		.cfi_offset 4, -36
  95              		.cfi_offset 5, -32
  96              		.cfi_offset 6, -28
  97              		.cfi_offset 7, -24
  98              		.cfi_offset 8, -20
  99              		.cfi_offset 9, -16
 100              		.cfi_offset 10, -12
 101              		.cfi_offset 11, -8
 102              		.cfi_offset 14, -4
 103 0004 8BB0     		sub	sp, sp, #44
 104              	.LCFI2:
 105              		.cfi_def_cfa_offset 80
 713:Core/Src/main.c ****   GPIO_InitTypeDef GPIO_InitStruct = {0};
 106              		.loc 1 713 3 view .LVU12
 107              		.loc 1 713 20 is_stmt 0 view .LVU13
 108 0006 0024     		movs	r4, #0
 109 0008 0594     		str	r4, [sp, #20]
 110 000a 0694     		str	r4, [sp, #24]
 111 000c 0794     		str	r4, [sp, #28]
 112 000e 0894     		str	r4, [sp, #32]
 113 0010 0994     		str	r4, [sp, #36]
 714:Core/Src/main.c **** 
 715:Core/Src/main.c ****   __HAL_RCC_GPIOH_CLK_ENABLE();
 114              		.loc 1 715 3 is_stmt 1 view .LVU14
 115              	.LBB4:
 116              		.loc 1 715 3 view .LVU15
 117 0012 0194     		str	r4, [sp, #4]
 118              		.loc 1 715 3 view .LVU16
 119 0014 344B     		ldr	r3, .L7
 120 0016 1A6B     		ldr	r2, [r3, #48]
 121 0018 42F08002 		orr	r2, r2, #128
 122 001c 1A63     		str	r2, [r3, #48]
 123              		.loc 1 715 3 view .LVU17
 124 001e 1A6B     		ldr	r2, [r3, #48]
 125 0020 02F08002 		and	r2, r2, #128
 126 0024 0192     		str	r2, [sp, #4]
 127              		.loc 1 715 3 view .LVU18
 128 0026 019A     		ldr	r2, [sp, #4]
 129              	.LBE4:
 130              		.loc 1 715 3 view .LVU19
 716:Core/Src/main.c ****   __HAL_RCC_GPIOA_CLK_ENABLE();
 131              		.loc 1 716 3 view .LVU20
 132              	.LBB5:
 133              		.loc 1 716 3 view .LVU21
 134 0028 0294     		str	r4, [sp, #8]
 135              		.loc 1 716 3 view .LVU22
 136 002a 1A6B     		ldr	r2, [r3, #48]
 137 002c 42F00102 		orr	r2, r2, #1
 138 0030 1A63     		str	r2, [r3, #48]
 139              		.loc 1 716 3 view .LVU23
 140 0032 1A6B     		ldr	r2, [r3, #48]
 141 0034 02F00102 		and	r2, r2, #1
 142 0038 0292     		str	r2, [sp, #8]
ARM GAS  /var/folders/d6/h50ndp_j7xj_7552gzkj6_s40000gn/T//ccVJeyYC.s 			page 16


 143              		.loc 1 716 3 view .LVU24
 144 003a 029A     		ldr	r2, [sp, #8]
 145              	.LBE5:
 146              		.loc 1 716 3 view .LVU25
 717:Core/Src/main.c ****   __HAL_RCC_GPIOB_CLK_ENABLE();
 147              		.loc 1 717 3 view .LVU26
 148              	.LBB6:
 149              		.loc 1 717 3 view .LVU27
 150 003c 0394     		str	r4, [sp, #12]
 151              		.loc 1 717 3 view .LVU28
 152 003e 1A6B     		ldr	r2, [r3, #48]
 153 0040 42F00202 		orr	r2, r2, #2
 154 0044 1A63     		str	r2, [r3, #48]
 155              		.loc 1 717 3 view .LVU29
 156 0046 1A6B     		ldr	r2, [r3, #48]
 157 0048 02F00202 		and	r2, r2, #2
 158 004c 0392     		str	r2, [sp, #12]
 159              		.loc 1 717 3 view .LVU30
 160 004e 039A     		ldr	r2, [sp, #12]
 161              	.LBE6:
 162              		.loc 1 717 3 view .LVU31
 718:Core/Src/main.c ****   __HAL_RCC_GPIOC_CLK_ENABLE();
 163              		.loc 1 718 3 view .LVU32
 164              	.LBB7:
 165              		.loc 1 718 3 view .LVU33
 166 0050 0494     		str	r4, [sp, #16]
 167              		.loc 1 718 3 view .LVU34
 168 0052 1A6B     		ldr	r2, [r3, #48]
 169 0054 42F00402 		orr	r2, r2, #4
 170 0058 1A63     		str	r2, [r3, #48]
 171              		.loc 1 718 3 view .LVU35
 172 005a 1B6B     		ldr	r3, [r3, #48]
 173 005c 03F00403 		and	r3, r3, #4
 174 0060 0493     		str	r3, [sp, #16]
 175              		.loc 1 718 3 view .LVU36
 176 0062 049B     		ldr	r3, [sp, #16]
 177              	.LBE7:
 178              		.loc 1 718 3 view .LVU37
 719:Core/Src/main.c **** 
 720:Core/Src/main.c ****   /* LCD pins (PC14=RS, PC15=E, PB8/9 D4/5, PA12/15 D6/7) */
 721:Core/Src/main.c ****   GPIO_InitStruct.Pin = GPIO_PIN_14 | GPIO_PIN_15;
 179              		.loc 1 721 3 view .LVU38
 180              		.loc 1 721 23 is_stmt 0 view .LVU39
 181 0064 4FF4404B 		mov	fp, #49152
 182 0068 CDF814B0 		str	fp, [sp, #20]
 722:Core/Src/main.c ****   GPIO_InitStruct.Mode = GPIO_MODE_OUTPUT_PP;
 183              		.loc 1 722 3 is_stmt 1 view .LVU40
 184              		.loc 1 722 24 is_stmt 0 view .LVU41
 185 006c 0126     		movs	r6, #1
 186 006e 0696     		str	r6, [sp, #24]
 723:Core/Src/main.c ****   GPIO_InitStruct.Pull = GPIO_NOPULL;
 187              		.loc 1 723 3 is_stmt 1 view .LVU42
 724:Core/Src/main.c ****   GPIO_InitStruct.Speed = GPIO_SPEED_FREQ_LOW;
 188              		.loc 1 724 3 view .LVU43
 725:Core/Src/main.c ****   HAL_GPIO_Init(GPIOC, &GPIO_InitStruct);
 189              		.loc 1 725 3 view .LVU44
 190 0070 DFF87CA0 		ldr	r10, .L7+8
ARM GAS  /var/folders/d6/h50ndp_j7xj_7552gzkj6_s40000gn/T//ccVJeyYC.s 			page 17


 191 0074 05A9     		add	r1, sp, #20
 192 0076 5046     		mov	r0, r10
 193 0078 FFF7FEFF 		bl	HAL_GPIO_Init
 194              	.LVL4:
 726:Core/Src/main.c **** 
 727:Core/Src/main.c ****   GPIO_InitStruct.Pin = GPIO_PIN_8 | GPIO_PIN_9;
 195              		.loc 1 727 3 view .LVU45
 196              		.loc 1 727 23 is_stmt 0 view .LVU46
 197 007c 4FF44079 		mov	r9, #768
 198 0080 CDF81490 		str	r9, [sp, #20]
 728:Core/Src/main.c ****   HAL_GPIO_Init(GPIOB, &GPIO_InitStruct);
 199              		.loc 1 728 3 is_stmt 1 view .LVU47
 200 0084 DFF86C80 		ldr	r8, .L7+12
 201 0088 05A9     		add	r1, sp, #20
 202 008a 4046     		mov	r0, r8
 203 008c FFF7FEFF 		bl	HAL_GPIO_Init
 204              	.LVL5:
 729:Core/Src/main.c **** 
 730:Core/Src/main.c ****   GPIO_InitStruct.Pin = GPIO_PIN_12 | GPIO_PIN_15;
 205              		.loc 1 730 3 view .LVU48
 206              		.loc 1 730 23 is_stmt 0 view .LVU49
 207 0090 4FF41047 		mov	r7, #36864
 208 0094 0597     		str	r7, [sp, #20]
 731:Core/Src/main.c ****   HAL_GPIO_Init(GPIOA, &GPIO_InitStruct);
 209              		.loc 1 731 3 is_stmt 1 view .LVU50
 210 0096 154D     		ldr	r5, .L7+4
 211 0098 05A9     		add	r1, sp, #20
 212 009a 2846     		mov	r0, r5
 213 009c FFF7FEFF 		bl	HAL_GPIO_Init
 214              	.LVL6:
 732:Core/Src/main.c **** 
 733:Core/Src/main.c ****   HAL_GPIO_WritePin(GPIOC, GPIO_PIN_14 | GPIO_PIN_15, GPIO_PIN_RESET);
 215              		.loc 1 733 3 view .LVU51
 216 00a0 2246     		mov	r2, r4
 217 00a2 5946     		mov	r1, fp
 218 00a4 5046     		mov	r0, r10
 219 00a6 FFF7FEFF 		bl	HAL_GPIO_WritePin
 220              	.LVL7:
 734:Core/Src/main.c ****   HAL_GPIO_WritePin(GPIOB, GPIO_PIN_8 | GPIO_PIN_9, GPIO_PIN_RESET);
 221              		.loc 1 734 3 view .LVU52
 222 00aa 2246     		mov	r2, r4
 223 00ac 4946     		mov	r1, r9
 224 00ae 4046     		mov	r0, r8
 225 00b0 FFF7FEFF 		bl	HAL_GPIO_WritePin
 226              	.LVL8:
 735:Core/Src/main.c ****   HAL_GPIO_WritePin(GPIOA, GPIO_PIN_12 | GPIO_PIN_15, GPIO_PIN_RESET);
 227              		.loc 1 735 3 view .LVU53
 228 00b4 2246     		mov	r2, r4
 229 00b6 3946     		mov	r1, r7
 230 00b8 2846     		mov	r0, r5
 231 00ba FFF7FEFF 		bl	HAL_GPIO_WritePin
 232              	.LVL9:
 736:Core/Src/main.c **** 
 737:Core/Src/main.c ****   /* Button0 on PA0 -> EXTI0 */
 738:Core/Src/main.c ****   GPIO_InitStruct.Pin = Button0_Pin;
 233              		.loc 1 738 3 view .LVU54
 234              		.loc 1 738 23 is_stmt 0 view .LVU55
ARM GAS  /var/folders/d6/h50ndp_j7xj_7552gzkj6_s40000gn/T//ccVJeyYC.s 			page 18


 235 00be 0596     		str	r6, [sp, #20]
 739:Core/Src/main.c ****   GPIO_InitStruct.Mode = GPIO_MODE_IT_RISING;
 236              		.loc 1 739 3 is_stmt 1 view .LVU56
 237              		.loc 1 739 24 is_stmt 0 view .LVU57
 238 00c0 4FF48813 		mov	r3, #1114112
 239 00c4 0693     		str	r3, [sp, #24]
 740:Core/Src/main.c ****   GPIO_InitStruct.Pull = GPIO_PULLUP;
 240              		.loc 1 740 3 is_stmt 1 view .LVU58
 241              		.loc 1 740 24 is_stmt 0 view .LVU59
 242 00c6 0796     		str	r6, [sp, #28]
 741:Core/Src/main.c ****   HAL_GPIO_Init(GPIOA, &GPIO_InitStruct);
 243              		.loc 1 741 3 is_stmt 1 view .LVU60
 244 00c8 05A9     		add	r1, sp, #20
 245 00ca 2846     		mov	r0, r5
 246 00cc FFF7FEFF 		bl	HAL_GPIO_Init
 247              	.LVL10:
 742:Core/Src/main.c **** 
 743:Core/Src/main.c ****   HAL_NVIC_SetPriority(EXTI0_IRQn, 2, 0);
 248              		.loc 1 743 3 view .LVU61
 249 00d0 2246     		mov	r2, r4
 250 00d2 0221     		movs	r1, #2
 251 00d4 0620     		movs	r0, #6
 252 00d6 FFF7FEFF 		bl	HAL_NVIC_SetPriority
 253              	.LVL11:
 744:Core/Src/main.c ****   HAL_NVIC_EnableIRQ(EXTI0_IRQn);
 254              		.loc 1 744 3 view .LVU62
 255 00da 0620     		movs	r0, #6
 256 00dc FFF7FEFF 		bl	HAL_NVIC_EnableIRQ
 257              	.LVL12:
 745:Core/Src/main.c **** }
 258              		.loc 1 745 1 is_stmt 0 view .LVU63
 259 00e0 0BB0     		add	sp, sp, #44
 260              	.LCFI3:
 261              		.cfi_def_cfa_offset 36
 262              		@ sp needed
 263 00e2 BDE8F08F 		pop	{r4, r5, r6, r7, r8, r9, r10, fp, pc}
 264              	.L8:
 265 00e6 00BF     		.align	2
 266              	.L7:
 267 00e8 00380240 		.word	1073887232
 268 00ec 00000240 		.word	1073872896
 269 00f0 00080240 		.word	1073874944
 270 00f4 00040240 		.word	1073873920
 271              		.cfi_endproc
 272              	.LFE141:
 274              		.section	.text.MX_DMA_Init,"ax",%progbits
 275              		.align	1
 276              		.syntax unified
 277              		.thumb
 278              		.thumb_func
 280              	MX_DMA_Init:
 281              	.LFB140:
 703:Core/Src/main.c ****   __HAL_RCC_DMA1_CLK_ENABLE();
 282              		.loc 1 703 1 is_stmt 1 view -0
 283              		.cfi_startproc
 284              		@ args = 0, pretend = 0, frame = 8
 285              		@ frame_needed = 0, uses_anonymous_args = 0
ARM GAS  /var/folders/d6/h50ndp_j7xj_7552gzkj6_s40000gn/T//ccVJeyYC.s 			page 19


 286 0000 00B5     		push	{lr}
 287              	.LCFI4:
 288              		.cfi_def_cfa_offset 4
 289              		.cfi_offset 14, -4
 290 0002 83B0     		sub	sp, sp, #12
 291              	.LCFI5:
 292              		.cfi_def_cfa_offset 16
 704:Core/Src/main.c **** 
 293              		.loc 1 704 3 view .LVU65
 294              	.LBB8:
 704:Core/Src/main.c **** 
 295              		.loc 1 704 3 view .LVU66
 296 0004 0021     		movs	r1, #0
 297 0006 0191     		str	r1, [sp, #4]
 704:Core/Src/main.c **** 
 298              		.loc 1 704 3 view .LVU67
 299 0008 094B     		ldr	r3, .L11
 300 000a 1A6B     		ldr	r2, [r3, #48]
 301 000c 42F40012 		orr	r2, r2, #2097152
 302 0010 1A63     		str	r2, [r3, #48]
 704:Core/Src/main.c **** 
 303              		.loc 1 704 3 view .LVU68
 304 0012 1B6B     		ldr	r3, [r3, #48]
 305 0014 03F40013 		and	r3, r3, #2097152
 306 0018 0193     		str	r3, [sp, #4]
 704:Core/Src/main.c **** 
 307              		.loc 1 704 3 view .LVU69
 308 001a 019B     		ldr	r3, [sp, #4]
 309              	.LBE8:
 704:Core/Src/main.c **** 
 310              		.loc 1 704 3 view .LVU70
 706:Core/Src/main.c ****   HAL_NVIC_EnableIRQ(DMA1_Stream5_IRQn);
 311              		.loc 1 706 3 view .LVU71
 312 001c 0A46     		mov	r2, r1
 313 001e 1020     		movs	r0, #16
 314 0020 FFF7FEFF 		bl	HAL_NVIC_SetPriority
 315              	.LVL13:
 707:Core/Src/main.c **** }
 316              		.loc 1 707 3 view .LVU72
 317 0024 1020     		movs	r0, #16
 318 0026 FFF7FEFF 		bl	HAL_NVIC_EnableIRQ
 319              	.LVL14:
 708:Core/Src/main.c **** 
 320              		.loc 1 708 1 is_stmt 0 view .LVU73
 321 002a 03B0     		add	sp, sp, #12
 322              	.LCFI6:
 323              		.cfi_def_cfa_offset 4
 324              		@ sp needed
 325 002c 5DF804FB 		ldr	pc, [sp], #4
 326              	.L12:
 327              		.align	2
 328              	.L11:
 329 0030 00380240 		.word	1073887232
 330              		.cfi_endproc
 331              	.LFE140:
 333              		.section	.text.Error_Handler,"ax",%progbits
 334              		.align	1
ARM GAS  /var/folders/d6/h50ndp_j7xj_7552gzkj6_s40000gn/T//ccVJeyYC.s 			page 20


 335              		.global	Error_Handler
 336              		.syntax unified
 337              		.thumb
 338              		.thumb_func
 340              	Error_Handler:
 341              	.LFB143:
 746:Core/Src/main.c **** 
 747:Core/Src/main.c **** /* EXTI0 interrupt handler: cycles through waveforms on button press */
 748:Core/Src/main.c **** void EXTI0_IRQHandler(void)
 749:Core/Src/main.c **** {
 750:Core/Src/main.c ****     /* debounce: ignore presses within 200 ms */
 751:Core/Src/main.c ****     uint32_t now = HAL_GetTick();
 752:Core/Src/main.c ****     if ((now - last_press_ms) < 200u) {
 753:Core/Src/main.c ****         HAL_GPIO_EXTI_IRQHandler(Button0_Pin); /* clear flag */
 754:Core/Src/main.c ****         return;
 755:Core/Src/main.c ****     }
 756:Core/Src/main.c ****     last_press_ms = now;
 757:Core/Src/main.c **** 
 758:Core/Src/main.c ****     /* determine next waveform index */
 759:Core/Src/main.c ****     uint32_t next = (current_wave + 1u) % NUM_WAVES;
 760:Core/Src/main.c **** 
 761:Core/Src/main.c ****     /* set the new waveform */
 762:Core/Src/main.c ****     set_waveform(next);
 763:Core/Src/main.c **** 
 764:Core/Src/main.c ****     /* clear EXTI flag */
 765:Core/Src/main.c ****     HAL_GPIO_EXTI_IRQHandler(Button0_Pin);
 766:Core/Src/main.c **** }
 767:Core/Src/main.c **** 
 768:Core/Src/main.c **** /* Error handler ------------------------------------------------------------------*/
 769:Core/Src/main.c **** void Error_Handler(void)
 770:Core/Src/main.c **** {
 342              		.loc 1 770 1 is_stmt 1 view -0
 343              		.cfi_startproc
 344              		@ Volatile: function does not return.
 345              		@ args = 0, pretend = 0, frame = 0
 346              		@ frame_needed = 0, uses_anonymous_args = 0
 347              		@ link register save eliminated.
 771:Core/Src/main.c ****   __disable_irq();
 348              		.loc 1 771 3 view .LVU75
 349              	.LBB9:
 350              	.LBI9:
 351              		.file 2 "Drivers/CMSIS/Include/cmsis_gcc.h"
   1:Drivers/CMSIS/Include/cmsis_gcc.h **** /**************************************************************************//**
   2:Drivers/CMSIS/Include/cmsis_gcc.h ****  * @file     cmsis_gcc.h
   3:Drivers/CMSIS/Include/cmsis_gcc.h ****  * @brief    CMSIS compiler GCC header file
   4:Drivers/CMSIS/Include/cmsis_gcc.h ****  * @version  V5.4.1
   5:Drivers/CMSIS/Include/cmsis_gcc.h ****  * @date     27. May 2021
   6:Drivers/CMSIS/Include/cmsis_gcc.h ****  ******************************************************************************/
   7:Drivers/CMSIS/Include/cmsis_gcc.h **** /*
   8:Drivers/CMSIS/Include/cmsis_gcc.h ****  * Copyright (c) 2009-2021 Arm Limited. All rights reserved.
   9:Drivers/CMSIS/Include/cmsis_gcc.h ****  *
  10:Drivers/CMSIS/Include/cmsis_gcc.h ****  * SPDX-License-Identifier: Apache-2.0
  11:Drivers/CMSIS/Include/cmsis_gcc.h ****  *
  12:Drivers/CMSIS/Include/cmsis_gcc.h ****  * Licensed under the Apache License, Version 2.0 (the License); you may
  13:Drivers/CMSIS/Include/cmsis_gcc.h ****  * not use this file except in compliance with the License.
  14:Drivers/CMSIS/Include/cmsis_gcc.h ****  * You may obtain a copy of the License at
  15:Drivers/CMSIS/Include/cmsis_gcc.h ****  *
ARM GAS  /var/folders/d6/h50ndp_j7xj_7552gzkj6_s40000gn/T//ccVJeyYC.s 			page 21


  16:Drivers/CMSIS/Include/cmsis_gcc.h ****  * www.apache.org/licenses/LICENSE-2.0
  17:Drivers/CMSIS/Include/cmsis_gcc.h ****  *
  18:Drivers/CMSIS/Include/cmsis_gcc.h ****  * Unless required by applicable law or agreed to in writing, software
  19:Drivers/CMSIS/Include/cmsis_gcc.h ****  * distributed under the License is distributed on an AS IS BASIS, WITHOUT
  20:Drivers/CMSIS/Include/cmsis_gcc.h ****  * WARRANTIES OR CONDITIONS OF ANY KIND, either express or implied.
  21:Drivers/CMSIS/Include/cmsis_gcc.h ****  * See the License for the specific language governing permissions and
  22:Drivers/CMSIS/Include/cmsis_gcc.h ****  * limitations under the License.
  23:Drivers/CMSIS/Include/cmsis_gcc.h ****  */
  24:Drivers/CMSIS/Include/cmsis_gcc.h **** 
  25:Drivers/CMSIS/Include/cmsis_gcc.h **** #ifndef __CMSIS_GCC_H
  26:Drivers/CMSIS/Include/cmsis_gcc.h **** #define __CMSIS_GCC_H
  27:Drivers/CMSIS/Include/cmsis_gcc.h **** 
  28:Drivers/CMSIS/Include/cmsis_gcc.h **** /* ignore some GCC warnings */
  29:Drivers/CMSIS/Include/cmsis_gcc.h **** #pragma GCC diagnostic push
  30:Drivers/CMSIS/Include/cmsis_gcc.h **** #pragma GCC diagnostic ignored "-Wsign-conversion"
  31:Drivers/CMSIS/Include/cmsis_gcc.h **** #pragma GCC diagnostic ignored "-Wconversion"
  32:Drivers/CMSIS/Include/cmsis_gcc.h **** #pragma GCC diagnostic ignored "-Wunused-parameter"
  33:Drivers/CMSIS/Include/cmsis_gcc.h **** 
  34:Drivers/CMSIS/Include/cmsis_gcc.h **** /* Fallback for __has_builtin */
  35:Drivers/CMSIS/Include/cmsis_gcc.h **** #ifndef __has_builtin
  36:Drivers/CMSIS/Include/cmsis_gcc.h ****   #define __has_builtin(x) (0)
  37:Drivers/CMSIS/Include/cmsis_gcc.h **** #endif
  38:Drivers/CMSIS/Include/cmsis_gcc.h **** 
  39:Drivers/CMSIS/Include/cmsis_gcc.h **** /* CMSIS compiler specific defines */
  40:Drivers/CMSIS/Include/cmsis_gcc.h **** #ifndef   __ASM
  41:Drivers/CMSIS/Include/cmsis_gcc.h ****   #define __ASM                                  __asm
  42:Drivers/CMSIS/Include/cmsis_gcc.h **** #endif
  43:Drivers/CMSIS/Include/cmsis_gcc.h **** #ifndef   __INLINE
  44:Drivers/CMSIS/Include/cmsis_gcc.h ****   #define __INLINE                               inline
  45:Drivers/CMSIS/Include/cmsis_gcc.h **** #endif
  46:Drivers/CMSIS/Include/cmsis_gcc.h **** #ifndef   __STATIC_INLINE
  47:Drivers/CMSIS/Include/cmsis_gcc.h ****   #define __STATIC_INLINE                        static inline
  48:Drivers/CMSIS/Include/cmsis_gcc.h **** #endif
  49:Drivers/CMSIS/Include/cmsis_gcc.h **** #ifndef   __STATIC_FORCEINLINE
  50:Drivers/CMSIS/Include/cmsis_gcc.h ****   #define __STATIC_FORCEINLINE                   __attribute__((always_inline)) static inline
  51:Drivers/CMSIS/Include/cmsis_gcc.h **** #endif
  52:Drivers/CMSIS/Include/cmsis_gcc.h **** #ifndef   __NO_RETURN
  53:Drivers/CMSIS/Include/cmsis_gcc.h ****   #define __NO_RETURN                            __attribute__((__noreturn__))
  54:Drivers/CMSIS/Include/cmsis_gcc.h **** #endif
  55:Drivers/CMSIS/Include/cmsis_gcc.h **** #ifndef   __USED
  56:Drivers/CMSIS/Include/cmsis_gcc.h ****   #define __USED                                 __attribute__((used))
  57:Drivers/CMSIS/Include/cmsis_gcc.h **** #endif
  58:Drivers/CMSIS/Include/cmsis_gcc.h **** #ifndef   __WEAK
  59:Drivers/CMSIS/Include/cmsis_gcc.h ****   #define __WEAK                                 __attribute__((weak))
  60:Drivers/CMSIS/Include/cmsis_gcc.h **** #endif
  61:Drivers/CMSIS/Include/cmsis_gcc.h **** #ifndef   __PACKED
  62:Drivers/CMSIS/Include/cmsis_gcc.h ****   #define __PACKED                               __attribute__((packed, aligned(1)))
  63:Drivers/CMSIS/Include/cmsis_gcc.h **** #endif
  64:Drivers/CMSIS/Include/cmsis_gcc.h **** #ifndef   __PACKED_STRUCT
  65:Drivers/CMSIS/Include/cmsis_gcc.h ****   #define __PACKED_STRUCT                        struct __attribute__((packed, aligned(1)))
  66:Drivers/CMSIS/Include/cmsis_gcc.h **** #endif
  67:Drivers/CMSIS/Include/cmsis_gcc.h **** #ifndef   __PACKED_UNION
  68:Drivers/CMSIS/Include/cmsis_gcc.h ****   #define __PACKED_UNION                         union __attribute__((packed, aligned(1)))
  69:Drivers/CMSIS/Include/cmsis_gcc.h **** #endif
  70:Drivers/CMSIS/Include/cmsis_gcc.h **** #ifndef   __UNALIGNED_UINT32        /* deprecated */
  71:Drivers/CMSIS/Include/cmsis_gcc.h ****   #pragma GCC diagnostic push
  72:Drivers/CMSIS/Include/cmsis_gcc.h ****   #pragma GCC diagnostic ignored "-Wpacked"
ARM GAS  /var/folders/d6/h50ndp_j7xj_7552gzkj6_s40000gn/T//ccVJeyYC.s 			page 22


  73:Drivers/CMSIS/Include/cmsis_gcc.h ****   #pragma GCC diagnostic ignored "-Wattributes"
  74:Drivers/CMSIS/Include/cmsis_gcc.h ****   struct __attribute__((packed)) T_UINT32 { uint32_t v; };
  75:Drivers/CMSIS/Include/cmsis_gcc.h ****   #pragma GCC diagnostic pop
  76:Drivers/CMSIS/Include/cmsis_gcc.h ****   #define __UNALIGNED_UINT32(x)                  (((struct T_UINT32 *)(x))->v)
  77:Drivers/CMSIS/Include/cmsis_gcc.h **** #endif
  78:Drivers/CMSIS/Include/cmsis_gcc.h **** #ifndef   __UNALIGNED_UINT16_WRITE
  79:Drivers/CMSIS/Include/cmsis_gcc.h ****   #pragma GCC diagnostic push
  80:Drivers/CMSIS/Include/cmsis_gcc.h ****   #pragma GCC diagnostic ignored "-Wpacked"
  81:Drivers/CMSIS/Include/cmsis_gcc.h ****   #pragma GCC diagnostic ignored "-Wattributes"
  82:Drivers/CMSIS/Include/cmsis_gcc.h ****   __PACKED_STRUCT T_UINT16_WRITE { uint16_t v; };
  83:Drivers/CMSIS/Include/cmsis_gcc.h ****   #pragma GCC diagnostic pop
  84:Drivers/CMSIS/Include/cmsis_gcc.h ****   #define __UNALIGNED_UINT16_WRITE(addr, val)    (void)((((struct T_UINT16_WRITE *)(void *)(addr))-
  85:Drivers/CMSIS/Include/cmsis_gcc.h **** #endif
  86:Drivers/CMSIS/Include/cmsis_gcc.h **** #ifndef   __UNALIGNED_UINT16_READ
  87:Drivers/CMSIS/Include/cmsis_gcc.h ****   #pragma GCC diagnostic push
  88:Drivers/CMSIS/Include/cmsis_gcc.h ****   #pragma GCC diagnostic ignored "-Wpacked"
  89:Drivers/CMSIS/Include/cmsis_gcc.h ****   #pragma GCC diagnostic ignored "-Wattributes"
  90:Drivers/CMSIS/Include/cmsis_gcc.h ****   __PACKED_STRUCT T_UINT16_READ { uint16_t v; };
  91:Drivers/CMSIS/Include/cmsis_gcc.h ****   #pragma GCC diagnostic pop
  92:Drivers/CMSIS/Include/cmsis_gcc.h ****   #define __UNALIGNED_UINT16_READ(addr)          (((const struct T_UINT16_READ *)(const void *)(add
  93:Drivers/CMSIS/Include/cmsis_gcc.h **** #endif
  94:Drivers/CMSIS/Include/cmsis_gcc.h **** #ifndef   __UNALIGNED_UINT32_WRITE
  95:Drivers/CMSIS/Include/cmsis_gcc.h ****   #pragma GCC diagnostic push
  96:Drivers/CMSIS/Include/cmsis_gcc.h ****   #pragma GCC diagnostic ignored "-Wpacked"
  97:Drivers/CMSIS/Include/cmsis_gcc.h ****   #pragma GCC diagnostic ignored "-Wattributes"
  98:Drivers/CMSIS/Include/cmsis_gcc.h ****   __PACKED_STRUCT T_UINT32_WRITE { uint32_t v; };
  99:Drivers/CMSIS/Include/cmsis_gcc.h ****   #pragma GCC diagnostic pop
 100:Drivers/CMSIS/Include/cmsis_gcc.h ****   #define __UNALIGNED_UINT32_WRITE(addr, val)    (void)((((struct T_UINT32_WRITE *)(void *)(addr))-
 101:Drivers/CMSIS/Include/cmsis_gcc.h **** #endif
 102:Drivers/CMSIS/Include/cmsis_gcc.h **** #ifndef   __UNALIGNED_UINT32_READ
 103:Drivers/CMSIS/Include/cmsis_gcc.h ****   #pragma GCC diagnostic push
 104:Drivers/CMSIS/Include/cmsis_gcc.h ****   #pragma GCC diagnostic ignored "-Wpacked"
 105:Drivers/CMSIS/Include/cmsis_gcc.h ****   #pragma GCC diagnostic ignored "-Wattributes"
 106:Drivers/CMSIS/Include/cmsis_gcc.h ****   __PACKED_STRUCT T_UINT32_READ { uint32_t v; };
 107:Drivers/CMSIS/Include/cmsis_gcc.h ****   #pragma GCC diagnostic pop
 108:Drivers/CMSIS/Include/cmsis_gcc.h ****   #define __UNALIGNED_UINT32_READ(addr)          (((const struct T_UINT32_READ *)(const void *)(add
 109:Drivers/CMSIS/Include/cmsis_gcc.h **** #endif
 110:Drivers/CMSIS/Include/cmsis_gcc.h **** #ifndef   __ALIGNED
 111:Drivers/CMSIS/Include/cmsis_gcc.h ****   #define __ALIGNED(x)                           __attribute__((aligned(x)))
 112:Drivers/CMSIS/Include/cmsis_gcc.h **** #endif
 113:Drivers/CMSIS/Include/cmsis_gcc.h **** #ifndef   __RESTRICT
 114:Drivers/CMSIS/Include/cmsis_gcc.h ****   #define __RESTRICT                             __restrict
 115:Drivers/CMSIS/Include/cmsis_gcc.h **** #endif
 116:Drivers/CMSIS/Include/cmsis_gcc.h **** #ifndef   __COMPILER_BARRIER
 117:Drivers/CMSIS/Include/cmsis_gcc.h ****   #define __COMPILER_BARRIER()                   __ASM volatile("":::"memory")
 118:Drivers/CMSIS/Include/cmsis_gcc.h **** #endif
 119:Drivers/CMSIS/Include/cmsis_gcc.h **** 
 120:Drivers/CMSIS/Include/cmsis_gcc.h **** /* #########################  Startup and Lowlevel Init  ######################## */
 121:Drivers/CMSIS/Include/cmsis_gcc.h **** 
 122:Drivers/CMSIS/Include/cmsis_gcc.h **** #ifndef __PROGRAM_START
 123:Drivers/CMSIS/Include/cmsis_gcc.h **** 
 124:Drivers/CMSIS/Include/cmsis_gcc.h **** /**
 125:Drivers/CMSIS/Include/cmsis_gcc.h ****   \brief   Initializes data and bss sections
 126:Drivers/CMSIS/Include/cmsis_gcc.h ****   \details This default implementations initialized all data and additional bss
 127:Drivers/CMSIS/Include/cmsis_gcc.h ****            sections relying on .copy.table and .zero.table specified properly
 128:Drivers/CMSIS/Include/cmsis_gcc.h ****            in the used linker script.
 129:Drivers/CMSIS/Include/cmsis_gcc.h **** 
ARM GAS  /var/folders/d6/h50ndp_j7xj_7552gzkj6_s40000gn/T//ccVJeyYC.s 			page 23


 130:Drivers/CMSIS/Include/cmsis_gcc.h ****  */
 131:Drivers/CMSIS/Include/cmsis_gcc.h **** __STATIC_FORCEINLINE __NO_RETURN void __cmsis_start(void)
 132:Drivers/CMSIS/Include/cmsis_gcc.h **** {
 133:Drivers/CMSIS/Include/cmsis_gcc.h ****   extern void _start(void) __NO_RETURN;
 134:Drivers/CMSIS/Include/cmsis_gcc.h **** 
 135:Drivers/CMSIS/Include/cmsis_gcc.h ****   typedef struct {
 136:Drivers/CMSIS/Include/cmsis_gcc.h ****     uint32_t const* src;
 137:Drivers/CMSIS/Include/cmsis_gcc.h ****     uint32_t* dest;
 138:Drivers/CMSIS/Include/cmsis_gcc.h ****     uint32_t  wlen;
 139:Drivers/CMSIS/Include/cmsis_gcc.h ****   } __copy_table_t;
 140:Drivers/CMSIS/Include/cmsis_gcc.h **** 
 141:Drivers/CMSIS/Include/cmsis_gcc.h ****   typedef struct {
 142:Drivers/CMSIS/Include/cmsis_gcc.h ****     uint32_t* dest;
 143:Drivers/CMSIS/Include/cmsis_gcc.h ****     uint32_t  wlen;
 144:Drivers/CMSIS/Include/cmsis_gcc.h ****   } __zero_table_t;
 145:Drivers/CMSIS/Include/cmsis_gcc.h **** 
 146:Drivers/CMSIS/Include/cmsis_gcc.h ****   extern const __copy_table_t __copy_table_start__;
 147:Drivers/CMSIS/Include/cmsis_gcc.h ****   extern const __copy_table_t __copy_table_end__;
 148:Drivers/CMSIS/Include/cmsis_gcc.h ****   extern const __zero_table_t __zero_table_start__;
 149:Drivers/CMSIS/Include/cmsis_gcc.h ****   extern const __zero_table_t __zero_table_end__;
 150:Drivers/CMSIS/Include/cmsis_gcc.h **** 
 151:Drivers/CMSIS/Include/cmsis_gcc.h ****   for (__copy_table_t const* pTable = &__copy_table_start__; pTable < &__copy_table_end__; ++pTable
 152:Drivers/CMSIS/Include/cmsis_gcc.h ****     for(uint32_t i=0u; i<pTable->wlen; ++i) {
 153:Drivers/CMSIS/Include/cmsis_gcc.h ****       pTable->dest[i] = pTable->src[i];
 154:Drivers/CMSIS/Include/cmsis_gcc.h ****     }
 155:Drivers/CMSIS/Include/cmsis_gcc.h ****   }
 156:Drivers/CMSIS/Include/cmsis_gcc.h **** 
 157:Drivers/CMSIS/Include/cmsis_gcc.h ****   for (__zero_table_t const* pTable = &__zero_table_start__; pTable < &__zero_table_end__; ++pTable
 158:Drivers/CMSIS/Include/cmsis_gcc.h ****     for(uint32_t i=0u; i<pTable->wlen; ++i) {
 159:Drivers/CMSIS/Include/cmsis_gcc.h ****       pTable->dest[i] = 0u;
 160:Drivers/CMSIS/Include/cmsis_gcc.h ****     }
 161:Drivers/CMSIS/Include/cmsis_gcc.h ****   }
 162:Drivers/CMSIS/Include/cmsis_gcc.h **** 
 163:Drivers/CMSIS/Include/cmsis_gcc.h ****   _start();
 164:Drivers/CMSIS/Include/cmsis_gcc.h **** }
 165:Drivers/CMSIS/Include/cmsis_gcc.h **** 
 166:Drivers/CMSIS/Include/cmsis_gcc.h **** #define __PROGRAM_START           __cmsis_start
 167:Drivers/CMSIS/Include/cmsis_gcc.h **** #endif
 168:Drivers/CMSIS/Include/cmsis_gcc.h **** 
 169:Drivers/CMSIS/Include/cmsis_gcc.h **** #ifndef __INITIAL_SP
 170:Drivers/CMSIS/Include/cmsis_gcc.h **** #define __INITIAL_SP              __StackTop
 171:Drivers/CMSIS/Include/cmsis_gcc.h **** #endif
 172:Drivers/CMSIS/Include/cmsis_gcc.h **** 
 173:Drivers/CMSIS/Include/cmsis_gcc.h **** #ifndef __STACK_LIMIT
 174:Drivers/CMSIS/Include/cmsis_gcc.h **** #define __STACK_LIMIT             __StackLimit
 175:Drivers/CMSIS/Include/cmsis_gcc.h **** #endif
 176:Drivers/CMSIS/Include/cmsis_gcc.h **** 
 177:Drivers/CMSIS/Include/cmsis_gcc.h **** #ifndef __VECTOR_TABLE
 178:Drivers/CMSIS/Include/cmsis_gcc.h **** #define __VECTOR_TABLE            __Vectors
 179:Drivers/CMSIS/Include/cmsis_gcc.h **** #endif
 180:Drivers/CMSIS/Include/cmsis_gcc.h **** 
 181:Drivers/CMSIS/Include/cmsis_gcc.h **** #ifndef __VECTOR_TABLE_ATTRIBUTE
 182:Drivers/CMSIS/Include/cmsis_gcc.h **** #define __VECTOR_TABLE_ATTRIBUTE  __attribute__((used, section(".vectors")))
 183:Drivers/CMSIS/Include/cmsis_gcc.h **** #endif
 184:Drivers/CMSIS/Include/cmsis_gcc.h **** 
 185:Drivers/CMSIS/Include/cmsis_gcc.h **** #if defined (__ARM_FEATURE_CMSE) && (__ARM_FEATURE_CMSE == 3U)
 186:Drivers/CMSIS/Include/cmsis_gcc.h **** #ifndef __STACK_SEAL
ARM GAS  /var/folders/d6/h50ndp_j7xj_7552gzkj6_s40000gn/T//ccVJeyYC.s 			page 24


 187:Drivers/CMSIS/Include/cmsis_gcc.h **** #define __STACK_SEAL              __StackSeal
 188:Drivers/CMSIS/Include/cmsis_gcc.h **** #endif
 189:Drivers/CMSIS/Include/cmsis_gcc.h **** 
 190:Drivers/CMSIS/Include/cmsis_gcc.h **** #ifndef __TZ_STACK_SEAL_SIZE
 191:Drivers/CMSIS/Include/cmsis_gcc.h **** #define __TZ_STACK_SEAL_SIZE      8U
 192:Drivers/CMSIS/Include/cmsis_gcc.h **** #endif
 193:Drivers/CMSIS/Include/cmsis_gcc.h **** 
 194:Drivers/CMSIS/Include/cmsis_gcc.h **** #ifndef __TZ_STACK_SEAL_VALUE
 195:Drivers/CMSIS/Include/cmsis_gcc.h **** #define __TZ_STACK_SEAL_VALUE     0xFEF5EDA5FEF5EDA5ULL
 196:Drivers/CMSIS/Include/cmsis_gcc.h **** #endif
 197:Drivers/CMSIS/Include/cmsis_gcc.h **** 
 198:Drivers/CMSIS/Include/cmsis_gcc.h **** 
 199:Drivers/CMSIS/Include/cmsis_gcc.h **** __STATIC_FORCEINLINE void __TZ_set_STACKSEAL_S (uint32_t* stackTop) {
 200:Drivers/CMSIS/Include/cmsis_gcc.h ****   *((uint64_t *)stackTop) = __TZ_STACK_SEAL_VALUE;
 201:Drivers/CMSIS/Include/cmsis_gcc.h **** }
 202:Drivers/CMSIS/Include/cmsis_gcc.h **** #endif
 203:Drivers/CMSIS/Include/cmsis_gcc.h **** 
 204:Drivers/CMSIS/Include/cmsis_gcc.h **** 
 205:Drivers/CMSIS/Include/cmsis_gcc.h **** /* ##########################  Core Instruction Access  ######################### */
 206:Drivers/CMSIS/Include/cmsis_gcc.h **** /** \defgroup CMSIS_Core_InstructionInterface CMSIS Core Instruction Interface
 207:Drivers/CMSIS/Include/cmsis_gcc.h ****   Access to dedicated instructions
 208:Drivers/CMSIS/Include/cmsis_gcc.h ****   @{
 209:Drivers/CMSIS/Include/cmsis_gcc.h **** */
 210:Drivers/CMSIS/Include/cmsis_gcc.h **** 
 211:Drivers/CMSIS/Include/cmsis_gcc.h **** /* Define macros for porting to both thumb1 and thumb2.
 212:Drivers/CMSIS/Include/cmsis_gcc.h ****  * For thumb1, use low register (r0-r7), specified by constraint "l"
 213:Drivers/CMSIS/Include/cmsis_gcc.h ****  * Otherwise, use general registers, specified by constraint "r" */
 214:Drivers/CMSIS/Include/cmsis_gcc.h **** #if defined (__thumb__) && !defined (__thumb2__)
 215:Drivers/CMSIS/Include/cmsis_gcc.h **** #define __CMSIS_GCC_OUT_REG(r) "=l" (r)
 216:Drivers/CMSIS/Include/cmsis_gcc.h **** #define __CMSIS_GCC_RW_REG(r) "+l" (r)
 217:Drivers/CMSIS/Include/cmsis_gcc.h **** #define __CMSIS_GCC_USE_REG(r) "l" (r)
 218:Drivers/CMSIS/Include/cmsis_gcc.h **** #else
 219:Drivers/CMSIS/Include/cmsis_gcc.h **** #define __CMSIS_GCC_OUT_REG(r) "=r" (r)
 220:Drivers/CMSIS/Include/cmsis_gcc.h **** #define __CMSIS_GCC_RW_REG(r) "+r" (r)
 221:Drivers/CMSIS/Include/cmsis_gcc.h **** #define __CMSIS_GCC_USE_REG(r) "r" (r)
 222:Drivers/CMSIS/Include/cmsis_gcc.h **** #endif
 223:Drivers/CMSIS/Include/cmsis_gcc.h **** 
 224:Drivers/CMSIS/Include/cmsis_gcc.h **** /**
 225:Drivers/CMSIS/Include/cmsis_gcc.h ****   \brief   No Operation
 226:Drivers/CMSIS/Include/cmsis_gcc.h ****   \details No Operation does nothing. This instruction can be used for code alignment purposes.
 227:Drivers/CMSIS/Include/cmsis_gcc.h ****  */
 228:Drivers/CMSIS/Include/cmsis_gcc.h **** #define __NOP()                             __ASM volatile ("nop")
 229:Drivers/CMSIS/Include/cmsis_gcc.h **** 
 230:Drivers/CMSIS/Include/cmsis_gcc.h **** /**
 231:Drivers/CMSIS/Include/cmsis_gcc.h ****   \brief   Wait For Interrupt
 232:Drivers/CMSIS/Include/cmsis_gcc.h ****   \details Wait For Interrupt is a hint instruction that suspends execution until one of a number o
 233:Drivers/CMSIS/Include/cmsis_gcc.h ****  */
 234:Drivers/CMSIS/Include/cmsis_gcc.h **** #define __WFI()                             __ASM volatile ("wfi":::"memory")
 235:Drivers/CMSIS/Include/cmsis_gcc.h **** 
 236:Drivers/CMSIS/Include/cmsis_gcc.h **** 
 237:Drivers/CMSIS/Include/cmsis_gcc.h **** /**
 238:Drivers/CMSIS/Include/cmsis_gcc.h ****   \brief   Wait For Event
 239:Drivers/CMSIS/Include/cmsis_gcc.h ****   \details Wait For Event is a hint instruction that permits the processor to enter
 240:Drivers/CMSIS/Include/cmsis_gcc.h ****            a low-power state until one of a number of events occurs.
 241:Drivers/CMSIS/Include/cmsis_gcc.h ****  */
 242:Drivers/CMSIS/Include/cmsis_gcc.h **** #define __WFE()                             __ASM volatile ("wfe":::"memory")
 243:Drivers/CMSIS/Include/cmsis_gcc.h **** 
ARM GAS  /var/folders/d6/h50ndp_j7xj_7552gzkj6_s40000gn/T//ccVJeyYC.s 			page 25


 244:Drivers/CMSIS/Include/cmsis_gcc.h **** 
 245:Drivers/CMSIS/Include/cmsis_gcc.h **** /**
 246:Drivers/CMSIS/Include/cmsis_gcc.h ****   \brief   Send Event
 247:Drivers/CMSIS/Include/cmsis_gcc.h ****   \details Send Event is a hint instruction. It causes an event to be signaled to the CPU.
 248:Drivers/CMSIS/Include/cmsis_gcc.h ****  */
 249:Drivers/CMSIS/Include/cmsis_gcc.h **** #define __SEV()                             __ASM volatile ("sev")
 250:Drivers/CMSIS/Include/cmsis_gcc.h **** 
 251:Drivers/CMSIS/Include/cmsis_gcc.h **** 
 252:Drivers/CMSIS/Include/cmsis_gcc.h **** /**
 253:Drivers/CMSIS/Include/cmsis_gcc.h ****   \brief   Instruction Synchronization Barrier
 254:Drivers/CMSIS/Include/cmsis_gcc.h ****   \details Instruction Synchronization Barrier flushes the pipeline in the processor,
 255:Drivers/CMSIS/Include/cmsis_gcc.h ****            so that all instructions following the ISB are fetched from cache or memory,
 256:Drivers/CMSIS/Include/cmsis_gcc.h ****            after the instruction has been completed.
 257:Drivers/CMSIS/Include/cmsis_gcc.h ****  */
 258:Drivers/CMSIS/Include/cmsis_gcc.h **** __STATIC_FORCEINLINE void __ISB(void)
 259:Drivers/CMSIS/Include/cmsis_gcc.h **** {
 260:Drivers/CMSIS/Include/cmsis_gcc.h ****   __ASM volatile ("isb 0xF":::"memory");
 261:Drivers/CMSIS/Include/cmsis_gcc.h **** }
 262:Drivers/CMSIS/Include/cmsis_gcc.h **** 
 263:Drivers/CMSIS/Include/cmsis_gcc.h **** 
 264:Drivers/CMSIS/Include/cmsis_gcc.h **** /**
 265:Drivers/CMSIS/Include/cmsis_gcc.h ****   \brief   Data Synchronization Barrier
 266:Drivers/CMSIS/Include/cmsis_gcc.h ****   \details Acts as a special kind of Data Memory Barrier.
 267:Drivers/CMSIS/Include/cmsis_gcc.h ****            It completes when all explicit memory accesses before this instruction complete.
 268:Drivers/CMSIS/Include/cmsis_gcc.h ****  */
 269:Drivers/CMSIS/Include/cmsis_gcc.h **** __STATIC_FORCEINLINE void __DSB(void)
 270:Drivers/CMSIS/Include/cmsis_gcc.h **** {
 271:Drivers/CMSIS/Include/cmsis_gcc.h ****   __ASM volatile ("dsb 0xF":::"memory");
 272:Drivers/CMSIS/Include/cmsis_gcc.h **** }
 273:Drivers/CMSIS/Include/cmsis_gcc.h **** 
 274:Drivers/CMSIS/Include/cmsis_gcc.h **** 
 275:Drivers/CMSIS/Include/cmsis_gcc.h **** /**
 276:Drivers/CMSIS/Include/cmsis_gcc.h ****   \brief   Data Memory Barrier
 277:Drivers/CMSIS/Include/cmsis_gcc.h ****   \details Ensures the apparent order of the explicit memory operations before
 278:Drivers/CMSIS/Include/cmsis_gcc.h ****            and after the instruction, without ensuring their completion.
 279:Drivers/CMSIS/Include/cmsis_gcc.h ****  */
 280:Drivers/CMSIS/Include/cmsis_gcc.h **** __STATIC_FORCEINLINE void __DMB(void)
 281:Drivers/CMSIS/Include/cmsis_gcc.h **** {
 282:Drivers/CMSIS/Include/cmsis_gcc.h ****   __ASM volatile ("dmb 0xF":::"memory");
 283:Drivers/CMSIS/Include/cmsis_gcc.h **** }
 284:Drivers/CMSIS/Include/cmsis_gcc.h **** 
 285:Drivers/CMSIS/Include/cmsis_gcc.h **** 
 286:Drivers/CMSIS/Include/cmsis_gcc.h **** /**
 287:Drivers/CMSIS/Include/cmsis_gcc.h ****   \brief   Reverse byte order (32 bit)
 288:Drivers/CMSIS/Include/cmsis_gcc.h ****   \details Reverses the byte order in unsigned integer value. For example, 0x12345678 becomes 0x785
 289:Drivers/CMSIS/Include/cmsis_gcc.h ****   \param [in]    value  Value to reverse
 290:Drivers/CMSIS/Include/cmsis_gcc.h ****   \return               Reversed value
 291:Drivers/CMSIS/Include/cmsis_gcc.h ****  */
 292:Drivers/CMSIS/Include/cmsis_gcc.h **** __STATIC_FORCEINLINE uint32_t __REV(uint32_t value)
 293:Drivers/CMSIS/Include/cmsis_gcc.h **** {
 294:Drivers/CMSIS/Include/cmsis_gcc.h **** #if (__GNUC__ > 4) || (__GNUC__ == 4 && __GNUC_MINOR__ >= 5)
 295:Drivers/CMSIS/Include/cmsis_gcc.h ****   return __builtin_bswap32(value);
 296:Drivers/CMSIS/Include/cmsis_gcc.h **** #else
 297:Drivers/CMSIS/Include/cmsis_gcc.h ****   uint32_t result;
 298:Drivers/CMSIS/Include/cmsis_gcc.h **** 
 299:Drivers/CMSIS/Include/cmsis_gcc.h ****   __ASM ("rev %0, %1" : __CMSIS_GCC_OUT_REG (result) : __CMSIS_GCC_USE_REG (value) );
 300:Drivers/CMSIS/Include/cmsis_gcc.h ****   return result;
ARM GAS  /var/folders/d6/h50ndp_j7xj_7552gzkj6_s40000gn/T//ccVJeyYC.s 			page 26


 301:Drivers/CMSIS/Include/cmsis_gcc.h **** #endif
 302:Drivers/CMSIS/Include/cmsis_gcc.h **** }
 303:Drivers/CMSIS/Include/cmsis_gcc.h **** 
 304:Drivers/CMSIS/Include/cmsis_gcc.h **** 
 305:Drivers/CMSIS/Include/cmsis_gcc.h **** /**
 306:Drivers/CMSIS/Include/cmsis_gcc.h ****   \brief   Reverse byte order (16 bit)
 307:Drivers/CMSIS/Include/cmsis_gcc.h ****   \details Reverses the byte order within each halfword of a word. For example, 0x12345678 becomes 
 308:Drivers/CMSIS/Include/cmsis_gcc.h ****   \param [in]    value  Value to reverse
 309:Drivers/CMSIS/Include/cmsis_gcc.h ****   \return               Reversed value
 310:Drivers/CMSIS/Include/cmsis_gcc.h ****  */
 311:Drivers/CMSIS/Include/cmsis_gcc.h **** __STATIC_FORCEINLINE uint32_t __REV16(uint32_t value)
 312:Drivers/CMSIS/Include/cmsis_gcc.h **** {
 313:Drivers/CMSIS/Include/cmsis_gcc.h ****   uint32_t result;
 314:Drivers/CMSIS/Include/cmsis_gcc.h **** 
 315:Drivers/CMSIS/Include/cmsis_gcc.h ****   __ASM ("rev16 %0, %1" : __CMSIS_GCC_OUT_REG (result) : __CMSIS_GCC_USE_REG (value) );
 316:Drivers/CMSIS/Include/cmsis_gcc.h ****   return result;
 317:Drivers/CMSIS/Include/cmsis_gcc.h **** }
 318:Drivers/CMSIS/Include/cmsis_gcc.h **** 
 319:Drivers/CMSIS/Include/cmsis_gcc.h **** 
 320:Drivers/CMSIS/Include/cmsis_gcc.h **** /**
 321:Drivers/CMSIS/Include/cmsis_gcc.h ****   \brief   Reverse byte order (16 bit)
 322:Drivers/CMSIS/Include/cmsis_gcc.h ****   \details Reverses the byte order in a 16-bit value and returns the signed 16-bit result. For exam
 323:Drivers/CMSIS/Include/cmsis_gcc.h ****   \param [in]    value  Value to reverse
 324:Drivers/CMSIS/Include/cmsis_gcc.h ****   \return               Reversed value
 325:Drivers/CMSIS/Include/cmsis_gcc.h ****  */
 326:Drivers/CMSIS/Include/cmsis_gcc.h **** __STATIC_FORCEINLINE int16_t __REVSH(int16_t value)
 327:Drivers/CMSIS/Include/cmsis_gcc.h **** {
 328:Drivers/CMSIS/Include/cmsis_gcc.h **** #if (__GNUC__ > 4) || (__GNUC__ == 4 && __GNUC_MINOR__ >= 8)
 329:Drivers/CMSIS/Include/cmsis_gcc.h ****   return (int16_t)__builtin_bswap16(value);
 330:Drivers/CMSIS/Include/cmsis_gcc.h **** #else
 331:Drivers/CMSIS/Include/cmsis_gcc.h ****   int16_t result;
 332:Drivers/CMSIS/Include/cmsis_gcc.h **** 
 333:Drivers/CMSIS/Include/cmsis_gcc.h ****   __ASM ("revsh %0, %1" : __CMSIS_GCC_OUT_REG (result) : __CMSIS_GCC_USE_REG (value) );
 334:Drivers/CMSIS/Include/cmsis_gcc.h ****   return result;
 335:Drivers/CMSIS/Include/cmsis_gcc.h **** #endif
 336:Drivers/CMSIS/Include/cmsis_gcc.h **** }
 337:Drivers/CMSIS/Include/cmsis_gcc.h **** 
 338:Drivers/CMSIS/Include/cmsis_gcc.h **** 
 339:Drivers/CMSIS/Include/cmsis_gcc.h **** /**
 340:Drivers/CMSIS/Include/cmsis_gcc.h ****   \brief   Rotate Right in unsigned value (32 bit)
 341:Drivers/CMSIS/Include/cmsis_gcc.h ****   \details Rotate Right (immediate) provides the value of the contents of a register rotated by a v
 342:Drivers/CMSIS/Include/cmsis_gcc.h ****   \param [in]    op1  Value to rotate
 343:Drivers/CMSIS/Include/cmsis_gcc.h ****   \param [in]    op2  Number of Bits to rotate
 344:Drivers/CMSIS/Include/cmsis_gcc.h ****   \return               Rotated value
 345:Drivers/CMSIS/Include/cmsis_gcc.h ****  */
 346:Drivers/CMSIS/Include/cmsis_gcc.h **** __STATIC_FORCEINLINE uint32_t __ROR(uint32_t op1, uint32_t op2)
 347:Drivers/CMSIS/Include/cmsis_gcc.h **** {
 348:Drivers/CMSIS/Include/cmsis_gcc.h ****   op2 %= 32U;
 349:Drivers/CMSIS/Include/cmsis_gcc.h ****   if (op2 == 0U)
 350:Drivers/CMSIS/Include/cmsis_gcc.h ****   {
 351:Drivers/CMSIS/Include/cmsis_gcc.h ****     return op1;
 352:Drivers/CMSIS/Include/cmsis_gcc.h ****   }
 353:Drivers/CMSIS/Include/cmsis_gcc.h ****   return (op1 >> op2) | (op1 << (32U - op2));
 354:Drivers/CMSIS/Include/cmsis_gcc.h **** }
 355:Drivers/CMSIS/Include/cmsis_gcc.h **** 
 356:Drivers/CMSIS/Include/cmsis_gcc.h **** 
 357:Drivers/CMSIS/Include/cmsis_gcc.h **** /**
ARM GAS  /var/folders/d6/h50ndp_j7xj_7552gzkj6_s40000gn/T//ccVJeyYC.s 			page 27


 358:Drivers/CMSIS/Include/cmsis_gcc.h ****   \brief   Breakpoint
 359:Drivers/CMSIS/Include/cmsis_gcc.h ****   \details Causes the processor to enter Debug state.
 360:Drivers/CMSIS/Include/cmsis_gcc.h ****            Debug tools can use this to investigate system state when the instruction at a particula
 361:Drivers/CMSIS/Include/cmsis_gcc.h ****   \param [in]    value  is ignored by the processor.
 362:Drivers/CMSIS/Include/cmsis_gcc.h ****                  If required, a debugger can use it to store additional information about the break
 363:Drivers/CMSIS/Include/cmsis_gcc.h ****  */
 364:Drivers/CMSIS/Include/cmsis_gcc.h **** #define __BKPT(value)                       __ASM volatile ("bkpt "#value)
 365:Drivers/CMSIS/Include/cmsis_gcc.h **** 
 366:Drivers/CMSIS/Include/cmsis_gcc.h **** 
 367:Drivers/CMSIS/Include/cmsis_gcc.h **** /**
 368:Drivers/CMSIS/Include/cmsis_gcc.h ****   \brief   Reverse bit order of value
 369:Drivers/CMSIS/Include/cmsis_gcc.h ****   \details Reverses the bit order of the given value.
 370:Drivers/CMSIS/Include/cmsis_gcc.h ****   \param [in]    value  Value to reverse
 371:Drivers/CMSIS/Include/cmsis_gcc.h ****   \return               Reversed value
 372:Drivers/CMSIS/Include/cmsis_gcc.h ****  */
 373:Drivers/CMSIS/Include/cmsis_gcc.h **** __STATIC_FORCEINLINE uint32_t __RBIT(uint32_t value)
 374:Drivers/CMSIS/Include/cmsis_gcc.h **** {
 375:Drivers/CMSIS/Include/cmsis_gcc.h ****   uint32_t result;
 376:Drivers/CMSIS/Include/cmsis_gcc.h **** 
 377:Drivers/CMSIS/Include/cmsis_gcc.h **** #if ((defined (__ARM_ARCH_7M__      ) && (__ARM_ARCH_7M__      == 1)) || \
 378:Drivers/CMSIS/Include/cmsis_gcc.h ****      (defined (__ARM_ARCH_7EM__     ) && (__ARM_ARCH_7EM__     == 1)) || \
 379:Drivers/CMSIS/Include/cmsis_gcc.h ****      (defined (__ARM_ARCH_8M_MAIN__ ) && (__ARM_ARCH_8M_MAIN__ == 1))    )
 380:Drivers/CMSIS/Include/cmsis_gcc.h ****    __ASM ("rbit %0, %1" : "=r" (result) : "r" (value) );
 381:Drivers/CMSIS/Include/cmsis_gcc.h **** #else
 382:Drivers/CMSIS/Include/cmsis_gcc.h ****   uint32_t s = (4U /*sizeof(v)*/ * 8U) - 1U; /* extra shift needed at end */
 383:Drivers/CMSIS/Include/cmsis_gcc.h **** 
 384:Drivers/CMSIS/Include/cmsis_gcc.h ****   result = value;                      /* r will be reversed bits of v; first get LSB of v */
 385:Drivers/CMSIS/Include/cmsis_gcc.h ****   for (value >>= 1U; value != 0U; value >>= 1U)
 386:Drivers/CMSIS/Include/cmsis_gcc.h ****   {
 387:Drivers/CMSIS/Include/cmsis_gcc.h ****     result <<= 1U;
 388:Drivers/CMSIS/Include/cmsis_gcc.h ****     result |= value & 1U;
 389:Drivers/CMSIS/Include/cmsis_gcc.h ****     s--;
 390:Drivers/CMSIS/Include/cmsis_gcc.h ****   }
 391:Drivers/CMSIS/Include/cmsis_gcc.h ****   result <<= s;                        /* shift when v's highest bits are zero */
 392:Drivers/CMSIS/Include/cmsis_gcc.h **** #endif
 393:Drivers/CMSIS/Include/cmsis_gcc.h ****   return result;
 394:Drivers/CMSIS/Include/cmsis_gcc.h **** }
 395:Drivers/CMSIS/Include/cmsis_gcc.h **** 
 396:Drivers/CMSIS/Include/cmsis_gcc.h **** 
 397:Drivers/CMSIS/Include/cmsis_gcc.h **** /**
 398:Drivers/CMSIS/Include/cmsis_gcc.h ****   \brief   Count leading zeros
 399:Drivers/CMSIS/Include/cmsis_gcc.h ****   \details Counts the number of leading zeros of a data value.
 400:Drivers/CMSIS/Include/cmsis_gcc.h ****   \param [in]  value  Value to count the leading zeros
 401:Drivers/CMSIS/Include/cmsis_gcc.h ****   \return             number of leading zeros in value
 402:Drivers/CMSIS/Include/cmsis_gcc.h ****  */
 403:Drivers/CMSIS/Include/cmsis_gcc.h **** __STATIC_FORCEINLINE uint8_t __CLZ(uint32_t value)
 404:Drivers/CMSIS/Include/cmsis_gcc.h **** {
 405:Drivers/CMSIS/Include/cmsis_gcc.h ****   /* Even though __builtin_clz produces a CLZ instruction on ARM, formally
 406:Drivers/CMSIS/Include/cmsis_gcc.h ****      __builtin_clz(0) is undefined behaviour, so handle this case specially.
 407:Drivers/CMSIS/Include/cmsis_gcc.h ****      This guarantees ARM-compatible results if happening to compile on a non-ARM
 408:Drivers/CMSIS/Include/cmsis_gcc.h ****      target, and ensures the compiler doesn't decide to activate any
 409:Drivers/CMSIS/Include/cmsis_gcc.h ****      optimisations using the logic "value was passed to __builtin_clz, so it
 410:Drivers/CMSIS/Include/cmsis_gcc.h ****      is non-zero".
 411:Drivers/CMSIS/Include/cmsis_gcc.h ****      ARM GCC 7.3 and possibly earlier will optimise this test away, leaving a
 412:Drivers/CMSIS/Include/cmsis_gcc.h ****      single CLZ instruction.
 413:Drivers/CMSIS/Include/cmsis_gcc.h ****    */
 414:Drivers/CMSIS/Include/cmsis_gcc.h ****   if (value == 0U)
ARM GAS  /var/folders/d6/h50ndp_j7xj_7552gzkj6_s40000gn/T//ccVJeyYC.s 			page 28


 415:Drivers/CMSIS/Include/cmsis_gcc.h ****   {
 416:Drivers/CMSIS/Include/cmsis_gcc.h ****     return 32U;
 417:Drivers/CMSIS/Include/cmsis_gcc.h ****   }
 418:Drivers/CMSIS/Include/cmsis_gcc.h ****   return __builtin_clz(value);
 419:Drivers/CMSIS/Include/cmsis_gcc.h **** }
 420:Drivers/CMSIS/Include/cmsis_gcc.h **** 
 421:Drivers/CMSIS/Include/cmsis_gcc.h **** 
 422:Drivers/CMSIS/Include/cmsis_gcc.h **** #if ((defined (__ARM_ARCH_7M__      ) && (__ARM_ARCH_7M__      == 1)) || \
 423:Drivers/CMSIS/Include/cmsis_gcc.h ****      (defined (__ARM_ARCH_7EM__     ) && (__ARM_ARCH_7EM__     == 1)) || \
 424:Drivers/CMSIS/Include/cmsis_gcc.h ****      (defined (__ARM_ARCH_8M_MAIN__ ) && (__ARM_ARCH_8M_MAIN__ == 1)) || \
 425:Drivers/CMSIS/Include/cmsis_gcc.h ****      (defined (__ARM_ARCH_8M_BASE__ ) && (__ARM_ARCH_8M_BASE__ == 1))    )
 426:Drivers/CMSIS/Include/cmsis_gcc.h **** /**
 427:Drivers/CMSIS/Include/cmsis_gcc.h ****   \brief   LDR Exclusive (8 bit)
 428:Drivers/CMSIS/Include/cmsis_gcc.h ****   \details Executes a exclusive LDR instruction for 8 bit value.
 429:Drivers/CMSIS/Include/cmsis_gcc.h ****   \param [in]    ptr  Pointer to data
 430:Drivers/CMSIS/Include/cmsis_gcc.h ****   \return             value of type uint8_t at (*ptr)
 431:Drivers/CMSIS/Include/cmsis_gcc.h ****  */
 432:Drivers/CMSIS/Include/cmsis_gcc.h **** __STATIC_FORCEINLINE uint8_t __LDREXB(volatile uint8_t *addr)
 433:Drivers/CMSIS/Include/cmsis_gcc.h **** {
 434:Drivers/CMSIS/Include/cmsis_gcc.h ****     uint32_t result;
 435:Drivers/CMSIS/Include/cmsis_gcc.h **** 
 436:Drivers/CMSIS/Include/cmsis_gcc.h **** #if (__GNUC__ > 4) || (__GNUC__ == 4 && __GNUC_MINOR__ >= 8)
 437:Drivers/CMSIS/Include/cmsis_gcc.h ****    __ASM volatile ("ldrexb %0, %1" : "=r" (result) : "Q" (*addr) );
 438:Drivers/CMSIS/Include/cmsis_gcc.h **** #else
 439:Drivers/CMSIS/Include/cmsis_gcc.h ****     /* Prior to GCC 4.8, "Q" will be expanded to [rx, #0] which is not
 440:Drivers/CMSIS/Include/cmsis_gcc.h ****        accepted by assembler. So has to use following less efficient pattern.
 441:Drivers/CMSIS/Include/cmsis_gcc.h ****     */
 442:Drivers/CMSIS/Include/cmsis_gcc.h ****    __ASM volatile ("ldrexb %0, [%1]" : "=r" (result) : "r" (addr) : "memory" );
 443:Drivers/CMSIS/Include/cmsis_gcc.h **** #endif
 444:Drivers/CMSIS/Include/cmsis_gcc.h ****    return ((uint8_t) result);    /* Add explicit type cast here */
 445:Drivers/CMSIS/Include/cmsis_gcc.h **** }
 446:Drivers/CMSIS/Include/cmsis_gcc.h **** 
 447:Drivers/CMSIS/Include/cmsis_gcc.h **** 
 448:Drivers/CMSIS/Include/cmsis_gcc.h **** /**
 449:Drivers/CMSIS/Include/cmsis_gcc.h ****   \brief   LDR Exclusive (16 bit)
 450:Drivers/CMSIS/Include/cmsis_gcc.h ****   \details Executes a exclusive LDR instruction for 16 bit values.
 451:Drivers/CMSIS/Include/cmsis_gcc.h ****   \param [in]    ptr  Pointer to data
 452:Drivers/CMSIS/Include/cmsis_gcc.h ****   \return        value of type uint16_t at (*ptr)
 453:Drivers/CMSIS/Include/cmsis_gcc.h ****  */
 454:Drivers/CMSIS/Include/cmsis_gcc.h **** __STATIC_FORCEINLINE uint16_t __LDREXH(volatile uint16_t *addr)
 455:Drivers/CMSIS/Include/cmsis_gcc.h **** {
 456:Drivers/CMSIS/Include/cmsis_gcc.h ****     uint32_t result;
 457:Drivers/CMSIS/Include/cmsis_gcc.h **** 
 458:Drivers/CMSIS/Include/cmsis_gcc.h **** #if (__GNUC__ > 4) || (__GNUC__ == 4 && __GNUC_MINOR__ >= 8)
 459:Drivers/CMSIS/Include/cmsis_gcc.h ****    __ASM volatile ("ldrexh %0, %1" : "=r" (result) : "Q" (*addr) );
 460:Drivers/CMSIS/Include/cmsis_gcc.h **** #else
 461:Drivers/CMSIS/Include/cmsis_gcc.h ****     /* Prior to GCC 4.8, "Q" will be expanded to [rx, #0] which is not
 462:Drivers/CMSIS/Include/cmsis_gcc.h ****        accepted by assembler. So has to use following less efficient pattern.
 463:Drivers/CMSIS/Include/cmsis_gcc.h ****     */
 464:Drivers/CMSIS/Include/cmsis_gcc.h ****    __ASM volatile ("ldrexh %0, [%1]" : "=r" (result) : "r" (addr) : "memory" );
 465:Drivers/CMSIS/Include/cmsis_gcc.h **** #endif
 466:Drivers/CMSIS/Include/cmsis_gcc.h ****    return ((uint16_t) result);    /* Add explicit type cast here */
 467:Drivers/CMSIS/Include/cmsis_gcc.h **** }
 468:Drivers/CMSIS/Include/cmsis_gcc.h **** 
 469:Drivers/CMSIS/Include/cmsis_gcc.h **** 
 470:Drivers/CMSIS/Include/cmsis_gcc.h **** /**
 471:Drivers/CMSIS/Include/cmsis_gcc.h ****   \brief   LDR Exclusive (32 bit)
ARM GAS  /var/folders/d6/h50ndp_j7xj_7552gzkj6_s40000gn/T//ccVJeyYC.s 			page 29


 472:Drivers/CMSIS/Include/cmsis_gcc.h ****   \details Executes a exclusive LDR instruction for 32 bit values.
 473:Drivers/CMSIS/Include/cmsis_gcc.h ****   \param [in]    ptr  Pointer to data
 474:Drivers/CMSIS/Include/cmsis_gcc.h ****   \return        value of type uint32_t at (*ptr)
 475:Drivers/CMSIS/Include/cmsis_gcc.h ****  */
 476:Drivers/CMSIS/Include/cmsis_gcc.h **** __STATIC_FORCEINLINE uint32_t __LDREXW(volatile uint32_t *addr)
 477:Drivers/CMSIS/Include/cmsis_gcc.h **** {
 478:Drivers/CMSIS/Include/cmsis_gcc.h ****     uint32_t result;
 479:Drivers/CMSIS/Include/cmsis_gcc.h **** 
 480:Drivers/CMSIS/Include/cmsis_gcc.h ****    __ASM volatile ("ldrex %0, %1" : "=r" (result) : "Q" (*addr) );
 481:Drivers/CMSIS/Include/cmsis_gcc.h ****    return(result);
 482:Drivers/CMSIS/Include/cmsis_gcc.h **** }
 483:Drivers/CMSIS/Include/cmsis_gcc.h **** 
 484:Drivers/CMSIS/Include/cmsis_gcc.h **** 
 485:Drivers/CMSIS/Include/cmsis_gcc.h **** /**
 486:Drivers/CMSIS/Include/cmsis_gcc.h ****   \brief   STR Exclusive (8 bit)
 487:Drivers/CMSIS/Include/cmsis_gcc.h ****   \details Executes a exclusive STR instruction for 8 bit values.
 488:Drivers/CMSIS/Include/cmsis_gcc.h ****   \param [in]  value  Value to store
 489:Drivers/CMSIS/Include/cmsis_gcc.h ****   \param [in]    ptr  Pointer to location
 490:Drivers/CMSIS/Include/cmsis_gcc.h ****   \return          0  Function succeeded
 491:Drivers/CMSIS/Include/cmsis_gcc.h ****   \return          1  Function failed
 492:Drivers/CMSIS/Include/cmsis_gcc.h ****  */
 493:Drivers/CMSIS/Include/cmsis_gcc.h **** __STATIC_FORCEINLINE uint32_t __STREXB(uint8_t value, volatile uint8_t *addr)
 494:Drivers/CMSIS/Include/cmsis_gcc.h **** {
 495:Drivers/CMSIS/Include/cmsis_gcc.h ****    uint32_t result;
 496:Drivers/CMSIS/Include/cmsis_gcc.h **** 
 497:Drivers/CMSIS/Include/cmsis_gcc.h ****    __ASM volatile ("strexb %0, %2, %1" : "=&r" (result), "=Q" (*addr) : "r" ((uint32_t)value) );
 498:Drivers/CMSIS/Include/cmsis_gcc.h ****    return(result);
 499:Drivers/CMSIS/Include/cmsis_gcc.h **** }
 500:Drivers/CMSIS/Include/cmsis_gcc.h **** 
 501:Drivers/CMSIS/Include/cmsis_gcc.h **** 
 502:Drivers/CMSIS/Include/cmsis_gcc.h **** /**
 503:Drivers/CMSIS/Include/cmsis_gcc.h ****   \brief   STR Exclusive (16 bit)
 504:Drivers/CMSIS/Include/cmsis_gcc.h ****   \details Executes a exclusive STR instruction for 16 bit values.
 505:Drivers/CMSIS/Include/cmsis_gcc.h ****   \param [in]  value  Value to store
 506:Drivers/CMSIS/Include/cmsis_gcc.h ****   \param [in]    ptr  Pointer to location
 507:Drivers/CMSIS/Include/cmsis_gcc.h ****   \return          0  Function succeeded
 508:Drivers/CMSIS/Include/cmsis_gcc.h ****   \return          1  Function failed
 509:Drivers/CMSIS/Include/cmsis_gcc.h ****  */
 510:Drivers/CMSIS/Include/cmsis_gcc.h **** __STATIC_FORCEINLINE uint32_t __STREXH(uint16_t value, volatile uint16_t *addr)
 511:Drivers/CMSIS/Include/cmsis_gcc.h **** {
 512:Drivers/CMSIS/Include/cmsis_gcc.h ****    uint32_t result;
 513:Drivers/CMSIS/Include/cmsis_gcc.h **** 
 514:Drivers/CMSIS/Include/cmsis_gcc.h ****    __ASM volatile ("strexh %0, %2, %1" : "=&r" (result), "=Q" (*addr) : "r" ((uint32_t)value) );
 515:Drivers/CMSIS/Include/cmsis_gcc.h ****    return(result);
 516:Drivers/CMSIS/Include/cmsis_gcc.h **** }
 517:Drivers/CMSIS/Include/cmsis_gcc.h **** 
 518:Drivers/CMSIS/Include/cmsis_gcc.h **** 
 519:Drivers/CMSIS/Include/cmsis_gcc.h **** /**
 520:Drivers/CMSIS/Include/cmsis_gcc.h ****   \brief   STR Exclusive (32 bit)
 521:Drivers/CMSIS/Include/cmsis_gcc.h ****   \details Executes a exclusive STR instruction for 32 bit values.
 522:Drivers/CMSIS/Include/cmsis_gcc.h ****   \param [in]  value  Value to store
 523:Drivers/CMSIS/Include/cmsis_gcc.h ****   \param [in]    ptr  Pointer to location
 524:Drivers/CMSIS/Include/cmsis_gcc.h ****   \return          0  Function succeeded
 525:Drivers/CMSIS/Include/cmsis_gcc.h ****   \return          1  Function failed
 526:Drivers/CMSIS/Include/cmsis_gcc.h ****  */
 527:Drivers/CMSIS/Include/cmsis_gcc.h **** __STATIC_FORCEINLINE uint32_t __STREXW(uint32_t value, volatile uint32_t *addr)
 528:Drivers/CMSIS/Include/cmsis_gcc.h **** {
ARM GAS  /var/folders/d6/h50ndp_j7xj_7552gzkj6_s40000gn/T//ccVJeyYC.s 			page 30


 529:Drivers/CMSIS/Include/cmsis_gcc.h ****    uint32_t result;
 530:Drivers/CMSIS/Include/cmsis_gcc.h **** 
 531:Drivers/CMSIS/Include/cmsis_gcc.h ****    __ASM volatile ("strex %0, %2, %1" : "=&r" (result), "=Q" (*addr) : "r" (value) );
 532:Drivers/CMSIS/Include/cmsis_gcc.h ****    return(result);
 533:Drivers/CMSIS/Include/cmsis_gcc.h **** }
 534:Drivers/CMSIS/Include/cmsis_gcc.h **** 
 535:Drivers/CMSIS/Include/cmsis_gcc.h **** 
 536:Drivers/CMSIS/Include/cmsis_gcc.h **** /**
 537:Drivers/CMSIS/Include/cmsis_gcc.h ****   \brief   Remove the exclusive lock
 538:Drivers/CMSIS/Include/cmsis_gcc.h ****   \details Removes the exclusive lock which is created by LDREX.
 539:Drivers/CMSIS/Include/cmsis_gcc.h ****  */
 540:Drivers/CMSIS/Include/cmsis_gcc.h **** __STATIC_FORCEINLINE void __CLREX(void)
 541:Drivers/CMSIS/Include/cmsis_gcc.h **** {
 542:Drivers/CMSIS/Include/cmsis_gcc.h ****   __ASM volatile ("clrex" ::: "memory");
 543:Drivers/CMSIS/Include/cmsis_gcc.h **** }
 544:Drivers/CMSIS/Include/cmsis_gcc.h **** 
 545:Drivers/CMSIS/Include/cmsis_gcc.h **** #endif /* ((defined (__ARM_ARCH_7M__      ) && (__ARM_ARCH_7M__      == 1)) || \
 546:Drivers/CMSIS/Include/cmsis_gcc.h ****            (defined (__ARM_ARCH_7EM__     ) && (__ARM_ARCH_7EM__     == 1)) || \
 547:Drivers/CMSIS/Include/cmsis_gcc.h ****            (defined (__ARM_ARCH_8M_MAIN__ ) && (__ARM_ARCH_8M_MAIN__ == 1)) || \
 548:Drivers/CMSIS/Include/cmsis_gcc.h ****            (defined (__ARM_ARCH_8M_BASE__ ) && (__ARM_ARCH_8M_BASE__ == 1))    ) */
 549:Drivers/CMSIS/Include/cmsis_gcc.h **** 
 550:Drivers/CMSIS/Include/cmsis_gcc.h **** 
 551:Drivers/CMSIS/Include/cmsis_gcc.h **** #if ((defined (__ARM_ARCH_7M__      ) && (__ARM_ARCH_7M__      == 1)) || \
 552:Drivers/CMSIS/Include/cmsis_gcc.h ****      (defined (__ARM_ARCH_7EM__     ) && (__ARM_ARCH_7EM__     == 1)) || \
 553:Drivers/CMSIS/Include/cmsis_gcc.h ****      (defined (__ARM_ARCH_8M_MAIN__ ) && (__ARM_ARCH_8M_MAIN__ == 1))    )
 554:Drivers/CMSIS/Include/cmsis_gcc.h **** /**
 555:Drivers/CMSIS/Include/cmsis_gcc.h ****   \brief   Signed Saturate
 556:Drivers/CMSIS/Include/cmsis_gcc.h ****   \details Saturates a signed value.
 557:Drivers/CMSIS/Include/cmsis_gcc.h ****   \param [in]  ARG1  Value to be saturated
 558:Drivers/CMSIS/Include/cmsis_gcc.h ****   \param [in]  ARG2  Bit position to saturate to (1..32)
 559:Drivers/CMSIS/Include/cmsis_gcc.h ****   \return             Saturated value
 560:Drivers/CMSIS/Include/cmsis_gcc.h ****  */
 561:Drivers/CMSIS/Include/cmsis_gcc.h **** #define __SSAT(ARG1, ARG2) \
 562:Drivers/CMSIS/Include/cmsis_gcc.h **** __extension__ \
 563:Drivers/CMSIS/Include/cmsis_gcc.h **** ({                          \
 564:Drivers/CMSIS/Include/cmsis_gcc.h ****   int32_t __RES, __ARG1 = (ARG1); \
 565:Drivers/CMSIS/Include/cmsis_gcc.h ****   __ASM volatile ("ssat %0, %1, %2" : "=r" (__RES) :  "I" (ARG2), "r" (__ARG1) : "cc" ); \
 566:Drivers/CMSIS/Include/cmsis_gcc.h ****   __RES; \
 567:Drivers/CMSIS/Include/cmsis_gcc.h ****  })
 568:Drivers/CMSIS/Include/cmsis_gcc.h **** 
 569:Drivers/CMSIS/Include/cmsis_gcc.h **** 
 570:Drivers/CMSIS/Include/cmsis_gcc.h **** /**
 571:Drivers/CMSIS/Include/cmsis_gcc.h ****   \brief   Unsigned Saturate
 572:Drivers/CMSIS/Include/cmsis_gcc.h ****   \details Saturates an unsigned value.
 573:Drivers/CMSIS/Include/cmsis_gcc.h ****   \param [in]  ARG1  Value to be saturated
 574:Drivers/CMSIS/Include/cmsis_gcc.h ****   \param [in]  ARG2  Bit position to saturate to (0..31)
 575:Drivers/CMSIS/Include/cmsis_gcc.h ****   \return             Saturated value
 576:Drivers/CMSIS/Include/cmsis_gcc.h ****  */
 577:Drivers/CMSIS/Include/cmsis_gcc.h **** #define __USAT(ARG1, ARG2) \
 578:Drivers/CMSIS/Include/cmsis_gcc.h **** __extension__ \
 579:Drivers/CMSIS/Include/cmsis_gcc.h **** ({                          \
 580:Drivers/CMSIS/Include/cmsis_gcc.h ****   uint32_t __RES, __ARG1 = (ARG1); \
 581:Drivers/CMSIS/Include/cmsis_gcc.h ****   __ASM volatile ("usat %0, %1, %2" : "=r" (__RES) :  "I" (ARG2), "r" (__ARG1) : "cc" ); \
 582:Drivers/CMSIS/Include/cmsis_gcc.h ****   __RES; \
 583:Drivers/CMSIS/Include/cmsis_gcc.h ****  })
 584:Drivers/CMSIS/Include/cmsis_gcc.h **** 
 585:Drivers/CMSIS/Include/cmsis_gcc.h **** 
ARM GAS  /var/folders/d6/h50ndp_j7xj_7552gzkj6_s40000gn/T//ccVJeyYC.s 			page 31


 586:Drivers/CMSIS/Include/cmsis_gcc.h **** /**
 587:Drivers/CMSIS/Include/cmsis_gcc.h ****   \brief   Rotate Right with Extend (32 bit)
 588:Drivers/CMSIS/Include/cmsis_gcc.h ****   \details Moves each bit of a bitstring right by one bit.
 589:Drivers/CMSIS/Include/cmsis_gcc.h ****            The carry input is shifted in at the left end of the bitstring.
 590:Drivers/CMSIS/Include/cmsis_gcc.h ****   \param [in]    value  Value to rotate
 591:Drivers/CMSIS/Include/cmsis_gcc.h ****   \return               Rotated value
 592:Drivers/CMSIS/Include/cmsis_gcc.h ****  */
 593:Drivers/CMSIS/Include/cmsis_gcc.h **** __STATIC_FORCEINLINE uint32_t __RRX(uint32_t value)
 594:Drivers/CMSIS/Include/cmsis_gcc.h **** {
 595:Drivers/CMSIS/Include/cmsis_gcc.h ****   uint32_t result;
 596:Drivers/CMSIS/Include/cmsis_gcc.h **** 
 597:Drivers/CMSIS/Include/cmsis_gcc.h ****   __ASM volatile ("rrx %0, %1" : __CMSIS_GCC_OUT_REG (result) : __CMSIS_GCC_USE_REG (value) );
 598:Drivers/CMSIS/Include/cmsis_gcc.h ****   return(result);
 599:Drivers/CMSIS/Include/cmsis_gcc.h **** }
 600:Drivers/CMSIS/Include/cmsis_gcc.h **** 
 601:Drivers/CMSIS/Include/cmsis_gcc.h **** 
 602:Drivers/CMSIS/Include/cmsis_gcc.h **** /**
 603:Drivers/CMSIS/Include/cmsis_gcc.h ****   \brief   LDRT Unprivileged (8 bit)
 604:Drivers/CMSIS/Include/cmsis_gcc.h ****   \details Executes a Unprivileged LDRT instruction for 8 bit value.
 605:Drivers/CMSIS/Include/cmsis_gcc.h ****   \param [in]    ptr  Pointer to data
 606:Drivers/CMSIS/Include/cmsis_gcc.h ****   \return             value of type uint8_t at (*ptr)
 607:Drivers/CMSIS/Include/cmsis_gcc.h ****  */
 608:Drivers/CMSIS/Include/cmsis_gcc.h **** __STATIC_FORCEINLINE uint8_t __LDRBT(volatile uint8_t *ptr)
 609:Drivers/CMSIS/Include/cmsis_gcc.h **** {
 610:Drivers/CMSIS/Include/cmsis_gcc.h ****     uint32_t result;
 611:Drivers/CMSIS/Include/cmsis_gcc.h **** 
 612:Drivers/CMSIS/Include/cmsis_gcc.h **** #if (__GNUC__ > 4) || (__GNUC__ == 4 && __GNUC_MINOR__ >= 8)
 613:Drivers/CMSIS/Include/cmsis_gcc.h ****    __ASM volatile ("ldrbt %0, %1" : "=r" (result) : "Q" (*ptr) );
 614:Drivers/CMSIS/Include/cmsis_gcc.h **** #else
 615:Drivers/CMSIS/Include/cmsis_gcc.h ****     /* Prior to GCC 4.8, "Q" will be expanded to [rx, #0] which is not
 616:Drivers/CMSIS/Include/cmsis_gcc.h ****        accepted by assembler. So has to use following less efficient pattern.
 617:Drivers/CMSIS/Include/cmsis_gcc.h ****     */
 618:Drivers/CMSIS/Include/cmsis_gcc.h ****    __ASM volatile ("ldrbt %0, [%1]" : "=r" (result) : "r" (ptr) : "memory" );
 619:Drivers/CMSIS/Include/cmsis_gcc.h **** #endif
 620:Drivers/CMSIS/Include/cmsis_gcc.h ****    return ((uint8_t) result);    /* Add explicit type cast here */
 621:Drivers/CMSIS/Include/cmsis_gcc.h **** }
 622:Drivers/CMSIS/Include/cmsis_gcc.h **** 
 623:Drivers/CMSIS/Include/cmsis_gcc.h **** 
 624:Drivers/CMSIS/Include/cmsis_gcc.h **** /**
 625:Drivers/CMSIS/Include/cmsis_gcc.h ****   \brief   LDRT Unprivileged (16 bit)
 626:Drivers/CMSIS/Include/cmsis_gcc.h ****   \details Executes a Unprivileged LDRT instruction for 16 bit values.
 627:Drivers/CMSIS/Include/cmsis_gcc.h ****   \param [in]    ptr  Pointer to data
 628:Drivers/CMSIS/Include/cmsis_gcc.h ****   \return        value of type uint16_t at (*ptr)
 629:Drivers/CMSIS/Include/cmsis_gcc.h ****  */
 630:Drivers/CMSIS/Include/cmsis_gcc.h **** __STATIC_FORCEINLINE uint16_t __LDRHT(volatile uint16_t *ptr)
 631:Drivers/CMSIS/Include/cmsis_gcc.h **** {
 632:Drivers/CMSIS/Include/cmsis_gcc.h ****     uint32_t result;
 633:Drivers/CMSIS/Include/cmsis_gcc.h **** 
 634:Drivers/CMSIS/Include/cmsis_gcc.h **** #if (__GNUC__ > 4) || (__GNUC__ == 4 && __GNUC_MINOR__ >= 8)
 635:Drivers/CMSIS/Include/cmsis_gcc.h ****    __ASM volatile ("ldrht %0, %1" : "=r" (result) : "Q" (*ptr) );
 636:Drivers/CMSIS/Include/cmsis_gcc.h **** #else
 637:Drivers/CMSIS/Include/cmsis_gcc.h ****     /* Prior to GCC 4.8, "Q" will be expanded to [rx, #0] which is not
 638:Drivers/CMSIS/Include/cmsis_gcc.h ****        accepted by assembler. So has to use following less efficient pattern.
 639:Drivers/CMSIS/Include/cmsis_gcc.h ****     */
 640:Drivers/CMSIS/Include/cmsis_gcc.h ****    __ASM volatile ("ldrht %0, [%1]" : "=r" (result) : "r" (ptr) : "memory" );
 641:Drivers/CMSIS/Include/cmsis_gcc.h **** #endif
 642:Drivers/CMSIS/Include/cmsis_gcc.h ****    return ((uint16_t) result);    /* Add explicit type cast here */
ARM GAS  /var/folders/d6/h50ndp_j7xj_7552gzkj6_s40000gn/T//ccVJeyYC.s 			page 32


 643:Drivers/CMSIS/Include/cmsis_gcc.h **** }
 644:Drivers/CMSIS/Include/cmsis_gcc.h **** 
 645:Drivers/CMSIS/Include/cmsis_gcc.h **** 
 646:Drivers/CMSIS/Include/cmsis_gcc.h **** /**
 647:Drivers/CMSIS/Include/cmsis_gcc.h ****   \brief   LDRT Unprivileged (32 bit)
 648:Drivers/CMSIS/Include/cmsis_gcc.h ****   \details Executes a Unprivileged LDRT instruction for 32 bit values.
 649:Drivers/CMSIS/Include/cmsis_gcc.h ****   \param [in]    ptr  Pointer to data
 650:Drivers/CMSIS/Include/cmsis_gcc.h ****   \return        value of type uint32_t at (*ptr)
 651:Drivers/CMSIS/Include/cmsis_gcc.h ****  */
 652:Drivers/CMSIS/Include/cmsis_gcc.h **** __STATIC_FORCEINLINE uint32_t __LDRT(volatile uint32_t *ptr)
 653:Drivers/CMSIS/Include/cmsis_gcc.h **** {
 654:Drivers/CMSIS/Include/cmsis_gcc.h ****     uint32_t result;
 655:Drivers/CMSIS/Include/cmsis_gcc.h **** 
 656:Drivers/CMSIS/Include/cmsis_gcc.h ****    __ASM volatile ("ldrt %0, %1" : "=r" (result) : "Q" (*ptr) );
 657:Drivers/CMSIS/Include/cmsis_gcc.h ****    return(result);
 658:Drivers/CMSIS/Include/cmsis_gcc.h **** }
 659:Drivers/CMSIS/Include/cmsis_gcc.h **** 
 660:Drivers/CMSIS/Include/cmsis_gcc.h **** 
 661:Drivers/CMSIS/Include/cmsis_gcc.h **** /**
 662:Drivers/CMSIS/Include/cmsis_gcc.h ****   \brief   STRT Unprivileged (8 bit)
 663:Drivers/CMSIS/Include/cmsis_gcc.h ****   \details Executes a Unprivileged STRT instruction for 8 bit values.
 664:Drivers/CMSIS/Include/cmsis_gcc.h ****   \param [in]  value  Value to store
 665:Drivers/CMSIS/Include/cmsis_gcc.h ****   \param [in]    ptr  Pointer to location
 666:Drivers/CMSIS/Include/cmsis_gcc.h ****  */
 667:Drivers/CMSIS/Include/cmsis_gcc.h **** __STATIC_FORCEINLINE void __STRBT(uint8_t value, volatile uint8_t *ptr)
 668:Drivers/CMSIS/Include/cmsis_gcc.h **** {
 669:Drivers/CMSIS/Include/cmsis_gcc.h ****    __ASM volatile ("strbt %1, %0" : "=Q" (*ptr) : "r" ((uint32_t)value) );
 670:Drivers/CMSIS/Include/cmsis_gcc.h **** }
 671:Drivers/CMSIS/Include/cmsis_gcc.h **** 
 672:Drivers/CMSIS/Include/cmsis_gcc.h **** 
 673:Drivers/CMSIS/Include/cmsis_gcc.h **** /**
 674:Drivers/CMSIS/Include/cmsis_gcc.h ****   \brief   STRT Unprivileged (16 bit)
 675:Drivers/CMSIS/Include/cmsis_gcc.h ****   \details Executes a Unprivileged STRT instruction for 16 bit values.
 676:Drivers/CMSIS/Include/cmsis_gcc.h ****   \param [in]  value  Value to store
 677:Drivers/CMSIS/Include/cmsis_gcc.h ****   \param [in]    ptr  Pointer to location
 678:Drivers/CMSIS/Include/cmsis_gcc.h ****  */
 679:Drivers/CMSIS/Include/cmsis_gcc.h **** __STATIC_FORCEINLINE void __STRHT(uint16_t value, volatile uint16_t *ptr)
 680:Drivers/CMSIS/Include/cmsis_gcc.h **** {
 681:Drivers/CMSIS/Include/cmsis_gcc.h ****    __ASM volatile ("strht %1, %0" : "=Q" (*ptr) : "r" ((uint32_t)value) );
 682:Drivers/CMSIS/Include/cmsis_gcc.h **** }
 683:Drivers/CMSIS/Include/cmsis_gcc.h **** 
 684:Drivers/CMSIS/Include/cmsis_gcc.h **** 
 685:Drivers/CMSIS/Include/cmsis_gcc.h **** /**
 686:Drivers/CMSIS/Include/cmsis_gcc.h ****   \brief   STRT Unprivileged (32 bit)
 687:Drivers/CMSIS/Include/cmsis_gcc.h ****   \details Executes a Unprivileged STRT instruction for 32 bit values.
 688:Drivers/CMSIS/Include/cmsis_gcc.h ****   \param [in]  value  Value to store
 689:Drivers/CMSIS/Include/cmsis_gcc.h ****   \param [in]    ptr  Pointer to location
 690:Drivers/CMSIS/Include/cmsis_gcc.h ****  */
 691:Drivers/CMSIS/Include/cmsis_gcc.h **** __STATIC_FORCEINLINE void __STRT(uint32_t value, volatile uint32_t *ptr)
 692:Drivers/CMSIS/Include/cmsis_gcc.h **** {
 693:Drivers/CMSIS/Include/cmsis_gcc.h ****    __ASM volatile ("strt %1, %0" : "=Q" (*ptr) : "r" (value) );
 694:Drivers/CMSIS/Include/cmsis_gcc.h **** }
 695:Drivers/CMSIS/Include/cmsis_gcc.h **** 
 696:Drivers/CMSIS/Include/cmsis_gcc.h **** #else  /* ((defined (__ARM_ARCH_7M__      ) && (__ARM_ARCH_7M__      == 1)) || \
 697:Drivers/CMSIS/Include/cmsis_gcc.h ****            (defined (__ARM_ARCH_7EM__     ) && (__ARM_ARCH_7EM__     == 1)) || \
 698:Drivers/CMSIS/Include/cmsis_gcc.h ****            (defined (__ARM_ARCH_8M_MAIN__ ) && (__ARM_ARCH_8M_MAIN__ == 1))    ) */
 699:Drivers/CMSIS/Include/cmsis_gcc.h **** 
ARM GAS  /var/folders/d6/h50ndp_j7xj_7552gzkj6_s40000gn/T//ccVJeyYC.s 			page 33


 700:Drivers/CMSIS/Include/cmsis_gcc.h **** /**
 701:Drivers/CMSIS/Include/cmsis_gcc.h ****   \brief   Signed Saturate
 702:Drivers/CMSIS/Include/cmsis_gcc.h ****   \details Saturates a signed value.
 703:Drivers/CMSIS/Include/cmsis_gcc.h ****   \param [in]  value  Value to be saturated
 704:Drivers/CMSIS/Include/cmsis_gcc.h ****   \param [in]    sat  Bit position to saturate to (1..32)
 705:Drivers/CMSIS/Include/cmsis_gcc.h ****   \return             Saturated value
 706:Drivers/CMSIS/Include/cmsis_gcc.h ****  */
 707:Drivers/CMSIS/Include/cmsis_gcc.h **** __STATIC_FORCEINLINE int32_t __SSAT(int32_t val, uint32_t sat)
 708:Drivers/CMSIS/Include/cmsis_gcc.h **** {
 709:Drivers/CMSIS/Include/cmsis_gcc.h ****   if ((sat >= 1U) && (sat <= 32U))
 710:Drivers/CMSIS/Include/cmsis_gcc.h ****   {
 711:Drivers/CMSIS/Include/cmsis_gcc.h ****     const int32_t max = (int32_t)((1U << (sat - 1U)) - 1U);
 712:Drivers/CMSIS/Include/cmsis_gcc.h ****     const int32_t min = -1 - max ;
 713:Drivers/CMSIS/Include/cmsis_gcc.h ****     if (val > max)
 714:Drivers/CMSIS/Include/cmsis_gcc.h ****     {
 715:Drivers/CMSIS/Include/cmsis_gcc.h ****       return max;
 716:Drivers/CMSIS/Include/cmsis_gcc.h ****     }
 717:Drivers/CMSIS/Include/cmsis_gcc.h ****     else if (val < min)
 718:Drivers/CMSIS/Include/cmsis_gcc.h ****     {
 719:Drivers/CMSIS/Include/cmsis_gcc.h ****       return min;
 720:Drivers/CMSIS/Include/cmsis_gcc.h ****     }
 721:Drivers/CMSIS/Include/cmsis_gcc.h ****   }
 722:Drivers/CMSIS/Include/cmsis_gcc.h ****   return val;
 723:Drivers/CMSIS/Include/cmsis_gcc.h **** }
 724:Drivers/CMSIS/Include/cmsis_gcc.h **** 
 725:Drivers/CMSIS/Include/cmsis_gcc.h **** /**
 726:Drivers/CMSIS/Include/cmsis_gcc.h ****   \brief   Unsigned Saturate
 727:Drivers/CMSIS/Include/cmsis_gcc.h ****   \details Saturates an unsigned value.
 728:Drivers/CMSIS/Include/cmsis_gcc.h ****   \param [in]  value  Value to be saturated
 729:Drivers/CMSIS/Include/cmsis_gcc.h ****   \param [in]    sat  Bit position to saturate to (0..31)
 730:Drivers/CMSIS/Include/cmsis_gcc.h ****   \return             Saturated value
 731:Drivers/CMSIS/Include/cmsis_gcc.h ****  */
 732:Drivers/CMSIS/Include/cmsis_gcc.h **** __STATIC_FORCEINLINE uint32_t __USAT(int32_t val, uint32_t sat)
 733:Drivers/CMSIS/Include/cmsis_gcc.h **** {
 734:Drivers/CMSIS/Include/cmsis_gcc.h ****   if (sat <= 31U)
 735:Drivers/CMSIS/Include/cmsis_gcc.h ****   {
 736:Drivers/CMSIS/Include/cmsis_gcc.h ****     const uint32_t max = ((1U << sat) - 1U);
 737:Drivers/CMSIS/Include/cmsis_gcc.h ****     if (val > (int32_t)max)
 738:Drivers/CMSIS/Include/cmsis_gcc.h ****     {
 739:Drivers/CMSIS/Include/cmsis_gcc.h ****       return max;
 740:Drivers/CMSIS/Include/cmsis_gcc.h ****     }
 741:Drivers/CMSIS/Include/cmsis_gcc.h ****     else if (val < 0)
 742:Drivers/CMSIS/Include/cmsis_gcc.h ****     {
 743:Drivers/CMSIS/Include/cmsis_gcc.h ****       return 0U;
 744:Drivers/CMSIS/Include/cmsis_gcc.h ****     }
 745:Drivers/CMSIS/Include/cmsis_gcc.h ****   }
 746:Drivers/CMSIS/Include/cmsis_gcc.h ****   return (uint32_t)val;
 747:Drivers/CMSIS/Include/cmsis_gcc.h **** }
 748:Drivers/CMSIS/Include/cmsis_gcc.h **** 
 749:Drivers/CMSIS/Include/cmsis_gcc.h **** #endif /* ((defined (__ARM_ARCH_7M__      ) && (__ARM_ARCH_7M__      == 1)) || \
 750:Drivers/CMSIS/Include/cmsis_gcc.h ****            (defined (__ARM_ARCH_7EM__     ) && (__ARM_ARCH_7EM__     == 1)) || \
 751:Drivers/CMSIS/Include/cmsis_gcc.h ****            (defined (__ARM_ARCH_8M_MAIN__ ) && (__ARM_ARCH_8M_MAIN__ == 1))    ) */
 752:Drivers/CMSIS/Include/cmsis_gcc.h **** 
 753:Drivers/CMSIS/Include/cmsis_gcc.h **** 
 754:Drivers/CMSIS/Include/cmsis_gcc.h **** #if ((defined (__ARM_ARCH_8M_MAIN__ ) && (__ARM_ARCH_8M_MAIN__ == 1)) || \
 755:Drivers/CMSIS/Include/cmsis_gcc.h ****      (defined (__ARM_ARCH_8M_BASE__ ) && (__ARM_ARCH_8M_BASE__ == 1))    )
 756:Drivers/CMSIS/Include/cmsis_gcc.h **** /**
ARM GAS  /var/folders/d6/h50ndp_j7xj_7552gzkj6_s40000gn/T//ccVJeyYC.s 			page 34


 757:Drivers/CMSIS/Include/cmsis_gcc.h ****   \brief   Load-Acquire (8 bit)
 758:Drivers/CMSIS/Include/cmsis_gcc.h ****   \details Executes a LDAB instruction for 8 bit value.
 759:Drivers/CMSIS/Include/cmsis_gcc.h ****   \param [in]    ptr  Pointer to data
 760:Drivers/CMSIS/Include/cmsis_gcc.h ****   \return             value of type uint8_t at (*ptr)
 761:Drivers/CMSIS/Include/cmsis_gcc.h ****  */
 762:Drivers/CMSIS/Include/cmsis_gcc.h **** __STATIC_FORCEINLINE uint8_t __LDAB(volatile uint8_t *ptr)
 763:Drivers/CMSIS/Include/cmsis_gcc.h **** {
 764:Drivers/CMSIS/Include/cmsis_gcc.h ****     uint32_t result;
 765:Drivers/CMSIS/Include/cmsis_gcc.h **** 
 766:Drivers/CMSIS/Include/cmsis_gcc.h ****    __ASM volatile ("ldab %0, %1" : "=r" (result) : "Q" (*ptr) : "memory" );
 767:Drivers/CMSIS/Include/cmsis_gcc.h ****    return ((uint8_t) result);
 768:Drivers/CMSIS/Include/cmsis_gcc.h **** }
 769:Drivers/CMSIS/Include/cmsis_gcc.h **** 
 770:Drivers/CMSIS/Include/cmsis_gcc.h **** 
 771:Drivers/CMSIS/Include/cmsis_gcc.h **** /**
 772:Drivers/CMSIS/Include/cmsis_gcc.h ****   \brief   Load-Acquire (16 bit)
 773:Drivers/CMSIS/Include/cmsis_gcc.h ****   \details Executes a LDAH instruction for 16 bit values.
 774:Drivers/CMSIS/Include/cmsis_gcc.h ****   \param [in]    ptr  Pointer to data
 775:Drivers/CMSIS/Include/cmsis_gcc.h ****   \return        value of type uint16_t at (*ptr)
 776:Drivers/CMSIS/Include/cmsis_gcc.h ****  */
 777:Drivers/CMSIS/Include/cmsis_gcc.h **** __STATIC_FORCEINLINE uint16_t __LDAH(volatile uint16_t *ptr)
 778:Drivers/CMSIS/Include/cmsis_gcc.h **** {
 779:Drivers/CMSIS/Include/cmsis_gcc.h ****     uint32_t result;
 780:Drivers/CMSIS/Include/cmsis_gcc.h **** 
 781:Drivers/CMSIS/Include/cmsis_gcc.h ****    __ASM volatile ("ldah %0, %1" : "=r" (result) : "Q" (*ptr) : "memory" );
 782:Drivers/CMSIS/Include/cmsis_gcc.h ****    return ((uint16_t) result);
 783:Drivers/CMSIS/Include/cmsis_gcc.h **** }
 784:Drivers/CMSIS/Include/cmsis_gcc.h **** 
 785:Drivers/CMSIS/Include/cmsis_gcc.h **** 
 786:Drivers/CMSIS/Include/cmsis_gcc.h **** /**
 787:Drivers/CMSIS/Include/cmsis_gcc.h ****   \brief   Load-Acquire (32 bit)
 788:Drivers/CMSIS/Include/cmsis_gcc.h ****   \details Executes a LDA instruction for 32 bit values.
 789:Drivers/CMSIS/Include/cmsis_gcc.h ****   \param [in]    ptr  Pointer to data
 790:Drivers/CMSIS/Include/cmsis_gcc.h ****   \return        value of type uint32_t at (*ptr)
 791:Drivers/CMSIS/Include/cmsis_gcc.h ****  */
 792:Drivers/CMSIS/Include/cmsis_gcc.h **** __STATIC_FORCEINLINE uint32_t __LDA(volatile uint32_t *ptr)
 793:Drivers/CMSIS/Include/cmsis_gcc.h **** {
 794:Drivers/CMSIS/Include/cmsis_gcc.h ****     uint32_t result;
 795:Drivers/CMSIS/Include/cmsis_gcc.h **** 
 796:Drivers/CMSIS/Include/cmsis_gcc.h ****    __ASM volatile ("lda %0, %1" : "=r" (result) : "Q" (*ptr) : "memory" );
 797:Drivers/CMSIS/Include/cmsis_gcc.h ****    return(result);
 798:Drivers/CMSIS/Include/cmsis_gcc.h **** }
 799:Drivers/CMSIS/Include/cmsis_gcc.h **** 
 800:Drivers/CMSIS/Include/cmsis_gcc.h **** 
 801:Drivers/CMSIS/Include/cmsis_gcc.h **** /**
 802:Drivers/CMSIS/Include/cmsis_gcc.h ****   \brief   Store-Release (8 bit)
 803:Drivers/CMSIS/Include/cmsis_gcc.h ****   \details Executes a STLB instruction for 8 bit values.
 804:Drivers/CMSIS/Include/cmsis_gcc.h ****   \param [in]  value  Value to store
 805:Drivers/CMSIS/Include/cmsis_gcc.h ****   \param [in]    ptr  Pointer to location
 806:Drivers/CMSIS/Include/cmsis_gcc.h ****  */
 807:Drivers/CMSIS/Include/cmsis_gcc.h **** __STATIC_FORCEINLINE void __STLB(uint8_t value, volatile uint8_t *ptr)
 808:Drivers/CMSIS/Include/cmsis_gcc.h **** {
 809:Drivers/CMSIS/Include/cmsis_gcc.h ****    __ASM volatile ("stlb %1, %0" : "=Q" (*ptr) : "r" ((uint32_t)value) : "memory" );
 810:Drivers/CMSIS/Include/cmsis_gcc.h **** }
 811:Drivers/CMSIS/Include/cmsis_gcc.h **** 
 812:Drivers/CMSIS/Include/cmsis_gcc.h **** 
 813:Drivers/CMSIS/Include/cmsis_gcc.h **** /**
ARM GAS  /var/folders/d6/h50ndp_j7xj_7552gzkj6_s40000gn/T//ccVJeyYC.s 			page 35


 814:Drivers/CMSIS/Include/cmsis_gcc.h ****   \brief   Store-Release (16 bit)
 815:Drivers/CMSIS/Include/cmsis_gcc.h ****   \details Executes a STLH instruction for 16 bit values.
 816:Drivers/CMSIS/Include/cmsis_gcc.h ****   \param [in]  value  Value to store
 817:Drivers/CMSIS/Include/cmsis_gcc.h ****   \param [in]    ptr  Pointer to location
 818:Drivers/CMSIS/Include/cmsis_gcc.h ****  */
 819:Drivers/CMSIS/Include/cmsis_gcc.h **** __STATIC_FORCEINLINE void __STLH(uint16_t value, volatile uint16_t *ptr)
 820:Drivers/CMSIS/Include/cmsis_gcc.h **** {
 821:Drivers/CMSIS/Include/cmsis_gcc.h ****    __ASM volatile ("stlh %1, %0" : "=Q" (*ptr) : "r" ((uint32_t)value) : "memory" );
 822:Drivers/CMSIS/Include/cmsis_gcc.h **** }
 823:Drivers/CMSIS/Include/cmsis_gcc.h **** 
 824:Drivers/CMSIS/Include/cmsis_gcc.h **** 
 825:Drivers/CMSIS/Include/cmsis_gcc.h **** /**
 826:Drivers/CMSIS/Include/cmsis_gcc.h ****   \brief   Store-Release (32 bit)
 827:Drivers/CMSIS/Include/cmsis_gcc.h ****   \details Executes a STL instruction for 32 bit values.
 828:Drivers/CMSIS/Include/cmsis_gcc.h ****   \param [in]  value  Value to store
 829:Drivers/CMSIS/Include/cmsis_gcc.h ****   \param [in]    ptr  Pointer to location
 830:Drivers/CMSIS/Include/cmsis_gcc.h ****  */
 831:Drivers/CMSIS/Include/cmsis_gcc.h **** __STATIC_FORCEINLINE void __STL(uint32_t value, volatile uint32_t *ptr)
 832:Drivers/CMSIS/Include/cmsis_gcc.h **** {
 833:Drivers/CMSIS/Include/cmsis_gcc.h ****    __ASM volatile ("stl %1, %0" : "=Q" (*ptr) : "r" ((uint32_t)value) : "memory" );
 834:Drivers/CMSIS/Include/cmsis_gcc.h **** }
 835:Drivers/CMSIS/Include/cmsis_gcc.h **** 
 836:Drivers/CMSIS/Include/cmsis_gcc.h **** 
 837:Drivers/CMSIS/Include/cmsis_gcc.h **** /**
 838:Drivers/CMSIS/Include/cmsis_gcc.h ****   \brief   Load-Acquire Exclusive (8 bit)
 839:Drivers/CMSIS/Include/cmsis_gcc.h ****   \details Executes a LDAB exclusive instruction for 8 bit value.
 840:Drivers/CMSIS/Include/cmsis_gcc.h ****   \param [in]    ptr  Pointer to data
 841:Drivers/CMSIS/Include/cmsis_gcc.h ****   \return             value of type uint8_t at (*ptr)
 842:Drivers/CMSIS/Include/cmsis_gcc.h ****  */
 843:Drivers/CMSIS/Include/cmsis_gcc.h **** __STATIC_FORCEINLINE uint8_t __LDAEXB(volatile uint8_t *ptr)
 844:Drivers/CMSIS/Include/cmsis_gcc.h **** {
 845:Drivers/CMSIS/Include/cmsis_gcc.h ****     uint32_t result;
 846:Drivers/CMSIS/Include/cmsis_gcc.h **** 
 847:Drivers/CMSIS/Include/cmsis_gcc.h ****    __ASM volatile ("ldaexb %0, %1" : "=r" (result) : "Q" (*ptr) : "memory" );
 848:Drivers/CMSIS/Include/cmsis_gcc.h ****    return ((uint8_t) result);
 849:Drivers/CMSIS/Include/cmsis_gcc.h **** }
 850:Drivers/CMSIS/Include/cmsis_gcc.h **** 
 851:Drivers/CMSIS/Include/cmsis_gcc.h **** 
 852:Drivers/CMSIS/Include/cmsis_gcc.h **** /**
 853:Drivers/CMSIS/Include/cmsis_gcc.h ****   \brief   Load-Acquire Exclusive (16 bit)
 854:Drivers/CMSIS/Include/cmsis_gcc.h ****   \details Executes a LDAH exclusive instruction for 16 bit values.
 855:Drivers/CMSIS/Include/cmsis_gcc.h ****   \param [in]    ptr  Pointer to data
 856:Drivers/CMSIS/Include/cmsis_gcc.h ****   \return        value of type uint16_t at (*ptr)
 857:Drivers/CMSIS/Include/cmsis_gcc.h ****  */
 858:Drivers/CMSIS/Include/cmsis_gcc.h **** __STATIC_FORCEINLINE uint16_t __LDAEXH(volatile uint16_t *ptr)
 859:Drivers/CMSIS/Include/cmsis_gcc.h **** {
 860:Drivers/CMSIS/Include/cmsis_gcc.h ****     uint32_t result;
 861:Drivers/CMSIS/Include/cmsis_gcc.h **** 
 862:Drivers/CMSIS/Include/cmsis_gcc.h ****    __ASM volatile ("ldaexh %0, %1" : "=r" (result) : "Q" (*ptr) : "memory" );
 863:Drivers/CMSIS/Include/cmsis_gcc.h ****    return ((uint16_t) result);
 864:Drivers/CMSIS/Include/cmsis_gcc.h **** }
 865:Drivers/CMSIS/Include/cmsis_gcc.h **** 
 866:Drivers/CMSIS/Include/cmsis_gcc.h **** 
 867:Drivers/CMSIS/Include/cmsis_gcc.h **** /**
 868:Drivers/CMSIS/Include/cmsis_gcc.h ****   \brief   Load-Acquire Exclusive (32 bit)
 869:Drivers/CMSIS/Include/cmsis_gcc.h ****   \details Executes a LDA exclusive instruction for 32 bit values.
 870:Drivers/CMSIS/Include/cmsis_gcc.h ****   \param [in]    ptr  Pointer to data
ARM GAS  /var/folders/d6/h50ndp_j7xj_7552gzkj6_s40000gn/T//ccVJeyYC.s 			page 36


 871:Drivers/CMSIS/Include/cmsis_gcc.h ****   \return        value of type uint32_t at (*ptr)
 872:Drivers/CMSIS/Include/cmsis_gcc.h ****  */
 873:Drivers/CMSIS/Include/cmsis_gcc.h **** __STATIC_FORCEINLINE uint32_t __LDAEX(volatile uint32_t *ptr)
 874:Drivers/CMSIS/Include/cmsis_gcc.h **** {
 875:Drivers/CMSIS/Include/cmsis_gcc.h ****     uint32_t result;
 876:Drivers/CMSIS/Include/cmsis_gcc.h **** 
 877:Drivers/CMSIS/Include/cmsis_gcc.h ****    __ASM volatile ("ldaex %0, %1" : "=r" (result) : "Q" (*ptr) : "memory" );
 878:Drivers/CMSIS/Include/cmsis_gcc.h ****    return(result);
 879:Drivers/CMSIS/Include/cmsis_gcc.h **** }
 880:Drivers/CMSIS/Include/cmsis_gcc.h **** 
 881:Drivers/CMSIS/Include/cmsis_gcc.h **** 
 882:Drivers/CMSIS/Include/cmsis_gcc.h **** /**
 883:Drivers/CMSIS/Include/cmsis_gcc.h ****   \brief   Store-Release Exclusive (8 bit)
 884:Drivers/CMSIS/Include/cmsis_gcc.h ****   \details Executes a STLB exclusive instruction for 8 bit values.
 885:Drivers/CMSIS/Include/cmsis_gcc.h ****   \param [in]  value  Value to store
 886:Drivers/CMSIS/Include/cmsis_gcc.h ****   \param [in]    ptr  Pointer to location
 887:Drivers/CMSIS/Include/cmsis_gcc.h ****   \return          0  Function succeeded
 888:Drivers/CMSIS/Include/cmsis_gcc.h ****   \return          1  Function failed
 889:Drivers/CMSIS/Include/cmsis_gcc.h ****  */
 890:Drivers/CMSIS/Include/cmsis_gcc.h **** __STATIC_FORCEINLINE uint32_t __STLEXB(uint8_t value, volatile uint8_t *ptr)
 891:Drivers/CMSIS/Include/cmsis_gcc.h **** {
 892:Drivers/CMSIS/Include/cmsis_gcc.h ****    uint32_t result;
 893:Drivers/CMSIS/Include/cmsis_gcc.h **** 
 894:Drivers/CMSIS/Include/cmsis_gcc.h ****    __ASM volatile ("stlexb %0, %2, %1" : "=&r" (result), "=Q" (*ptr) : "r" ((uint32_t)value) : "mem
 895:Drivers/CMSIS/Include/cmsis_gcc.h ****    return(result);
 896:Drivers/CMSIS/Include/cmsis_gcc.h **** }
 897:Drivers/CMSIS/Include/cmsis_gcc.h **** 
 898:Drivers/CMSIS/Include/cmsis_gcc.h **** 
 899:Drivers/CMSIS/Include/cmsis_gcc.h **** /**
 900:Drivers/CMSIS/Include/cmsis_gcc.h ****   \brief   Store-Release Exclusive (16 bit)
 901:Drivers/CMSIS/Include/cmsis_gcc.h ****   \details Executes a STLH exclusive instruction for 16 bit values.
 902:Drivers/CMSIS/Include/cmsis_gcc.h ****   \param [in]  value  Value to store
 903:Drivers/CMSIS/Include/cmsis_gcc.h ****   \param [in]    ptr  Pointer to location
 904:Drivers/CMSIS/Include/cmsis_gcc.h ****   \return          0  Function succeeded
 905:Drivers/CMSIS/Include/cmsis_gcc.h ****   \return          1  Function failed
 906:Drivers/CMSIS/Include/cmsis_gcc.h ****  */
 907:Drivers/CMSIS/Include/cmsis_gcc.h **** __STATIC_FORCEINLINE uint32_t __STLEXH(uint16_t value, volatile uint16_t *ptr)
 908:Drivers/CMSIS/Include/cmsis_gcc.h **** {
 909:Drivers/CMSIS/Include/cmsis_gcc.h ****    uint32_t result;
 910:Drivers/CMSIS/Include/cmsis_gcc.h **** 
 911:Drivers/CMSIS/Include/cmsis_gcc.h ****    __ASM volatile ("stlexh %0, %2, %1" : "=&r" (result), "=Q" (*ptr) : "r" ((uint32_t)value) : "mem
 912:Drivers/CMSIS/Include/cmsis_gcc.h ****    return(result);
 913:Drivers/CMSIS/Include/cmsis_gcc.h **** }
 914:Drivers/CMSIS/Include/cmsis_gcc.h **** 
 915:Drivers/CMSIS/Include/cmsis_gcc.h **** 
 916:Drivers/CMSIS/Include/cmsis_gcc.h **** /**
 917:Drivers/CMSIS/Include/cmsis_gcc.h ****   \brief   Store-Release Exclusive (32 bit)
 918:Drivers/CMSIS/Include/cmsis_gcc.h ****   \details Executes a STL exclusive instruction for 32 bit values.
 919:Drivers/CMSIS/Include/cmsis_gcc.h ****   \param [in]  value  Value to store
 920:Drivers/CMSIS/Include/cmsis_gcc.h ****   \param [in]    ptr  Pointer to location
 921:Drivers/CMSIS/Include/cmsis_gcc.h ****   \return          0  Function succeeded
 922:Drivers/CMSIS/Include/cmsis_gcc.h ****   \return          1  Function failed
 923:Drivers/CMSIS/Include/cmsis_gcc.h ****  */
 924:Drivers/CMSIS/Include/cmsis_gcc.h **** __STATIC_FORCEINLINE uint32_t __STLEX(uint32_t value, volatile uint32_t *ptr)
 925:Drivers/CMSIS/Include/cmsis_gcc.h **** {
 926:Drivers/CMSIS/Include/cmsis_gcc.h ****    uint32_t result;
 927:Drivers/CMSIS/Include/cmsis_gcc.h **** 
ARM GAS  /var/folders/d6/h50ndp_j7xj_7552gzkj6_s40000gn/T//ccVJeyYC.s 			page 37


 928:Drivers/CMSIS/Include/cmsis_gcc.h ****    __ASM volatile ("stlex %0, %2, %1" : "=&r" (result), "=Q" (*ptr) : "r" ((uint32_t)value) : "memo
 929:Drivers/CMSIS/Include/cmsis_gcc.h ****    return(result);
 930:Drivers/CMSIS/Include/cmsis_gcc.h **** }
 931:Drivers/CMSIS/Include/cmsis_gcc.h **** 
 932:Drivers/CMSIS/Include/cmsis_gcc.h **** #endif /* ((defined (__ARM_ARCH_8M_MAIN__ ) && (__ARM_ARCH_8M_MAIN__ == 1)) || \
 933:Drivers/CMSIS/Include/cmsis_gcc.h ****            (defined (__ARM_ARCH_8M_BASE__ ) && (__ARM_ARCH_8M_BASE__ == 1))    ) */
 934:Drivers/CMSIS/Include/cmsis_gcc.h **** 
 935:Drivers/CMSIS/Include/cmsis_gcc.h **** /*@}*/ /* end of group CMSIS_Core_InstructionInterface */
 936:Drivers/CMSIS/Include/cmsis_gcc.h **** 
 937:Drivers/CMSIS/Include/cmsis_gcc.h **** 
 938:Drivers/CMSIS/Include/cmsis_gcc.h **** /* ###########################  Core Function Access  ########################### */
 939:Drivers/CMSIS/Include/cmsis_gcc.h **** /** \ingroup  CMSIS_Core_FunctionInterface
 940:Drivers/CMSIS/Include/cmsis_gcc.h ****     \defgroup CMSIS_Core_RegAccFunctions CMSIS Core Register Access Functions
 941:Drivers/CMSIS/Include/cmsis_gcc.h ****   @{
 942:Drivers/CMSIS/Include/cmsis_gcc.h ****  */
 943:Drivers/CMSIS/Include/cmsis_gcc.h **** 
 944:Drivers/CMSIS/Include/cmsis_gcc.h **** /**
 945:Drivers/CMSIS/Include/cmsis_gcc.h ****   \brief   Enable IRQ Interrupts
 946:Drivers/CMSIS/Include/cmsis_gcc.h ****   \details Enables IRQ interrupts by clearing special-purpose register PRIMASK.
 947:Drivers/CMSIS/Include/cmsis_gcc.h ****            Can only be executed in Privileged modes.
 948:Drivers/CMSIS/Include/cmsis_gcc.h ****  */
 949:Drivers/CMSIS/Include/cmsis_gcc.h **** __STATIC_FORCEINLINE void __enable_irq(void)
 950:Drivers/CMSIS/Include/cmsis_gcc.h **** {
 951:Drivers/CMSIS/Include/cmsis_gcc.h ****   __ASM volatile ("cpsie i" : : : "memory");
 952:Drivers/CMSIS/Include/cmsis_gcc.h **** }
 953:Drivers/CMSIS/Include/cmsis_gcc.h **** 
 954:Drivers/CMSIS/Include/cmsis_gcc.h **** 
 955:Drivers/CMSIS/Include/cmsis_gcc.h **** /**
 956:Drivers/CMSIS/Include/cmsis_gcc.h ****   \brief   Disable IRQ Interrupts
 957:Drivers/CMSIS/Include/cmsis_gcc.h ****   \details Disables IRQ interrupts by setting special-purpose register PRIMASK.
 958:Drivers/CMSIS/Include/cmsis_gcc.h ****            Can only be executed in Privileged modes.
 959:Drivers/CMSIS/Include/cmsis_gcc.h ****  */
 960:Drivers/CMSIS/Include/cmsis_gcc.h **** __STATIC_FORCEINLINE void __disable_irq(void)
 352              		.loc 2 960 27 view .LVU76
 353              	.LBB10:
 961:Drivers/CMSIS/Include/cmsis_gcc.h **** {
 962:Drivers/CMSIS/Include/cmsis_gcc.h ****   __ASM volatile ("cpsid i" : : : "memory");
 354              		.loc 2 962 3 view .LVU77
 355              		.syntax unified
 356              	@ 962 "Drivers/CMSIS/Include/cmsis_gcc.h" 1
 357 0000 72B6     		cpsid i
 358              	@ 0 "" 2
 359              		.thumb
 360              		.syntax unified
 361              	.L14:
 362              	.LBE10:
 363              	.LBE9:
 772:Core/Src/main.c ****   while (1) { /* trapped */ }
 364              		.loc 1 772 3 view .LVU78
 365              		.loc 1 772 29 view .LVU79
 366              		.loc 1 772 9 view .LVU80
 367 0002 FEE7     		b	.L14
 368              		.cfi_endproc
 369              	.LFE143:
 371              		.section	.rodata.set_waveform.str1.4,"aMS",%progbits,1
 372              		.align	2
 373              	.LC0:
ARM GAS  /var/folders/d6/h50ndp_j7xj_7552gzkj6_s40000gn/T//ccVJeyYC.s 			page 38


 374 0000 57617665 		.ascii	"Wave: \000"
 374      3A2000
 375              		.section	.text.set_waveform,"ax",%progbits
 376              		.align	1
 377              		.global	set_waveform
 378              		.syntax unified
 379              		.thumb
 380              		.thumb_func
 382              	set_waveform:
 383              	.LVL15:
 384              	.LFB135:
 504:Core/Src/main.c ****     if (idx >= NUM_WAVES) return;
 385              		.loc 1 504 1 view -0
 386              		.cfi_startproc
 387              		@ args = 0, pretend = 0, frame = 0
 388              		@ frame_needed = 0, uses_anonymous_args = 0
 505:Core/Src/main.c **** 
 389              		.loc 1 505 5 view .LVU82
 505:Core/Src/main.c **** 
 390              		.loc 1 505 8 is_stmt 0 view .LVU83
 391 0000 0528     		cmp	r0, #5
 392 0002 53D8     		bhi	.L24
 504:Core/Src/main.c ****     if (idx >= NUM_WAVES) return;
 393              		.loc 1 504 1 view .LVU84
 394 0004 F8B5     		push	{r3, r4, r5, r6, r7, lr}
 395              	.LCFI7:
 396              		.cfi_def_cfa_offset 24
 397              		.cfi_offset 3, -24
 398              		.cfi_offset 4, -20
 399              		.cfi_offset 5, -16
 400              		.cfi_offset 6, -12
 401              		.cfi_offset 7, -8
 402              		.cfi_offset 14, -4
 403 0006 0446     		mov	r4, r0
 507:Core/Src/main.c ****     const uint16_t *new_src = waveforms[idx];
 404              		.loc 1 507 5 is_stmt 1 view .LVU85
 507:Core/Src/main.c ****     const uint16_t *new_src = waveforms[idx];
 405              		.loc 1 507 14 is_stmt 0 view .LVU86
 406 0008 294B     		ldr	r3, .L30
 407 000a 53F82050 		ldr	r5, [r3, r0, lsl #2]
 408              	.LVL16:
 508:Core/Src/main.c **** 
 409              		.loc 1 508 5 is_stmt 1 view .LVU87
 508:Core/Src/main.c **** 
 410              		.loc 1 508 21 is_stmt 0 view .LVU88
 411 000e 294B     		ldr	r3, .L30+4
 412 0010 53F82060 		ldr	r6, [r3, r0, lsl #2]
 413              	.LVL17:
 511:Core/Src/main.c ****     if (new_ticks == 0u) new_ticks = 1u; /* sanity */
 414              		.loc 1 511 5 is_stmt 1 view .LVU89
 511:Core/Src/main.c ****     if (new_ticks == 0u) new_ticks = 1u; /* sanity */
 415              		.loc 1 511 26 is_stmt 0 view .LVU90
 416 0014 2846     		mov	r0, r5
 417              	.LVL18:
 511:Core/Src/main.c ****     if (new_ticks == 0u) new_ticks = 1u; /* sanity */
 418              		.loc 1 511 26 view .LVU91
 419 0016 FFF7FEFF 		bl	calc_tim2_ticks
ARM GAS  /var/folders/d6/h50ndp_j7xj_7552gzkj6_s40000gn/T//ccVJeyYC.s 			page 39


 420              	.LVL19:
 512:Core/Src/main.c **** 
 421              		.loc 1 512 5 is_stmt 1 view .LVU92
 512:Core/Src/main.c **** 
 422              		.loc 1 512 8 is_stmt 0 view .LVU93
 423 001a 0746     		mov	r7, r0
 424 001c 00B9     		cbnz	r0, .L17
 512:Core/Src/main.c **** 
 425              		.loc 1 512 36 discriminator 1 view .LVU94
 426 001e 0127     		movs	r7, #1
 427              	.L17:
 428              	.LVL20:
 515:Core/Src/main.c **** 
 429              		.loc 1 515 5 is_stmt 1 view .LVU95
 430 0020 254B     		ldr	r3, .L30+8
 431 0022 1A68     		ldr	r2, [r3]
 432 0024 D368     		ldr	r3, [r2, #12]
 433 0026 23F40073 		bic	r3, r3, #512
 434 002a D360     		str	r3, [r2, #12]
 518:Core/Src/main.c **** 
 435              		.loc 1 518 5 view .LVU96
 518:Core/Src/main.c **** 
 436              		.loc 1 518 11 is_stmt 0 view .LVU97
 437 002c 2348     		ldr	r0, .L30+12
 438 002e FFF7FEFF 		bl	HAL_DMA_Abort_IT
 439              	.LVL21:
 521:Core/Src/main.c ****         /* small spin — abort should be quick */
 440              		.loc 1 521 5 is_stmt 1 view .LVU98
 441              	.L18:
 523:Core/Src/main.c **** 
 442              		.loc 1 523 5 view .LVU99
 521:Core/Src/main.c ****         /* small spin — abort should be quick */
 443              		.loc 1 521 32 discriminator 1 view .LVU100
 521:Core/Src/main.c ****         /* small spin — abort should be quick */
 444              		.loc 1 521 25 is_stmt 0 discriminator 1 view .LVU101
 445 0032 224B     		ldr	r3, .L30+12
 446 0034 93F83530 		ldrb	r3, [r3, #53]	@ zero_extendqisi2
 447 0038 DBB2     		uxtb	r3, r3
 521:Core/Src/main.c ****         /* small spin — abort should be quick */
 448              		.loc 1 521 32 discriminator 1 view .LVU102
 449 003a 012B     		cmp	r3, #1
 450 003c F9D1     		bne	.L18
 526:Core/Src/main.c ****     htim2.Init.Period = TIM2_Ticks - 1u;
 451              		.loc 1 526 5 is_stmt 1 view .LVU103
 526:Core/Src/main.c ****     htim2.Init.Period = TIM2_Ticks - 1u;
 452              		.loc 1 526 16 is_stmt 0 view .LVU104
 453 003e 204B     		ldr	r3, .L30+16
 454 0040 1F60     		str	r7, [r3]
 527:Core/Src/main.c ****     if (HAL_TIM_Base_Init(&htim2) != HAL_OK) {
 455              		.loc 1 527 5 is_stmt 1 view .LVU105
 527:Core/Src/main.c ****     if (HAL_TIM_Base_Init(&htim2) != HAL_OK) {
 456              		.loc 1 527 36 is_stmt 0 view .LVU106
 457 0042 1B68     		ldr	r3, [r3]
 458 0044 013B     		subs	r3, r3, #1
 527:Core/Src/main.c ****     if (HAL_TIM_Base_Init(&htim2) != HAL_OK) {
 459              		.loc 1 527 23 view .LVU107
 460 0046 1C48     		ldr	r0, .L30+8
ARM GAS  /var/folders/d6/h50ndp_j7xj_7552gzkj6_s40000gn/T//ccVJeyYC.s 			page 40


 461 0048 C360     		str	r3, [r0, #12]
 528:Core/Src/main.c ****         Error_Handler();
 462              		.loc 1 528 5 is_stmt 1 view .LVU108
 528:Core/Src/main.c ****         Error_Handler();
 463              		.loc 1 528 9 is_stmt 0 view .LVU109
 464 004a FFF7FEFF 		bl	HAL_TIM_Base_Init
 465              	.LVL22:
 528:Core/Src/main.c ****         Error_Handler();
 466              		.loc 1 528 8 discriminator 1 view .LVU110
 467 004e 38BB     		cbnz	r0, .L27
 533:Core/Src/main.c **** 
 468              		.loc 1 533 5 is_stmt 1 view .LVU111
 469 0050 1B4B     		ldr	r3, .L30+16
 470 0052 1B68     		ldr	r3, [r3]
 471 0054 1848     		ldr	r0, .L30+8
 472 0056 0268     		ldr	r2, [r0]
 473 0058 5B08     		lsrs	r3, r3, #1
 474 005a 5363     		str	r3, [r2, #52]
 536:Core/Src/main.c ****         Error_Handler();
 475              		.loc 1 536 5 view .LVU112
 536:Core/Src/main.c ****         Error_Handler();
 476              		.loc 1 536 9 is_stmt 0 view .LVU113
 477 005c 0021     		movs	r1, #0
 478 005e FFF7FEFF 		bl	HAL_TIM_OC_Start
 479              	.LVL23:
 536:Core/Src/main.c ****         Error_Handler();
 480              		.loc 1 536 8 discriminator 1 view .LVU114
 481 0062 F8B9     		cbnz	r0, .L28
 541:Core/Src/main.c ****                          (uint32_t)new_src,
 482              		.loc 1 541 5 is_stmt 1 view .LVU115
 541:Core/Src/main.c ****                          (uint32_t)new_src,
 483              		.loc 1 541 9 is_stmt 0 view .LVU116
 484 0064 2B46     		mov	r3, r5
 485 0066 174A     		ldr	r2, .L30+20
 486 0068 3146     		mov	r1, r6
 487 006a 1448     		ldr	r0, .L30+12
 488 006c FFF7FEFF 		bl	HAL_DMA_Start_IT
 489              	.LVL24:
 541:Core/Src/main.c ****                          (uint32_t)new_src,
 490              		.loc 1 541 8 discriminator 1 view .LVU117
 491 0070 D0B9     		cbnz	r0, .L29
 549:Core/Src/main.c **** 
 492              		.loc 1 549 5 is_stmt 1 view .LVU118
 493 0072 114B     		ldr	r3, .L30+8
 494 0074 1A68     		ldr	r2, [r3]
 495 0076 D368     		ldr	r3, [r2, #12]
 496 0078 43F40073 		orr	r3, r3, #512
 497 007c D360     		str	r3, [r2, #12]
 552:Core/Src/main.c ****     lcd_command(CLEAR);
 498              		.loc 1 552 5 view .LVU119
 552:Core/Src/main.c ****     lcd_command(CLEAR);
 499              		.loc 1 552 18 is_stmt 0 view .LVU120
 500 007e 124B     		ldr	r3, .L30+24
 501 0080 1C60     		str	r4, [r3]
 553:Core/Src/main.c ****     lcd_command(CURSOR_HOME);
 502              		.loc 1 553 5 is_stmt 1 view .LVU121
 503 0082 0120     		movs	r0, #1
ARM GAS  /var/folders/d6/h50ndp_j7xj_7552gzkj6_s40000gn/T//ccVJeyYC.s 			page 41


 504 0084 FFF7FEFF 		bl	lcd_command
 505              	.LVL25:
 554:Core/Src/main.c ****     lcd_putstring("Wave: ");
 506              		.loc 1 554 5 view .LVU122
 507 0088 0220     		movs	r0, #2
 508 008a FFF7FEFF 		bl	lcd_command
 509              	.LVL26:
 555:Core/Src/main.c ****     lcd_putstring((char*)wave_names[idx]);
 510              		.loc 1 555 5 view .LVU123
 511 008e 0F48     		ldr	r0, .L30+28
 512 0090 FFF7FEFF 		bl	lcd_putstring
 513              	.LVL27:
 556:Core/Src/main.c **** }
 514              		.loc 1 556 5 view .LVU124
 515 0094 0E4B     		ldr	r3, .L30+32
 516 0096 53F82400 		ldr	r0, [r3, r4, lsl #2]
 517 009a FFF7FEFF 		bl	lcd_putstring
 518              	.LVL28:
 557:Core/Src/main.c **** 
 519              		.loc 1 557 1 is_stmt 0 view .LVU125
 520 009e F8BD     		pop	{r3, r4, r5, r6, r7, pc}
 521              	.LVL29:
 522              	.L27:
 529:Core/Src/main.c ****     }
 523              		.loc 1 529 9 is_stmt 1 view .LVU126
 524 00a0 FFF7FEFF 		bl	Error_Handler
 525              	.LVL30:
 526              	.L28:
 537:Core/Src/main.c ****     }
 527              		.loc 1 537 9 view .LVU127
 528 00a4 FFF7FEFF 		bl	Error_Handler
 529              	.LVL31:
 530              	.L29:
 545:Core/Src/main.c ****     }
 531              		.loc 1 545 9 view .LVU128
 532 00a8 FFF7FEFF 		bl	Error_Handler
 533              	.LVL32:
 534              	.L24:
 535              	.LCFI8:
 536              		.cfi_def_cfa_offset 0
 537              		.cfi_restore 3
 538              		.cfi_restore 4
 539              		.cfi_restore 5
 540              		.cfi_restore 6
 541              		.cfi_restore 7
 542              		.cfi_restore 14
 545:Core/Src/main.c ****     }
 543              		.loc 1 545 9 is_stmt 0 view .LVU129
 544 00ac 7047     		bx	lr
 545              	.L31:
 546 00ae 00BF     		.align	2
 547              	.L30:
 548 00b0 00000000 		.word	wave_lens
 549 00b4 00000000 		.word	waveforms
 550 00b8 00000000 		.word	htim2
 551 00bc 00000000 		.word	hdma_tim2_ch1
 552 00c0 00000000 		.word	TIM2_Ticks
ARM GAS  /var/folders/d6/h50ndp_j7xj_7552gzkj6_s40000gn/T//ccVJeyYC.s 			page 42


 553 00c4 3C040040 		.word	1073742908
 554 00c8 00000000 		.word	current_wave
 555 00cc 00000000 		.word	.LC0
 556 00d0 00000000 		.word	wave_names
 557              		.cfi_endproc
 558              	.LFE135:
 560              		.section	.text.EXTI0_IRQHandler,"ax",%progbits
 561              		.align	1
 562              		.global	EXTI0_IRQHandler
 563              		.syntax unified
 564              		.thumb
 565              		.thumb_func
 567              	EXTI0_IRQHandler:
 568              	.LFB142:
 749:Core/Src/main.c ****     /* debounce: ignore presses within 200 ms */
 569              		.loc 1 749 1 is_stmt 1 view -0
 570              		.cfi_startproc
 571              		@ args = 0, pretend = 0, frame = 0
 572              		@ frame_needed = 0, uses_anonymous_args = 0
 573 0000 08B5     		push	{r3, lr}
 574              	.LCFI9:
 575              		.cfi_def_cfa_offset 8
 576              		.cfi_offset 3, -8
 577              		.cfi_offset 14, -4
 751:Core/Src/main.c ****     if ((now - last_press_ms) < 200u) {
 578              		.loc 1 751 5 view .LVU131
 751:Core/Src/main.c ****     if ((now - last_press_ms) < 200u) {
 579              		.loc 1 751 20 is_stmt 0 view .LVU132
 580 0002 FFF7FEFF 		bl	HAL_GetTick
 581              	.LVL33:
 752:Core/Src/main.c ****         HAL_GPIO_EXTI_IRQHandler(Button0_Pin); /* clear flag */
 582              		.loc 1 752 5 is_stmt 1 view .LVU133
 752:Core/Src/main.c ****         HAL_GPIO_EXTI_IRQHandler(Button0_Pin); /* clear flag */
 583              		.loc 1 752 14 is_stmt 0 view .LVU134
 584 0006 0E4B     		ldr	r3, .L37
 585 0008 1B68     		ldr	r3, [r3]
 586 000a C31A     		subs	r3, r0, r3
 752:Core/Src/main.c ****         HAL_GPIO_EXTI_IRQHandler(Button0_Pin); /* clear flag */
 587              		.loc 1 752 8 view .LVU135
 588 000c C72B     		cmp	r3, #199
 589 000e 12D9     		bls	.L36
 756:Core/Src/main.c **** 
 590              		.loc 1 756 5 is_stmt 1 view .LVU136
 756:Core/Src/main.c **** 
 591              		.loc 1 756 19 is_stmt 0 view .LVU137
 592 0010 0B4B     		ldr	r3, .L37
 593 0012 1860     		str	r0, [r3]
 759:Core/Src/main.c **** 
 594              		.loc 1 759 5 is_stmt 1 view .LVU138
 759:Core/Src/main.c **** 
 595              		.loc 1 759 35 is_stmt 0 view .LVU139
 596 0014 0B4B     		ldr	r3, .L37+4
 597 0016 1868     		ldr	r0, [r3]
 598              	.LVL34:
 759:Core/Src/main.c **** 
 599              		.loc 1 759 35 view .LVU140
 600 0018 0130     		adds	r0, r0, #1
ARM GAS  /var/folders/d6/h50ndp_j7xj_7552gzkj6_s40000gn/T//ccVJeyYC.s 			page 43


 759:Core/Src/main.c **** 
 601              		.loc 1 759 14 view .LVU141
 602 001a 0B4B     		ldr	r3, .L37+8
 603 001c A3FB0023 		umull	r2, r3, r3, r0
 604 0020 9B08     		lsrs	r3, r3, #2
 605 0022 03EB4303 		add	r3, r3, r3, lsl #1
 606              	.LVL35:
 762:Core/Src/main.c **** 
 607              		.loc 1 762 5 is_stmt 1 view .LVU142
 608 0026 A0EB4300 		sub	r0, r0, r3, lsl #1
 609              	.LVL36:
 762:Core/Src/main.c **** 
 610              		.loc 1 762 5 is_stmt 0 view .LVU143
 611 002a FFF7FEFF 		bl	set_waveform
 612              	.LVL37:
 765:Core/Src/main.c **** }
 613              		.loc 1 765 5 is_stmt 1 view .LVU144
 614 002e 0120     		movs	r0, #1
 615 0030 FFF7FEFF 		bl	HAL_GPIO_EXTI_IRQHandler
 616              	.LVL38:
 617              	.L32:
 766:Core/Src/main.c **** 
 618              		.loc 1 766 1 is_stmt 0 view .LVU145
 619 0034 08BD     		pop	{r3, pc}
 620              	.LVL39:
 621              	.L36:
 753:Core/Src/main.c ****         return;
 622              		.loc 1 753 9 is_stmt 1 view .LVU146
 623 0036 0120     		movs	r0, #1
 624              	.LVL40:
 753:Core/Src/main.c ****         return;
 625              		.loc 1 753 9 is_stmt 0 view .LVU147
 626 0038 FFF7FEFF 		bl	HAL_GPIO_EXTI_IRQHandler
 627              	.LVL41:
 754:Core/Src/main.c ****     }
 628              		.loc 1 754 9 is_stmt 1 view .LVU148
 629 003c FAE7     		b	.L32
 630              	.L38:
 631 003e 00BF     		.align	2
 632              	.L37:
 633 0040 00000000 		.word	last_press_ms
 634 0044 00000000 		.word	current_wave
 635 0048 ABAAAAAA 		.word	-1431655765
 636              		.cfi_endproc
 637              	.LFE142:
 639              		.section	.text.MX_TIM2_Init,"ax",%progbits
 640              		.align	1
 641              		.syntax unified
 642              		.thumb
 643              		.thumb_func
 645              	MX_TIM2_Init:
 646              	.LFB138:
 625:Core/Src/main.c ****   TIM_ClockConfigTypeDef sClockSourceConfig = {0};
 647              		.loc 1 625 1 view -0
 648              		.cfi_startproc
 649              		@ args = 0, pretend = 0, frame = 56
 650              		@ frame_needed = 0, uses_anonymous_args = 0
ARM GAS  /var/folders/d6/h50ndp_j7xj_7552gzkj6_s40000gn/T//ccVJeyYC.s 			page 44


 651 0000 00B5     		push	{lr}
 652              	.LCFI10:
 653              		.cfi_def_cfa_offset 4
 654              		.cfi_offset 14, -4
 655 0002 8FB0     		sub	sp, sp, #60
 656              	.LCFI11:
 657              		.cfi_def_cfa_offset 64
 626:Core/Src/main.c ****   TIM_OC_InitTypeDef sConfigOC = {0};
 658              		.loc 1 626 3 view .LVU150
 626:Core/Src/main.c ****   TIM_OC_InitTypeDef sConfigOC = {0};
 659              		.loc 1 626 26 is_stmt 0 view .LVU151
 660 0004 0023     		movs	r3, #0
 661 0006 0A93     		str	r3, [sp, #40]
 662 0008 0B93     		str	r3, [sp, #44]
 663 000a 0C93     		str	r3, [sp, #48]
 664 000c 0D93     		str	r3, [sp, #52]
 627:Core/Src/main.c ****   TIM_MasterConfigTypeDef sMasterConfig = {0};
 665              		.loc 1 627 3 is_stmt 1 view .LVU152
 627:Core/Src/main.c ****   TIM_MasterConfigTypeDef sMasterConfig = {0};
 666              		.loc 1 627 22 is_stmt 0 view .LVU153
 667 000e 0393     		str	r3, [sp, #12]
 668 0010 0493     		str	r3, [sp, #16]
 669 0012 0593     		str	r3, [sp, #20]
 670 0014 0693     		str	r3, [sp, #24]
 671 0016 0793     		str	r3, [sp, #28]
 672 0018 0893     		str	r3, [sp, #32]
 673 001a 0993     		str	r3, [sp, #36]
 628:Core/Src/main.c **** 
 674              		.loc 1 628 3 is_stmt 1 view .LVU154
 628:Core/Src/main.c **** 
 675              		.loc 1 628 27 is_stmt 0 view .LVU155
 676 001c 0193     		str	r3, [sp, #4]
 677 001e 0293     		str	r3, [sp, #8]
 630:Core/Src/main.c ****   htim2.Init.Prescaler = 0;
 678              		.loc 1 630 3 is_stmt 1 view .LVU156
 630:Core/Src/main.c ****   htim2.Init.Prescaler = 0;
 679              		.loc 1 630 18 is_stmt 0 view .LVU157
 680 0020 3548     		ldr	r0, .L53
 681 0022 4FF08042 		mov	r2, #1073741824
 682 0026 0260     		str	r2, [r0]
 631:Core/Src/main.c ****   htim2.Init.Period = 0xFFFFFFFFu; /* will be updated by set_waveform */
 683              		.loc 1 631 3 is_stmt 1 view .LVU158
 631:Core/Src/main.c ****   htim2.Init.Period = 0xFFFFFFFFu; /* will be updated by set_waveform */
 684              		.loc 1 631 24 is_stmt 0 view .LVU159
 685 0028 4360     		str	r3, [r0, #4]
 632:Core/Src/main.c ****   htim2.Init.CounterMode = TIM_COUNTERMODE_UP;
 686              		.loc 1 632 3 is_stmt 1 view .LVU160
 632:Core/Src/main.c ****   htim2.Init.CounterMode = TIM_COUNTERMODE_UP;
 687              		.loc 1 632 21 is_stmt 0 view .LVU161
 688 002a 4FF0FF32 		mov	r2, #-1
 689 002e C260     		str	r2, [r0, #12]
 633:Core/Src/main.c ****   htim2.Init.ClockDivision = TIM_CLOCKDIVISION_DIV1;
 690              		.loc 1 633 3 is_stmt 1 view .LVU162
 633:Core/Src/main.c ****   htim2.Init.ClockDivision = TIM_CLOCKDIVISION_DIV1;
 691              		.loc 1 633 26 is_stmt 0 view .LVU163
 692 0030 8360     		str	r3, [r0, #8]
 634:Core/Src/main.c ****   htim2.Init.AutoReloadPreload = TIM_AUTORELOAD_PRELOAD_DISABLE;
ARM GAS  /var/folders/d6/h50ndp_j7xj_7552gzkj6_s40000gn/T//ccVJeyYC.s 			page 45


 693              		.loc 1 634 3 is_stmt 1 view .LVU164
 634:Core/Src/main.c ****   htim2.Init.AutoReloadPreload = TIM_AUTORELOAD_PRELOAD_DISABLE;
 694              		.loc 1 634 28 is_stmt 0 view .LVU165
 695 0032 0361     		str	r3, [r0, #16]
 635:Core/Src/main.c ****   if (HAL_TIM_Base_Init(&htim2) != HAL_OK) { Error_Handler(); }
 696              		.loc 1 635 3 is_stmt 1 view .LVU166
 635:Core/Src/main.c ****   if (HAL_TIM_Base_Init(&htim2) != HAL_OK) { Error_Handler(); }
 697              		.loc 1 635 32 is_stmt 0 view .LVU167
 698 0034 8361     		str	r3, [r0, #24]
 636:Core/Src/main.c **** 
 699              		.loc 1 636 3 is_stmt 1 view .LVU168
 636:Core/Src/main.c **** 
 700              		.loc 1 636 7 is_stmt 0 view .LVU169
 701 0036 FFF7FEFF 		bl	HAL_TIM_Base_Init
 702              	.LVL42:
 636:Core/Src/main.c **** 
 703              		.loc 1 636 6 discriminator 1 view .LVU170
 704 003a 0028     		cmp	r0, #0
 705 003c 50D1     		bne	.L47
 638:Core/Src/main.c ****   if (HAL_TIM_ConfigClockSource(&htim2, &sClockSourceConfig) != HAL_OK) { Error_Handler(); }
 706              		.loc 1 638 3 is_stmt 1 view .LVU171
 638:Core/Src/main.c ****   if (HAL_TIM_ConfigClockSource(&htim2, &sClockSourceConfig) != HAL_OK) { Error_Handler(); }
 707              		.loc 1 638 34 is_stmt 0 view .LVU172
 708 003e 4FF48053 		mov	r3, #4096
 709 0042 0A93     		str	r3, [sp, #40]
 639:Core/Src/main.c **** 
 710              		.loc 1 639 3 is_stmt 1 view .LVU173
 639:Core/Src/main.c **** 
 711              		.loc 1 639 7 is_stmt 0 view .LVU174
 712 0044 0AA9     		add	r1, sp, #40
 713 0046 2C48     		ldr	r0, .L53
 714 0048 FFF7FEFF 		bl	HAL_TIM_ConfigClockSource
 715              	.LVL43:
 639:Core/Src/main.c **** 
 716              		.loc 1 639 6 discriminator 1 view .LVU175
 717 004c 0028     		cmp	r0, #0
 718 004e 49D1     		bne	.L48
 641:Core/Src/main.c **** 
 719              		.loc 1 641 3 is_stmt 1 view .LVU176
 641:Core/Src/main.c **** 
 720              		.loc 1 641 7 is_stmt 0 view .LVU177
 721 0050 2948     		ldr	r0, .L53
 722 0052 FFF7FEFF 		bl	HAL_TIM_OC_Init
 723              	.LVL44:
 641:Core/Src/main.c **** 
 724              		.loc 1 641 6 discriminator 1 view .LVU178
 725 0056 0028     		cmp	r0, #0
 726 0058 46D1     		bne	.L49
 643:Core/Src/main.c ****   sConfigOC.Pulse = 0;
 727              		.loc 1 643 3 is_stmt 1 view .LVU179
 643:Core/Src/main.c ****   sConfigOC.Pulse = 0;
 728              		.loc 1 643 20 is_stmt 0 view .LVU180
 729 005a 0022     		movs	r2, #0
 730 005c 0392     		str	r2, [sp, #12]
 644:Core/Src/main.c ****   sConfigOC.OCPolarity = TIM_OCPOLARITY_HIGH;
 731              		.loc 1 644 3 is_stmt 1 view .LVU181
 644:Core/Src/main.c ****   sConfigOC.OCPolarity = TIM_OCPOLARITY_HIGH;
ARM GAS  /var/folders/d6/h50ndp_j7xj_7552gzkj6_s40000gn/T//ccVJeyYC.s 			page 46


 732              		.loc 1 644 19 is_stmt 0 view .LVU182
 733 005e 0492     		str	r2, [sp, #16]
 645:Core/Src/main.c ****   sConfigOC.OCFastMode = TIM_OCFAST_DISABLE;
 734              		.loc 1 645 3 is_stmt 1 view .LVU183
 645:Core/Src/main.c ****   sConfigOC.OCFastMode = TIM_OCFAST_DISABLE;
 735              		.loc 1 645 24 is_stmt 0 view .LVU184
 736 0060 0592     		str	r2, [sp, #20]
 646:Core/Src/main.c ****   if (HAL_TIM_OC_ConfigChannel(&htim2, &sConfigOC, TIM_CHANNEL_1) != HAL_OK) { Error_Handler(); }
 737              		.loc 1 646 3 is_stmt 1 view .LVU185
 646:Core/Src/main.c ****   if (HAL_TIM_OC_ConfigChannel(&htim2, &sConfigOC, TIM_CHANNEL_1) != HAL_OK) { Error_Handler(); }
 738              		.loc 1 646 24 is_stmt 0 view .LVU186
 739 0062 0792     		str	r2, [sp, #28]
 647:Core/Src/main.c **** 
 740              		.loc 1 647 3 is_stmt 1 view .LVU187
 647:Core/Src/main.c **** 
 741              		.loc 1 647 7 is_stmt 0 view .LVU188
 742 0064 03A9     		add	r1, sp, #12
 743 0066 2448     		ldr	r0, .L53
 744 0068 FFF7FEFF 		bl	HAL_TIM_OC_ConfigChannel
 745              	.LVL45:
 647:Core/Src/main.c **** 
 746              		.loc 1 647 6 discriminator 1 view .LVU189
 747 006c 0028     		cmp	r0, #0
 748 006e 3DD1     		bne	.L50
 649:Core/Src/main.c ****   sMasterConfig.MasterSlaveMode = TIM_MASTERSLAVEMODE_DISABLE;
 749              		.loc 1 649 3 is_stmt 1 view .LVU190
 649:Core/Src/main.c ****   sMasterConfig.MasterSlaveMode = TIM_MASTERSLAVEMODE_DISABLE;
 750              		.loc 1 649 37 is_stmt 0 view .LVU191
 751 0070 0023     		movs	r3, #0
 752 0072 0193     		str	r3, [sp, #4]
 650:Core/Src/main.c ****   if (HAL_TIMEx_MasterConfigSynchronization(&htim2, &sMasterConfig) != HAL_OK) { Error_Handler(); }
 753              		.loc 1 650 3 is_stmt 1 view .LVU192
 650:Core/Src/main.c ****   if (HAL_TIMEx_MasterConfigSynchronization(&htim2, &sMasterConfig) != HAL_OK) { Error_Handler(); }
 754              		.loc 1 650 33 is_stmt 0 view .LVU193
 755 0074 0293     		str	r3, [sp, #8]
 651:Core/Src/main.c **** 
 756              		.loc 1 651 3 is_stmt 1 view .LVU194
 651:Core/Src/main.c **** 
 757              		.loc 1 651 7 is_stmt 0 view .LVU195
 758 0076 01A9     		add	r1, sp, #4
 759 0078 1F48     		ldr	r0, .L53
 760 007a FFF7FEFF 		bl	HAL_TIMEx_MasterConfigSynchronization
 761              	.LVL46:
 651:Core/Src/main.c **** 
 762              		.loc 1 651 6 discriminator 1 view .LVU196
 763 007e 0028     		cmp	r0, #0
 764 0080 36D1     		bne	.L51
 654:Core/Src/main.c **** 
 765              		.loc 1 654 3 is_stmt 1 view .LVU197
 766              	.LBB11:
 654:Core/Src/main.c **** 
 767              		.loc 1 654 3 view .LVU198
 768 0082 0023     		movs	r3, #0
 769 0084 0093     		str	r3, [sp]
 654:Core/Src/main.c **** 
 770              		.loc 1 654 3 view .LVU199
 771 0086 1D4A     		ldr	r2, .L53+4
ARM GAS  /var/folders/d6/h50ndp_j7xj_7552gzkj6_s40000gn/T//ccVJeyYC.s 			page 47


 772 0088 116B     		ldr	r1, [r2, #48]
 773 008a 41F40011 		orr	r1, r1, #2097152
 774 008e 1163     		str	r1, [r2, #48]
 654:Core/Src/main.c **** 
 775              		.loc 1 654 3 view .LVU200
 776 0090 126B     		ldr	r2, [r2, #48]
 777 0092 02F40012 		and	r2, r2, #2097152
 778 0096 0092     		str	r2, [sp]
 654:Core/Src/main.c **** 
 779              		.loc 1 654 3 view .LVU201
 780 0098 009A     		ldr	r2, [sp]
 781              	.LBE11:
 654:Core/Src/main.c **** 
 782              		.loc 1 654 3 view .LVU202
 656:Core/Src/main.c ****   hdma_tim2_ch1.Init.Channel = DMA_CHANNEL_3;                  /* TIM2_CH1 -> channel 3 */
 783              		.loc 1 656 3 view .LVU203
 656:Core/Src/main.c ****   hdma_tim2_ch1.Init.Channel = DMA_CHANNEL_3;                  /* TIM2_CH1 -> channel 3 */
 784              		.loc 1 656 26 is_stmt 0 view .LVU204
 785 009a 1948     		ldr	r0, .L53+8
 786 009c 194A     		ldr	r2, .L53+12
 787 009e 0260     		str	r2, [r0]
 657:Core/Src/main.c ****   hdma_tim2_ch1.Init.Direction = DMA_MEMORY_TO_PERIPH;        /* memory -> peripheral */
 788              		.loc 1 657 3 is_stmt 1 view .LVU205
 657:Core/Src/main.c ****   hdma_tim2_ch1.Init.Direction = DMA_MEMORY_TO_PERIPH;        /* memory -> peripheral */
 789              		.loc 1 657 30 is_stmt 0 view .LVU206
 790 00a0 4FF0C062 		mov	r2, #100663296
 791 00a4 4260     		str	r2, [r0, #4]
 658:Core/Src/main.c ****   hdma_tim2_ch1.Init.PeriphInc = DMA_PINC_DISABLE;           /* peripheral fixed (TIM3->CCR3) */
 792              		.loc 1 658 3 is_stmt 1 view .LVU207
 658:Core/Src/main.c ****   hdma_tim2_ch1.Init.PeriphInc = DMA_PINC_DISABLE;           /* peripheral fixed (TIM3->CCR3) */
 793              		.loc 1 658 32 is_stmt 0 view .LVU208
 794 00a6 4022     		movs	r2, #64
 795 00a8 8260     		str	r2, [r0, #8]
 659:Core/Src/main.c ****   hdma_tim2_ch1.Init.MemInc = DMA_MINC_ENABLE;               /* memory increments */
 796              		.loc 1 659 3 is_stmt 1 view .LVU209
 659:Core/Src/main.c ****   hdma_tim2_ch1.Init.MemInc = DMA_MINC_ENABLE;               /* memory increments */
 797              		.loc 1 659 32 is_stmt 0 view .LVU210
 798 00aa C360     		str	r3, [r0, #12]
 660:Core/Src/main.c ****   hdma_tim2_ch1.Init.PeriphDataAlignment = DMA_PDATAALIGN_HALFWORD; /* 16-bit */
 799              		.loc 1 660 3 is_stmt 1 view .LVU211
 660:Core/Src/main.c ****   hdma_tim2_ch1.Init.PeriphDataAlignment = DMA_PDATAALIGN_HALFWORD; /* 16-bit */
 800              		.loc 1 660 29 is_stmt 0 view .LVU212
 801 00ac 4FF48062 		mov	r2, #1024
 802 00b0 0261     		str	r2, [r0, #16]
 661:Core/Src/main.c ****   hdma_tim2_ch1.Init.MemDataAlignment = DMA_MDATAALIGN_HALFWORD;    /* 16-bit */
 803              		.loc 1 661 3 is_stmt 1 view .LVU213
 661:Core/Src/main.c ****   hdma_tim2_ch1.Init.MemDataAlignment = DMA_MDATAALIGN_HALFWORD;    /* 16-bit */
 804              		.loc 1 661 42 is_stmt 0 view .LVU214
 805 00b2 4FF40062 		mov	r2, #2048
 806 00b6 4261     		str	r2, [r0, #20]
 662:Core/Src/main.c ****   hdma_tim2_ch1.Init.Mode = DMA_CIRCULAR;                    /* circular for continuous playback */
 807              		.loc 1 662 3 is_stmt 1 view .LVU215
 662:Core/Src/main.c ****   hdma_tim2_ch1.Init.Mode = DMA_CIRCULAR;                    /* circular for continuous playback */
 808              		.loc 1 662 39 is_stmt 0 view .LVU216
 809 00b8 4FF40052 		mov	r2, #8192
 810 00bc 8261     		str	r2, [r0, #24]
 663:Core/Src/main.c ****   hdma_tim2_ch1.Init.Priority = DMA_PRIORITY_HIGH;
ARM GAS  /var/folders/d6/h50ndp_j7xj_7552gzkj6_s40000gn/T//ccVJeyYC.s 			page 48


 811              		.loc 1 663 3 is_stmt 1 view .LVU217
 663:Core/Src/main.c ****   hdma_tim2_ch1.Init.Priority = DMA_PRIORITY_HIGH;
 812              		.loc 1 663 27 is_stmt 0 view .LVU218
 813 00be 4FF48072 		mov	r2, #256
 814 00c2 C261     		str	r2, [r0, #28]
 664:Core/Src/main.c ****   hdma_tim2_ch1.Init.FIFOMode = DMA_FIFOMODE_DISABLE;
 815              		.loc 1 664 3 is_stmt 1 view .LVU219
 664:Core/Src/main.c ****   hdma_tim2_ch1.Init.FIFOMode = DMA_FIFOMODE_DISABLE;
 816              		.loc 1 664 31 is_stmt 0 view .LVU220
 817 00c4 4FF40032 		mov	r2, #131072
 818 00c8 0262     		str	r2, [r0, #32]
 665:Core/Src/main.c **** 
 819              		.loc 1 665 3 is_stmt 1 view .LVU221
 665:Core/Src/main.c **** 
 820              		.loc 1 665 31 is_stmt 0 view .LVU222
 821 00ca 4362     		str	r3, [r0, #36]
 667:Core/Src/main.c **** 
 822              		.loc 1 667 3 is_stmt 1 view .LVU223
 667:Core/Src/main.c **** 
 823              		.loc 1 667 7 is_stmt 0 view .LVU224
 824 00cc FFF7FEFF 		bl	HAL_DMA_Init
 825              	.LVL47:
 667:Core/Src/main.c **** 
 826              		.loc 1 667 6 discriminator 1 view .LVU225
 827 00d0 80B9     		cbnz	r0, .L52
 669:Core/Src/main.c **** }
 828              		.loc 1 669 3 is_stmt 1 view .LVU226
 669:Core/Src/main.c **** }
 829              		.loc 1 669 3 view .LVU227
 830 00d2 094A     		ldr	r2, .L53
 831 00d4 0A4B     		ldr	r3, .L53+8
 832 00d6 5362     		str	r3, [r2, #36]
 669:Core/Src/main.c **** }
 833              		.loc 1 669 3 view .LVU228
 834 00d8 9A63     		str	r2, [r3, #56]
 669:Core/Src/main.c **** }
 835              		.loc 1 669 3 view .LVU229
 670:Core/Src/main.c **** 
 836              		.loc 1 670 1 is_stmt 0 view .LVU230
 837 00da 0FB0     		add	sp, sp, #60
 838              	.LCFI12:
 839              		.cfi_remember_state
 840              		.cfi_def_cfa_offset 4
 841              		@ sp needed
 842 00dc 5DF804FB 		ldr	pc, [sp], #4
 843              	.L47:
 844              	.LCFI13:
 845              		.cfi_restore_state
 636:Core/Src/main.c **** 
 846              		.loc 1 636 46 is_stmt 1 discriminator 1 view .LVU231
 847 00e0 FFF7FEFF 		bl	Error_Handler
 848              	.LVL48:
 849              	.L48:
 639:Core/Src/main.c **** 
 850              		.loc 1 639 75 discriminator 1 view .LVU232
 851 00e4 FFF7FEFF 		bl	Error_Handler
 852              	.LVL49:
ARM GAS  /var/folders/d6/h50ndp_j7xj_7552gzkj6_s40000gn/T//ccVJeyYC.s 			page 49


 853              	.L49:
 641:Core/Src/main.c **** 
 854              		.loc 1 641 44 discriminator 1 view .LVU233
 855 00e8 FFF7FEFF 		bl	Error_Handler
 856              	.LVL50:
 857              	.L50:
 647:Core/Src/main.c **** 
 858              		.loc 1 647 80 discriminator 1 view .LVU234
 859 00ec FFF7FEFF 		bl	Error_Handler
 860              	.LVL51:
 861              	.L51:
 651:Core/Src/main.c **** 
 862              		.loc 1 651 82 discriminator 1 view .LVU235
 863 00f0 FFF7FEFF 		bl	Error_Handler
 864              	.LVL52:
 865              	.L52:
 667:Core/Src/main.c **** 
 866              		.loc 1 667 49 discriminator 1 view .LVU236
 867 00f4 FFF7FEFF 		bl	Error_Handler
 868              	.LVL53:
 869              	.L54:
 870              		.align	2
 871              	.L53:
 872 00f8 00000000 		.word	htim2
 873 00fc 00380240 		.word	1073887232
 874 0100 00000000 		.word	hdma_tim2_ch1
 875 0104 88600240 		.word	1073897608
 876              		.cfi_endproc
 877              	.LFE138:
 879              		.section	.text.MX_TIM3_Init,"ax",%progbits
 880              		.align	1
 881              		.syntax unified
 882              		.thumb
 883              		.thumb_func
 885              	MX_TIM3_Init:
 886              	.LFB139:
 674:Core/Src/main.c ****   TIM_ClockConfigTypeDef sClockSourceConfig = {0};
 887              		.loc 1 674 1 view -0
 888              		.cfi_startproc
 889              		@ args = 0, pretend = 0, frame = 56
 890              		@ frame_needed = 0, uses_anonymous_args = 0
 891 0000 00B5     		push	{lr}
 892              	.LCFI14:
 893              		.cfi_def_cfa_offset 4
 894              		.cfi_offset 14, -4
 895 0002 8FB0     		sub	sp, sp, #60
 896              	.LCFI15:
 897              		.cfi_def_cfa_offset 64
 675:Core/Src/main.c ****   TIM_OC_InitTypeDef sConfigOC = {0};
 898              		.loc 1 675 3 view .LVU238
 675:Core/Src/main.c ****   TIM_OC_InitTypeDef sConfigOC = {0};
 899              		.loc 1 675 26 is_stmt 0 view .LVU239
 900 0004 0023     		movs	r3, #0
 901 0006 0A93     		str	r3, [sp, #40]
 902 0008 0B93     		str	r3, [sp, #44]
 903 000a 0C93     		str	r3, [sp, #48]
 904 000c 0D93     		str	r3, [sp, #52]
ARM GAS  /var/folders/d6/h50ndp_j7xj_7552gzkj6_s40000gn/T//ccVJeyYC.s 			page 50


 676:Core/Src/main.c ****   TIM_MasterConfigTypeDef sMasterConfig = {0};
 905              		.loc 1 676 3 is_stmt 1 view .LVU240
 676:Core/Src/main.c ****   TIM_MasterConfigTypeDef sMasterConfig = {0};
 906              		.loc 1 676 22 is_stmt 0 view .LVU241
 907 000e 0393     		str	r3, [sp, #12]
 908 0010 0493     		str	r3, [sp, #16]
 909 0012 0593     		str	r3, [sp, #20]
 910 0014 0693     		str	r3, [sp, #24]
 911 0016 0793     		str	r3, [sp, #28]
 912 0018 0893     		str	r3, [sp, #32]
 913 001a 0993     		str	r3, [sp, #36]
 677:Core/Src/main.c **** 
 914              		.loc 1 677 3 is_stmt 1 view .LVU242
 677:Core/Src/main.c **** 
 915              		.loc 1 677 27 is_stmt 0 view .LVU243
 916 001c 0193     		str	r3, [sp, #4]
 917 001e 0293     		str	r3, [sp, #8]
 679:Core/Src/main.c ****   htim3.Init.Prescaler = 0;
 918              		.loc 1 679 3 is_stmt 1 view .LVU244
 679:Core/Src/main.c ****   htim3.Init.Prescaler = 0;
 919              		.loc 1 679 18 is_stmt 0 view .LVU245
 920 0020 1948     		ldr	r0, .L65
 921 0022 1A4A     		ldr	r2, .L65+4
 922 0024 0260     		str	r2, [r0]
 680:Core/Src/main.c ****   htim3.Init.CounterMode = TIM_COUNTERMODE_UP;
 923              		.loc 1 680 3 is_stmt 1 view .LVU246
 680:Core/Src/main.c ****   htim3.Init.CounterMode = TIM_COUNTERMODE_UP;
 924              		.loc 1 680 24 is_stmt 0 view .LVU247
 925 0026 4360     		str	r3, [r0, #4]
 681:Core/Src/main.c ****   htim3.Init.Period = DAC_MAX_12B; /* 0..4095 */
 926              		.loc 1 681 3 is_stmt 1 view .LVU248
 681:Core/Src/main.c ****   htim3.Init.Period = DAC_MAX_12B; /* 0..4095 */
 927              		.loc 1 681 26 is_stmt 0 view .LVU249
 928 0028 8360     		str	r3, [r0, #8]
 682:Core/Src/main.c ****   htim3.Init.ClockDivision = TIM_CLOCKDIVISION_DIV1;
 929              		.loc 1 682 3 is_stmt 1 view .LVU250
 682:Core/Src/main.c ****   htim3.Init.ClockDivision = TIM_CLOCKDIVISION_DIV1;
 930              		.loc 1 682 21 is_stmt 0 view .LVU251
 931 002a 40F6FF72 		movw	r2, #4095
 932 002e C260     		str	r2, [r0, #12]
 683:Core/Src/main.c ****   htim3.Init.AutoReloadPreload = TIM_AUTORELOAD_PRELOAD_DISABLE;
 933              		.loc 1 683 3 is_stmt 1 view .LVU252
 683:Core/Src/main.c ****   htim3.Init.AutoReloadPreload = TIM_AUTORELOAD_PRELOAD_DISABLE;
 934              		.loc 1 683 28 is_stmt 0 view .LVU253
 935 0030 0361     		str	r3, [r0, #16]
 684:Core/Src/main.c ****   if (HAL_TIM_Base_Init(&htim3) != HAL_OK) { Error_Handler(); }
 936              		.loc 1 684 3 is_stmt 1 view .LVU254
 684:Core/Src/main.c ****   if (HAL_TIM_Base_Init(&htim3) != HAL_OK) { Error_Handler(); }
 937              		.loc 1 684 32 is_stmt 0 view .LVU255
 938 0032 8361     		str	r3, [r0, #24]
 685:Core/Src/main.c **** 
 939              		.loc 1 685 3 is_stmt 1 view .LVU256
 685:Core/Src/main.c **** 
 940              		.loc 1 685 7 is_stmt 0 view .LVU257
 941 0034 FFF7FEFF 		bl	HAL_TIM_Base_Init
 942              	.LVL54:
 685:Core/Src/main.c **** 
ARM GAS  /var/folders/d6/h50ndp_j7xj_7552gzkj6_s40000gn/T//ccVJeyYC.s 			page 51


 943              		.loc 1 685 6 discriminator 1 view .LVU258
 944 0038 E8B9     		cbnz	r0, .L61
 687:Core/Src/main.c ****   if (HAL_TIM_ConfigClockSource(&htim3, &sClockSourceConfig) != HAL_OK) { Error_Handler(); }
 945              		.loc 1 687 3 is_stmt 1 view .LVU259
 687:Core/Src/main.c ****   if (HAL_TIM_ConfigClockSource(&htim3, &sClockSourceConfig) != HAL_OK) { Error_Handler(); }
 946              		.loc 1 687 34 is_stmt 0 view .LVU260
 947 003a 4FF48053 		mov	r3, #4096
 948 003e 0A93     		str	r3, [sp, #40]
 688:Core/Src/main.c **** 
 949              		.loc 1 688 3 is_stmt 1 view .LVU261
 688:Core/Src/main.c **** 
 950              		.loc 1 688 7 is_stmt 0 view .LVU262
 951 0040 0AA9     		add	r1, sp, #40
 952 0042 1148     		ldr	r0, .L65
 953 0044 FFF7FEFF 		bl	HAL_TIM_ConfigClockSource
 954              	.LVL55:
 688:Core/Src/main.c **** 
 955              		.loc 1 688 6 discriminator 1 view .LVU263
 956 0048 B8B9     		cbnz	r0, .L62
 690:Core/Src/main.c **** 
 957              		.loc 1 690 3 is_stmt 1 view .LVU264
 690:Core/Src/main.c **** 
 958              		.loc 1 690 7 is_stmt 0 view .LVU265
 959 004a 0F48     		ldr	r0, .L65
 960 004c FFF7FEFF 		bl	HAL_TIM_PWM_Init
 961              	.LVL56:
 690:Core/Src/main.c **** 
 962              		.loc 1 690 6 discriminator 1 view .LVU266
 963 0050 A8B9     		cbnz	r0, .L63
 692:Core/Src/main.c ****   sConfigOC.Pulse = 0; /* start with 0 duty */
 964              		.loc 1 692 3 is_stmt 1 view .LVU267
 692:Core/Src/main.c ****   sConfigOC.Pulse = 0; /* start with 0 duty */
 965              		.loc 1 692 20 is_stmt 0 view .LVU268
 966 0052 6023     		movs	r3, #96
 967 0054 0393     		str	r3, [sp, #12]
 693:Core/Src/main.c ****   sConfigOC.OCPolarity = TIM_OCPOLARITY_HIGH;
 968              		.loc 1 693 3 is_stmt 1 view .LVU269
 693:Core/Src/main.c ****   sConfigOC.OCPolarity = TIM_OCPOLARITY_HIGH;
 969              		.loc 1 693 19 is_stmt 0 view .LVU270
 970 0056 0023     		movs	r3, #0
 971 0058 0493     		str	r3, [sp, #16]
 694:Core/Src/main.c ****   sConfigOC.OCFastMode = TIM_OCFAST_DISABLE;
 972              		.loc 1 694 3 is_stmt 1 view .LVU271
 694:Core/Src/main.c ****   sConfigOC.OCFastMode = TIM_OCFAST_DISABLE;
 973              		.loc 1 694 24 is_stmt 0 view .LVU272
 974 005a 0593     		str	r3, [sp, #20]
 695:Core/Src/main.c ****   if (HAL_TIM_PWM_ConfigChannel(&htim3, &sConfigOC, TIM_CHANNEL_3) != HAL_OK) { Error_Handler(); }
 975              		.loc 1 695 3 is_stmt 1 view .LVU273
 695:Core/Src/main.c ****   if (HAL_TIM_PWM_ConfigChannel(&htim3, &sConfigOC, TIM_CHANNEL_3) != HAL_OK) { Error_Handler(); }
 976              		.loc 1 695 24 is_stmt 0 view .LVU274
 977 005c 0793     		str	r3, [sp, #28]
 696:Core/Src/main.c **** 
 978              		.loc 1 696 3 is_stmt 1 view .LVU275
 696:Core/Src/main.c **** 
 979              		.loc 1 696 7 is_stmt 0 view .LVU276
 980 005e 0822     		movs	r2, #8
 981 0060 03A9     		add	r1, sp, #12
ARM GAS  /var/folders/d6/h50ndp_j7xj_7552gzkj6_s40000gn/T//ccVJeyYC.s 			page 52


 982 0062 0948     		ldr	r0, .L65
 983 0064 FFF7FEFF 		bl	HAL_TIM_PWM_ConfigChannel
 984              	.LVL57:
 696:Core/Src/main.c **** 
 985              		.loc 1 696 6 discriminator 1 view .LVU277
 986 0068 58B9     		cbnz	r0, .L64
 698:Core/Src/main.c **** }
 987              		.loc 1 698 3 is_stmt 1 view .LVU278
 988 006a 0748     		ldr	r0, .L65
 989 006c FFF7FEFF 		bl	HAL_TIM_MspPostInit
 990              	.LVL58:
 699:Core/Src/main.c **** 
 991              		.loc 1 699 1 is_stmt 0 view .LVU279
 992 0070 0FB0     		add	sp, sp, #60
 993              	.LCFI16:
 994              		.cfi_remember_state
 995              		.cfi_def_cfa_offset 4
 996              		@ sp needed
 997 0072 5DF804FB 		ldr	pc, [sp], #4
 998              	.L61:
 999              	.LCFI17:
 1000              		.cfi_restore_state
 685:Core/Src/main.c **** 
 1001              		.loc 1 685 46 is_stmt 1 discriminator 1 view .LVU280
 1002 0076 FFF7FEFF 		bl	Error_Handler
 1003              	.LVL59:
 1004              	.L62:
 688:Core/Src/main.c **** 
 1005              		.loc 1 688 75 discriminator 1 view .LVU281
 1006 007a FFF7FEFF 		bl	Error_Handler
 1007              	.LVL60:
 1008              	.L63:
 690:Core/Src/main.c **** 
 1009              		.loc 1 690 45 discriminator 1 view .LVU282
 1010 007e FFF7FEFF 		bl	Error_Handler
 1011              	.LVL61:
 1012              	.L64:
 696:Core/Src/main.c **** 
 1013              		.loc 1 696 81 discriminator 1 view .LVU283
 1014 0082 FFF7FEFF 		bl	Error_Handler
 1015              	.LVL62:
 1016              	.L66:
 1017 0086 00BF     		.align	2
 1018              	.L65:
 1019 0088 00000000 		.word	htim3
 1020 008c 00040040 		.word	1073742848
 1021              		.cfi_endproc
 1022              	.LFE139:
 1024              		.section	.text.SystemClock_Config,"ax",%progbits
 1025              		.align	1
 1026              		.global	SystemClock_Config
 1027              		.syntax unified
 1028              		.thumb
 1029              		.thumb_func
 1031              	SystemClock_Config:
 1032              	.LFB137:
 600:Core/Src/main.c ****   RCC_OscInitTypeDef RCC_OscInitStruct = {0};
ARM GAS  /var/folders/d6/h50ndp_j7xj_7552gzkj6_s40000gn/T//ccVJeyYC.s 			page 53


 1033              		.loc 1 600 1 view -0
 1034              		.cfi_startproc
 1035              		@ args = 0, pretend = 0, frame = 80
 1036              		@ frame_needed = 0, uses_anonymous_args = 0
 1037 0000 00B5     		push	{lr}
 1038              	.LCFI18:
 1039              		.cfi_def_cfa_offset 4
 1040              		.cfi_offset 14, -4
 1041 0002 95B0     		sub	sp, sp, #84
 1042              	.LCFI19:
 1043              		.cfi_def_cfa_offset 88
 601:Core/Src/main.c ****   RCC_ClkInitTypeDef RCC_ClkInitStruct = {0};
 1044              		.loc 1 601 3 view .LVU285
 601:Core/Src/main.c ****   RCC_ClkInitTypeDef RCC_ClkInitStruct = {0};
 1045              		.loc 1 601 22 is_stmt 0 view .LVU286
 1046 0004 3422     		movs	r2, #52
 1047 0006 0021     		movs	r1, #0
 1048 0008 07A8     		add	r0, sp, #28
 1049 000a FFF7FEFF 		bl	memset
 1050              	.LVL63:
 602:Core/Src/main.c **** 
 1051              		.loc 1 602 3 is_stmt 1 view .LVU287
 602:Core/Src/main.c **** 
 1052              		.loc 1 602 22 is_stmt 0 view .LVU288
 1053 000e 0023     		movs	r3, #0
 1054 0010 0293     		str	r3, [sp, #8]
 1055 0012 0393     		str	r3, [sp, #12]
 1056 0014 0493     		str	r3, [sp, #16]
 1057 0016 0593     		str	r3, [sp, #20]
 1058 0018 0693     		str	r3, [sp, #24]
 604:Core/Src/main.c ****   __HAL_PWR_VOLTAGESCALING_CONFIG(PWR_REGULATOR_VOLTAGE_SCALE3);
 1059              		.loc 1 604 3 is_stmt 1 view .LVU289
 1060              	.LBB12:
 604:Core/Src/main.c ****   __HAL_PWR_VOLTAGESCALING_CONFIG(PWR_REGULATOR_VOLTAGE_SCALE3);
 1061              		.loc 1 604 3 view .LVU290
 1062 001a 0093     		str	r3, [sp]
 604:Core/Src/main.c ****   __HAL_PWR_VOLTAGESCALING_CONFIG(PWR_REGULATOR_VOLTAGE_SCALE3);
 1063              		.loc 1 604 3 view .LVU291
 1064 001c 194A     		ldr	r2, .L73
 1065 001e 116C     		ldr	r1, [r2, #64]
 1066 0020 41F08051 		orr	r1, r1, #268435456
 1067 0024 1164     		str	r1, [r2, #64]
 604:Core/Src/main.c ****   __HAL_PWR_VOLTAGESCALING_CONFIG(PWR_REGULATOR_VOLTAGE_SCALE3);
 1068              		.loc 1 604 3 view .LVU292
 1069 0026 126C     		ldr	r2, [r2, #64]
 1070 0028 02F08052 		and	r2, r2, #268435456
 1071 002c 0092     		str	r2, [sp]
 604:Core/Src/main.c ****   __HAL_PWR_VOLTAGESCALING_CONFIG(PWR_REGULATOR_VOLTAGE_SCALE3);
 1072              		.loc 1 604 3 view .LVU293
 1073 002e 009A     		ldr	r2, [sp]
 1074              	.LBE12:
 604:Core/Src/main.c ****   __HAL_PWR_VOLTAGESCALING_CONFIG(PWR_REGULATOR_VOLTAGE_SCALE3);
 1075              		.loc 1 604 3 view .LVU294
 605:Core/Src/main.c **** 
 1076              		.loc 1 605 3 view .LVU295
 1077              	.LBB13:
 605:Core/Src/main.c **** 
ARM GAS  /var/folders/d6/h50ndp_j7xj_7552gzkj6_s40000gn/T//ccVJeyYC.s 			page 54


 1078              		.loc 1 605 3 view .LVU296
 1079 0030 0193     		str	r3, [sp, #4]
 605:Core/Src/main.c **** 
 1080              		.loc 1 605 3 view .LVU297
 1081 0032 1549     		ldr	r1, .L73+4
 1082 0034 0A68     		ldr	r2, [r1]
 1083 0036 22F44042 		bic	r2, r2, #49152
 1084 003a 42F48042 		orr	r2, r2, #16384
 1085 003e 0A60     		str	r2, [r1]
 605:Core/Src/main.c **** 
 1086              		.loc 1 605 3 view .LVU298
 1087 0040 0A68     		ldr	r2, [r1]
 1088 0042 02F44042 		and	r2, r2, #49152
 1089 0046 0192     		str	r2, [sp, #4]
 605:Core/Src/main.c **** 
 1090              		.loc 1 605 3 view .LVU299
 1091 0048 019A     		ldr	r2, [sp, #4]
 1092              	.LBE13:
 605:Core/Src/main.c **** 
 1093              		.loc 1 605 3 view .LVU300
 607:Core/Src/main.c ****   RCC_OscInitStruct.HSIState = RCC_HSI_ON;
 1094              		.loc 1 607 3 view .LVU301
 607:Core/Src/main.c ****   RCC_OscInitStruct.HSIState = RCC_HSI_ON;
 1095              		.loc 1 607 36 is_stmt 0 view .LVU302
 1096 004a 0222     		movs	r2, #2
 1097 004c 0792     		str	r2, [sp, #28]
 608:Core/Src/main.c ****   RCC_OscInitStruct.HSICalibrationValue = RCC_HSICALIBRATION_DEFAULT;
 1098              		.loc 1 608 3 is_stmt 1 view .LVU303
 608:Core/Src/main.c ****   RCC_OscInitStruct.HSICalibrationValue = RCC_HSICALIBRATION_DEFAULT;
 1099              		.loc 1 608 30 is_stmt 0 view .LVU304
 1100 004e 0122     		movs	r2, #1
 1101 0050 0A92     		str	r2, [sp, #40]
 609:Core/Src/main.c ****   RCC_OscInitStruct.PLL.PLLState = RCC_PLL_NONE;
 1102              		.loc 1 609 3 is_stmt 1 view .LVU305
 609:Core/Src/main.c ****   RCC_OscInitStruct.PLL.PLLState = RCC_PLL_NONE;
 1103              		.loc 1 609 41 is_stmt 0 view .LVU306
 1104 0052 1022     		movs	r2, #16
 1105 0054 0B92     		str	r2, [sp, #44]
 610:Core/Src/main.c ****   if (HAL_RCC_OscConfig(&RCC_OscInitStruct) != HAL_OK) { Error_Handler(); }
 1106              		.loc 1 610 3 is_stmt 1 view .LVU307
 610:Core/Src/main.c ****   if (HAL_RCC_OscConfig(&RCC_OscInitStruct) != HAL_OK) { Error_Handler(); }
 1107              		.loc 1 610 34 is_stmt 0 view .LVU308
 1108 0056 0D93     		str	r3, [sp, #52]
 611:Core/Src/main.c **** 
 1109              		.loc 1 611 3 is_stmt 1 view .LVU309
 611:Core/Src/main.c **** 
 1110              		.loc 1 611 7 is_stmt 0 view .LVU310
 1111 0058 07A8     		add	r0, sp, #28
 1112 005a FFF7FEFF 		bl	HAL_RCC_OscConfig
 1113              	.LVL64:
 611:Core/Src/main.c **** 
 1114              		.loc 1 611 6 discriminator 1 view .LVU311
 1115 005e 68B9     		cbnz	r0, .L71
 613:Core/Src/main.c ****                               |RCC_CLOCKTYPE_PCLK1|RCC_CLOCKTYPE_PCLK2;
 1116              		.loc 1 613 3 is_stmt 1 view .LVU312
 613:Core/Src/main.c ****                               |RCC_CLOCKTYPE_PCLK1|RCC_CLOCKTYPE_PCLK2;
 1117              		.loc 1 613 31 is_stmt 0 view .LVU313
ARM GAS  /var/folders/d6/h50ndp_j7xj_7552gzkj6_s40000gn/T//ccVJeyYC.s 			page 55


 1118 0060 0F23     		movs	r3, #15
 1119 0062 0293     		str	r3, [sp, #8]
 615:Core/Src/main.c ****   RCC_ClkInitStruct.AHBCLKDivider = RCC_SYSCLK_DIV1;
 1120              		.loc 1 615 3 is_stmt 1 view .LVU314
 615:Core/Src/main.c ****   RCC_ClkInitStruct.AHBCLKDivider = RCC_SYSCLK_DIV1;
 1121              		.loc 1 615 34 is_stmt 0 view .LVU315
 1122 0064 0021     		movs	r1, #0
 1123 0066 0391     		str	r1, [sp, #12]
 616:Core/Src/main.c ****   RCC_ClkInitStruct.APB1CLKDivider = RCC_HCLK_DIV1;
 1124              		.loc 1 616 3 is_stmt 1 view .LVU316
 616:Core/Src/main.c ****   RCC_ClkInitStruct.APB1CLKDivider = RCC_HCLK_DIV1;
 1125              		.loc 1 616 35 is_stmt 0 view .LVU317
 1126 0068 0491     		str	r1, [sp, #16]
 617:Core/Src/main.c ****   RCC_ClkInitStruct.APB2CLKDivider = RCC_HCLK_DIV1;
 1127              		.loc 1 617 3 is_stmt 1 view .LVU318
 617:Core/Src/main.c ****   RCC_ClkInitStruct.APB2CLKDivider = RCC_HCLK_DIV1;
 1128              		.loc 1 617 36 is_stmt 0 view .LVU319
 1129 006a 0591     		str	r1, [sp, #20]
 618:Core/Src/main.c **** 
 1130              		.loc 1 618 3 is_stmt 1 view .LVU320
 618:Core/Src/main.c **** 
 1131              		.loc 1 618 36 is_stmt 0 view .LVU321
 1132 006c 0691     		str	r1, [sp, #24]
 620:Core/Src/main.c **** }
 1133              		.loc 1 620 3 is_stmt 1 view .LVU322
 620:Core/Src/main.c **** }
 1134              		.loc 1 620 7 is_stmt 0 view .LVU323
 1135 006e 02A8     		add	r0, sp, #8
 1136 0070 FFF7FEFF 		bl	HAL_RCC_ClockConfig
 1137              	.LVL65:
 620:Core/Src/main.c **** }
 1138              		.loc 1 620 6 discriminator 1 view .LVU324
 1139 0074 20B9     		cbnz	r0, .L72
 621:Core/Src/main.c **** 
 1140              		.loc 1 621 1 view .LVU325
 1141 0076 15B0     		add	sp, sp, #84
 1142              	.LCFI20:
 1143              		.cfi_remember_state
 1144              		.cfi_def_cfa_offset 4
 1145              		@ sp needed
 1146 0078 5DF804FB 		ldr	pc, [sp], #4
 1147              	.L71:
 1148              	.LCFI21:
 1149              		.cfi_restore_state
 611:Core/Src/main.c **** 
 1150              		.loc 1 611 58 is_stmt 1 discriminator 1 view .LVU326
 1151 007c FFF7FEFF 		bl	Error_Handler
 1152              	.LVL66:
 1153              	.L72:
 620:Core/Src/main.c **** }
 1154              		.loc 1 620 77 discriminator 1 view .LVU327
 1155 0080 FFF7FEFF 		bl	Error_Handler
 1156              	.LVL67:
 1157              	.L74:
 1158              		.align	2
 1159              	.L73:
 1160 0084 00380240 		.word	1073887232
ARM GAS  /var/folders/d6/h50ndp_j7xj_7552gzkj6_s40000gn/T//ccVJeyYC.s 			page 56


 1161 0088 00700040 		.word	1073770496
 1162              		.cfi_endproc
 1163              	.LFE137:
 1165              		.section	.text.main,"ax",%progbits
 1166              		.align	1
 1167              		.global	main
 1168              		.syntax unified
 1169              		.thumb
 1170              		.thumb_func
 1172              	main:
 1173              	.LFB136:
 566:Core/Src/main.c ****   /* MCU init */
 1174              		.loc 1 566 1 view -0
 1175              		.cfi_startproc
 1176              		@ Volatile: function does not return.
 1177              		@ args = 0, pretend = 0, frame = 0
 1178              		@ frame_needed = 0, uses_anonymous_args = 0
 1179 0000 08B5     		push	{r3, lr}
 1180              	.LCFI22:
 1181              		.cfi_def_cfa_offset 8
 1182              		.cfi_offset 3, -8
 1183              		.cfi_offset 14, -4
 568:Core/Src/main.c ****   SystemClock_Config();
 1184              		.loc 1 568 3 view .LVU329
 1185 0002 FFF7FEFF 		bl	HAL_Init
 1186              	.LVL68:
 569:Core/Src/main.c **** 
 1187              		.loc 1 569 3 view .LVU330
 1188 0006 FFF7FEFF 		bl	SystemClock_Config
 1189              	.LVL69:
 572:Core/Src/main.c ****   MX_DMA_Init();
 1190              		.loc 1 572 3 view .LVU331
 1191 000a FFF7FEFF 		bl	MX_GPIO_Init
 1192              	.LVL70:
 573:Core/Src/main.c ****   MX_TIM2_Init();
 1193              		.loc 1 573 3 view .LVU332
 1194 000e FFF7FEFF 		bl	MX_DMA_Init
 1195              	.LVL71:
 574:Core/Src/main.c ****   MX_TIM3_Init();
 1196              		.loc 1 574 3 view .LVU333
 1197 0012 FFF7FEFF 		bl	MX_TIM2_Init
 1198              	.LVL72:
 575:Core/Src/main.c **** 
 1199              		.loc 1 575 3 view .LVU334
 1200 0016 FFF7FEFF 		bl	MX_TIM3_Init
 1201              	.LVL73:
 578:Core/Src/main.c **** 
 1202              		.loc 1 578 3 view .LVU335
 578:Core/Src/main.c **** 
 1203              		.loc 1 578 7 is_stmt 0 view .LVU336
 1204 001a 0821     		movs	r1, #8
 1205 001c 0F48     		ldr	r0, .L79
 1206 001e FFF7FEFF 		bl	HAL_TIM_PWM_Start
 1207              	.LVL74:
 578:Core/Src/main.c **** 
 1208              		.loc 1 578 6 discriminator 1 view .LVU337
 1209 0022 08B1     		cbz	r0, .L76
ARM GAS  /var/folders/d6/h50ndp_j7xj_7552gzkj6_s40000gn/T//ccVJeyYC.s 			page 57


 578:Core/Src/main.c **** 
 1210              		.loc 1 578 59 is_stmt 1 discriminator 1 view .LVU338
 1211 0024 FFF7FEFF 		bl	Error_Handler
 1212              	.LVL75:
 1213              	.L76:
 581:Core/Src/main.c **** 
 1214              		.loc 1 581 3 view .LVU339
 1215 0028 0020     		movs	r0, #0
 1216 002a FFF7FEFF 		bl	set_waveform
 1217              	.LVL76:
 584:Core/Src/main.c ****   HAL_Delay(20);
 1218              		.loc 1 584 3 view .LVU340
 1219 002e FFF7FEFF 		bl	init_LCD
 1220              	.LVL77:
 585:Core/Src/main.c ****   lcd_command(CLEAR);
 1221              		.loc 1 585 3 view .LVU341
 1222 0032 1420     		movs	r0, #20
 1223 0034 FFF7FEFF 		bl	HAL_Delay
 1224              	.LVL78:
 586:Core/Src/main.c ****   lcd_command(CURSOR_HOME);
 1225              		.loc 1 586 3 view .LVU342
 1226 0038 0120     		movs	r0, #1
 1227 003a FFF7FEFF 		bl	lcd_command
 1228              	.LVL79:
 587:Core/Src/main.c ****   lcd_putstring("Wave: ");
 1229              		.loc 1 587 3 view .LVU343
 1230 003e 0220     		movs	r0, #2
 1231 0040 FFF7FEFF 		bl	lcd_command
 1232              	.LVL80:
 588:Core/Src/main.c ****   lcd_putstring((char*)wave_names[current_wave]);
 1233              		.loc 1 588 3 view .LVU344
 1234 0044 0648     		ldr	r0, .L79+4
 1235 0046 FFF7FEFF 		bl	lcd_putstring
 1236              	.LVL81:
 589:Core/Src/main.c **** 
 1237              		.loc 1 589 3 view .LVU345
 1238 004a 064B     		ldr	r3, .L79+8
 1239 004c 1A68     		ldr	r2, [r3]
 1240 004e 064B     		ldr	r3, .L79+12
 1241 0050 53F82200 		ldr	r0, [r3, r2, lsl #2]
 1242 0054 FFF7FEFF 		bl	lcd_putstring
 1243              	.LVL82:
 1244              	.L77:
 592:Core/Src/main.c ****   {
 1245              		.loc 1 592 3 view .LVU346
 594:Core/Src/main.c ****   }
 1246              		.loc 1 594 7 discriminator 1 view .LVU347
 1247              		.syntax unified
 1248              	@ 594 "Core/Src/main.c" 1
 1249 0058 30BF     		wfi
 1250              	@ 0 "" 2
 592:Core/Src/main.c ****   {
 1251              		.loc 1 592 9 view .LVU348
 1252              		.thumb
 1253              		.syntax unified
 1254 005a FDE7     		b	.L77
 1255              	.L80:
ARM GAS  /var/folders/d6/h50ndp_j7xj_7552gzkj6_s40000gn/T//ccVJeyYC.s 			page 58


 1256              		.align	2
 1257              	.L79:
 1258 005c 00000000 		.word	htim3
 1259 0060 00000000 		.word	.LC0
 1260 0064 00000000 		.word	current_wave
 1261 0068 00000000 		.word	wave_names
 1262              		.cfi_endproc
 1263              	.LFE136:
 1265              		.section	.bss.last_press_ms,"aw",%nobits
 1266              		.align	2
 1269              	last_press_ms:
 1270 0000 00000000 		.space	4
 1271              		.section	.bss.TIM2_Ticks,"aw",%nobits
 1272              		.align	2
 1275              	TIM2_Ticks:
 1276 0000 00000000 		.space	4
 1277              		.section	.bss.current_wave,"aw",%nobits
 1278              		.align	2
 1281              	current_wave:
 1282 0000 00000000 		.space	4
 1283              		.section	.rodata.str1.4,"aMS",%progbits,1
 1284              		.align	2
 1285              	.LC1:
 1286 0000 53696E65 		.ascii	"Sine\000"
 1286      00
 1287 0005 000000   		.align	2
 1288              	.LC2:
 1289 0008 53617700 		.ascii	"Saw\000"
 1290              		.align	2
 1291              	.LC3:
 1292 000c 54726961 		.ascii	"Triangle\000"
 1292      6E676C65 
 1292      00
 1293 0015 000000   		.align	2
 1294              	.LC4:
 1295 0018 5069616E 		.ascii	"Piano\000"
 1295      6F00
 1296 001e 0000     		.align	2
 1297              	.LC5:
 1298 0020 47756974 		.ascii	"Guitar\000"
 1298      617200
 1299 0027 00       		.align	2
 1300              	.LC6:
 1301 0028 4472756D 		.ascii	"Drum\000"
 1301      00
 1302              		.section	.rodata.wave_names,"a"
 1303              		.align	2
 1306              	wave_names:
 1307 0000 00000000 		.word	.LC1
 1308 0004 08000000 		.word	.LC2
 1309 0008 0C000000 		.word	.LC3
 1310 000c 18000000 		.word	.LC4
 1311 0010 20000000 		.word	.LC5
 1312 0014 28000000 		.word	.LC6
 1313              		.section	.rodata.wave_lens,"a"
 1314              		.align	2
 1317              	wave_lens:
ARM GAS  /var/folders/d6/h50ndp_j7xj_7552gzkj6_s40000gn/T//ccVJeyYC.s 			page 59


 1318 0000 00040000 		.word	1024
 1319 0004 00040000 		.word	1024
 1320 0008 00040000 		.word	1024
 1321 000c 00040000 		.word	1024
 1322 0010 00040000 		.word	1024
 1323 0014 00040000 		.word	1024
 1324              		.section	.rodata.waveforms,"a"
 1325              		.align	2
 1328              	waveforms:
 1329 0000 00000000 		.word	Sin_LUT
 1330 0004 00000000 		.word	Saw_LUT
 1331 0008 00000000 		.word	Triangle_LUT
 1332 000c 00000000 		.word	Piano_LUT
 1333 0010 00000000 		.word	Guitar_LUT
 1334 0014 00000000 		.word	Drum_LUT
 1335              		.section	.rodata.Drum_LUT,"a"
 1336              		.align	2
 1339              	Drum_LUT:
 1340 0000 E907     		.short	2025
 1341 0002 0408     		.short	2052
 1342 0004 F707     		.short	2039
 1343 0006 3407     		.short	1844
 1344 0008 D006     		.short	1744
 1345 000a 8A07     		.short	1930
 1346 000c 1D08     		.short	2077
 1347 000e 9F07     		.short	1951
 1348 0010 9E06     		.short	1694
 1349 0012 0A06     		.short	1546
 1350 0014 8D06     		.short	1677
 1351 0016 7507     		.short	1909
 1352 0018 7E07     		.short	1918
 1353 001a 2107     		.short	1825
 1354 001c 5907     		.short	1881
 1355 001e 9307     		.short	1939
 1356 0020 3007     		.short	1840
 1357 0022 D706     		.short	1751
 1358 0024 3F07     		.short	1855
 1359 0026 0108     		.short	2049
 1360 0028 1C08     		.short	2076
 1361 002a 7707     		.short	1911
 1362 002c F106     		.short	1777
 1363 002e EA06     		.short	1770
 1364 0030 5307     		.short	1875
 1365 0032 0608     		.short	2054
 1366 0034 2208     		.short	2082
 1367 0036 3B07     		.short	1851
 1368 0038 6306     		.short	1635
 1369 003a 8706     		.short	1671
 1370 003c BE07     		.short	1982
 1371 003e 7309     		.short	2419
 1372 0040 E909     		.short	2537
 1373 0042 9408     		.short	2196
 1374 0044 AF07     		.short	1967
 1375 0046 2508     		.short	2085
 1376 0048 5508     		.short	2133
 1377 004a 1208     		.short	2066
 1378 004c 4608     		.short	2118
ARM GAS  /var/folders/d6/h50ndp_j7xj_7552gzkj6_s40000gn/T//ccVJeyYC.s 			page 60


 1379 004e 7708     		.short	2167
 1380 0050 8D08     		.short	2189
 1381 0052 3309     		.short	2355
 1382 0054 D709     		.short	2519
 1383 0056 9B09     		.short	2459
 1384 0058 AB08     		.short	2219
 1385 005a 7907     		.short	1913
 1386 005c 9E06     		.short	1694
 1387 005e 8D06     		.short	1677
 1388 0060 E306     		.short	1763
 1389 0062 3507     		.short	1845
 1390 0064 6F07     		.short	1903
 1391 0066 6207     		.short	1890
 1392 0068 5107     		.short	1873
 1393 006a 7707     		.short	1911
 1394 006c 0807     		.short	1800
 1395 006e CC05     		.short	1484
 1396 0070 0605     		.short	1286
 1397 0072 4105     		.short	1345
 1398 0074 D805     		.short	1496
 1399 0076 8D06     		.short	1677
 1400 0078 4907     		.short	1865
 1401 007a 8B07     		.short	1931
 1402 007c 2207     		.short	1826
 1403 007e 6506     		.short	1637
 1404 0080 CE05     		.short	1486
 1405 0082 7705     		.short	1399
 1406 0084 6705     		.short	1383
 1407 0086 3E06     		.short	1598
 1408 0088 BF07     		.short	1983
 1409 008a 3E08     		.short	2110
 1410 008c B907     		.short	1977
 1411 008e D307     		.short	2003
 1412 0090 6C08     		.short	2156
 1413 0092 8208     		.short	2178
 1414 0094 5708     		.short	2135
 1415 0096 3008     		.short	2096
 1416 0098 E407     		.short	2020
 1417 009a A507     		.short	1957
 1418 009c CD07     		.short	1997
 1419 009e 8108     		.short	2177
 1420 00a0 F308     		.short	2291
 1421 00a2 4908     		.short	2121
 1422 00a4 9807     		.short	1944
 1423 00a6 EA07     		.short	2026
 1424 00a8 7808     		.short	2168
 1425 00aa 0509     		.short	2309
 1426 00ac EE09     		.short	2542
 1427 00ae 630A     		.short	2659
 1428 00b0 E409     		.short	2532
 1429 00b2 4F09     		.short	2383
 1430 00b4 4C09     		.short	2380
 1431 00b6 4F09     		.short	2383
 1432 00b8 AA08     		.short	2218
 1433 00ba 4208     		.short	2114
 1434 00bc 1909     		.short	2329
 1435 00be F509     		.short	2549
ARM GAS  /var/folders/d6/h50ndp_j7xj_7552gzkj6_s40000gn/T//ccVJeyYC.s 			page 61


 1436 00c0 BB09     		.short	2491
 1437 00c2 3F09     		.short	2367
 1438 00c4 2309     		.short	2339
 1439 00c6 3F09     		.short	2367
 1440 00c8 0609     		.short	2310
 1441 00ca BC07     		.short	1980
 1442 00cc 2606     		.short	1574
 1443 00ce F805     		.short	1528
 1444 00d0 4A07     		.short	1866
 1445 00d2 BF08     		.short	2239
 1446 00d4 D108     		.short	2257
 1447 00d6 D307     		.short	2003
 1448 00d8 B707     		.short	1975
 1449 00da E807     		.short	2024
 1450 00dc A606     		.short	1702
 1451 00de B505     		.short	1461
 1452 00e0 B306     		.short	1715
 1453 00e2 F207     		.short	2034
 1454 00e4 6F08     		.short	2159
 1455 00e6 6508     		.short	2149
 1456 00e8 B907     		.short	1977
 1457 00ea 1E07     		.short	1822
 1458 00ec FD06     		.short	1789
 1459 00ee F206     		.short	1778
 1460 00f0 6107     		.short	1889
 1461 00f2 1708     		.short	2071
 1462 00f4 0C08     		.short	2060
 1463 00f6 D907     		.short	2009
 1464 00f8 8D08     		.short	2189
 1465 00fa 5709     		.short	2391
 1466 00fc 2C09     		.short	2348
 1467 00fe 8308     		.short	2179
 1468 0100 4708     		.short	2119
 1469 0102 AD08     		.short	2221
 1470 0104 5B09     		.short	2395
 1471 0106 9509     		.short	2453
 1472 0108 C708     		.short	2247
 1473 010a E807     		.short	2024
 1474 010c 5608     		.short	2134
 1475 010e 6D09     		.short	2413
 1476 0110 E009     		.short	2528
 1477 0112 AE09     		.short	2478
 1478 0114 5A09     		.short	2394
 1479 0116 4C09     		.short	2380
 1480 0118 3B09     		.short	2363
 1481 011a 5508     		.short	2133
 1482 011c 6407     		.short	1892
 1483 011e C307     		.short	1987
 1484 0120 7508     		.short	2165
 1485 0122 6D08     		.short	2157
 1486 0124 9708     		.short	2199
 1487 0126 1509     		.short	2325
 1488 0128 C908     		.short	2249
 1489 012a 7907     		.short	1913
 1490 012c ED05     		.short	1517
 1491 012e 6805     		.short	1384
 1492 0130 5806     		.short	1624
ARM GAS  /var/folders/d6/h50ndp_j7xj_7552gzkj6_s40000gn/T//ccVJeyYC.s 			page 62


 1493 0132 3807     		.short	1848
 1494 0134 1F07     		.short	1823
 1495 0136 4007     		.short	1856
 1496 0138 ED07     		.short	2029
 1497 013a 0008     		.short	2048
 1498 013c 4207     		.short	1858
 1499 013e 3F06     		.short	1599
 1500 0140 3B05     		.short	1339
 1501 0142 A504     		.short	1189
 1502 0144 5605     		.short	1366
 1503 0146 8E07     		.short	1934
 1504 0148 9709     		.short	2455
 1505 014a 5509     		.short	2389
 1506 014c 6C07     		.short	1900
 1507 014e 0E06     		.short	1550
 1508 0150 FB05     		.short	1531
 1509 0152 8C06     		.short	1676
 1510 0154 EF06     		.short	1775
 1511 0156 4D07     		.short	1869
 1512 0158 4608     		.short	2118
 1513 015a D908     		.short	2265
 1514 015c 6108     		.short	2145
 1515 015e 6B08     		.short	2155
 1516 0160 0809     		.short	2312
 1517 0162 7F08     		.short	2175
 1518 0164 F806     		.short	1784
 1519 0166 DD05     		.short	1501
 1520 0168 4106     		.short	1601
 1521 016a 4508     		.short	2117
 1522 016c 1B0A     		.short	2587
 1523 016e 460A     		.short	2630
 1524 0170 C009     		.short	2496
 1525 0172 E209     		.short	2530
 1526 0174 950A     		.short	2709
 1527 0176 7D0A     		.short	2685
 1528 0178 ED08     		.short	2285
 1529 017a C707     		.short	1991
 1530 017c AC08     		.short	2220
 1531 017e 480A     		.short	2632
 1532 0180 B90A     		.short	2745
 1533 0182 C009     		.short	2496
 1534 0184 B808     		.short	2232
 1535 0186 2C09     		.short	2348
 1536 0188 380A     		.short	2616
 1537 018a EE09     		.short	2542
 1538 018c AA08     		.short	2218
 1539 018e A707     		.short	1959
 1540 0190 3E07     		.short	1854
 1541 0192 7707     		.short	1911
 1542 0194 E007     		.short	2016
 1543 0196 0008     		.short	2048
 1544 0198 3108     		.short	2097
 1545 019a A608     		.short	2214
 1546 019c 9D08     		.short	2205
 1547 019e AC07     		.short	1964
 1548 01a0 BE06     		.short	1726
 1549 01a2 7F06     		.short	1663
ARM GAS  /var/folders/d6/h50ndp_j7xj_7552gzkj6_s40000gn/T//ccVJeyYC.s 			page 63


 1550 01a4 4806     		.short	1608
 1551 01a6 2B06     		.short	1579
 1552 01a8 F106     		.short	1777
 1553 01aa EE07     		.short	2030
 1554 01ac 2408     		.short	2084
 1555 01ae 9607     		.short	1942
 1556 01b0 7106     		.short	1649
 1557 01b2 3E05     		.short	1342
 1558 01b4 C004     		.short	1216
 1559 01b6 3905     		.short	1337
 1560 01b8 6F06     		.short	1647
 1561 01ba 5F07     		.short	1887
 1562 01bc A007     		.short	1952
 1563 01be 2D08     		.short	2093
 1564 01c0 A408     		.short	2212
 1565 01c2 D107     		.short	2001
 1566 01c4 A106     		.short	1697
 1567 01c6 5C06     		.short	1628
 1568 01c8 D906     		.short	1753
 1569 01ca 6007     		.short	1888
 1570 01cc 6007     		.short	1888
 1571 01ce B507     		.short	1973
 1572 01d0 2109     		.short	2337
 1573 01d2 190A     		.short	2585
 1574 01d4 DF09     		.short	2527
 1575 01d6 8109     		.short	2433
 1576 01d8 EF08     		.short	2287
 1577 01da E307     		.short	2019
 1578 01dc 1707     		.short	1815
 1579 01de 0107     		.short	1793
 1580 01e0 D507     		.short	2005
 1581 01e2 5209     		.short	2386
 1582 01e4 860A     		.short	2694
 1583 01e6 DD0A     		.short	2781
 1584 01e8 4A0A     		.short	2634
 1585 01ea 4C09     		.short	2380
 1586 01ec 5B08     		.short	2139
 1587 01ee 7E07     		.short	1918
 1588 01f0 7307     		.short	1907
 1589 01f2 4708     		.short	2119
 1590 01f4 8F08     		.short	2191
 1591 01f6 7E08     		.short	2174
 1592 01f8 AD08     		.short	2221
 1593 01fa 5408     		.short	2132
 1594 01fc 3208     		.short	2098
 1595 01fe CC08     		.short	2252
 1596 0200 5908     		.short	2137
 1597 0202 D506     		.short	1749
 1598 0204 D805     		.short	1496
 1599 0206 9405     		.short	1428
 1600 0208 DE05     		.short	1502
 1601 020a 8206     		.short	1666
 1602 020c 0C07     		.short	1804
 1603 020e 7A07     		.short	1914
 1604 0210 8307     		.short	1923
 1605 0212 F006     		.short	1776
 1606 0214 2306     		.short	1571
ARM GAS  /var/folders/d6/h50ndp_j7xj_7552gzkj6_s40000gn/T//ccVJeyYC.s 			page 64


 1607 0216 B505     		.short	1461
 1608 0218 8906     		.short	1673
 1609 021a EB07     		.short	2027
 1610 021c 2C08     		.short	2092
 1611 021e 1808     		.short	2072
 1612 0220 3808     		.short	2104
 1613 0222 5007     		.short	1872
 1614 0224 3D06     		.short	1597
 1615 0226 4006     		.short	1600
 1616 0228 1307     		.short	1811
 1617 022a 4608     		.short	2118
 1618 022c 7A08     		.short	2170
 1619 022e 9107     		.short	1937
 1620 0230 9907     		.short	1945
 1621 0232 2C08     		.short	2092
 1622 0234 0208     		.short	2050
 1623 0236 6308     		.short	2147
 1624 0238 7509     		.short	2421
 1625 023a C609     		.short	2502
 1626 023c 6209     		.short	2402
 1627 023e 5C09     		.short	2396
 1628 0240 5A0A     		.short	2650
 1629 0242 170B     		.short	2839
 1630 0244 380A     		.short	2616
 1631 0246 5D09     		.short	2397
 1632 0248 3A09     		.short	2362
 1633 024a 5E08     		.short	2142
 1634 024c 0A08     		.short	2058
 1635 024e 8309     		.short	2435
 1636 0250 E50A     		.short	2789
 1637 0252 810B     		.short	2945
 1638 0254 EC0B     		.short	3052
 1639 0256 750B     		.short	2933
 1640 0258 200A     		.short	2592
 1641 025a DA08     		.short	2266
 1642 025c 3808     		.short	2104
 1643 025e 2D08     		.short	2093
 1644 0260 EF07     		.short	2031
 1645 0262 CA07     		.short	1994
 1646 0264 F808     		.short	2296
 1647 0266 C70A     		.short	2759
 1648 0268 6F0B     		.short	2927
 1649 026a E40A     		.short	2788
 1650 026c 5F0A     		.short	2655
 1651 026e 080A     		.short	2568
 1652 0270 4809     		.short	2376
 1653 0272 6408     		.short	2148
 1654 0274 2F08     		.short	2095
 1655 0276 D808     		.short	2264
 1656 0278 A909     		.short	2473
 1657 027a 140A     		.short	2580
 1658 027c D309     		.short	2515
 1659 027e D308     		.short	2259
 1660 0280 F207     		.short	2034
 1661 0282 C407     		.short	1988
 1662 0284 6507     		.short	1893
 1663 0286 1006     		.short	1552
ARM GAS  /var/folders/d6/h50ndp_j7xj_7552gzkj6_s40000gn/T//ccVJeyYC.s 			page 65


 1664 0288 C904     		.short	1225
 1665 028a 1805     		.short	1304
 1666 028c 9906     		.short	1689
 1667 028e CB07     		.short	1995
 1668 0290 DD07     		.short	2013
 1669 0292 F006     		.short	1776
 1670 0294 1406     		.short	1556
 1671 0296 0006     		.short	1536
 1672 0298 7C06     		.short	1660
 1673 029a E906     		.short	1769
 1674 029c 9506     		.short	1685
 1675 029e 1E06     		.short	1566
 1676 02a0 D306     		.short	1747
 1677 02a2 BB07     		.short	1979
 1678 02a4 2D07     		.short	1837
 1679 02a6 5F06     		.short	1631
 1680 02a8 DC06     		.short	1756
 1681 02aa B707     		.short	1975
 1682 02ac B507     		.short	1973
 1683 02ae E306     		.short	1763
 1684 02b0 4B06     		.short	1611
 1685 02b2 A506     		.short	1701
 1686 02b4 C706     		.short	1735
 1687 02b6 E805     		.short	1512
 1688 02b8 4D05     		.short	1357
 1689 02ba BC05     		.short	1468
 1690 02bc 7E06     		.short	1662
 1691 02be BE06     		.short	1726
 1692 02c0 6F06     		.short	1647
 1693 02c2 5906     		.short	1625
 1694 02c4 B106     		.short	1713
 1695 02c6 7706     		.short	1655
 1696 02c8 8605     		.short	1414
 1697 02ca E204     		.short	1250
 1698 02cc 9C04     		.short	1180
 1699 02ce 1704     		.short	1047
 1700 02d0 8403     		.short	900
 1701 02d2 FA02     		.short	762
 1702 02d4 5D02     		.short	605
 1703 02d6 9D02     		.short	669
 1704 02d8 BD03     		.short	957
 1705 02da 5204     		.short	1106
 1706 02dc 5704     		.short	1111
 1707 02de 7404     		.short	1140
 1708 02e0 8104     		.short	1153
 1709 02e2 AD04     		.short	1197
 1710 02e4 E104     		.short	1249
 1711 02e6 8904     		.short	1161
 1712 02e8 5104     		.short	1105
 1713 02ea 0005     		.short	1280
 1714 02ec 8105     		.short	1409
 1715 02ee 0F05     		.short	1295
 1716 02f0 4304     		.short	1091
 1717 02f2 E303     		.short	995
 1718 02f4 8A04     		.short	1162
 1719 02f6 5605     		.short	1366
 1720 02f8 6D05     		.short	1389
ARM GAS  /var/folders/d6/h50ndp_j7xj_7552gzkj6_s40000gn/T//ccVJeyYC.s 			page 66


 1721 02fa AD05     		.short	1453
 1722 02fc 0A06     		.short	1546
 1723 02fe 2A06     		.short	1578
 1724 0300 AD06     		.short	1709
 1725 0302 3507     		.short	1845
 1726 0304 2B07     		.short	1835
 1727 0306 5107     		.short	1873
 1728 0308 1208     		.short	2066
 1729 030a ED08     		.short	2285
 1730 030c F309     		.short	2547
 1731 030e 550A     		.short	2645
 1732 0310 E708     		.short	2279
 1733 0312 4107     		.short	1857
 1734 0314 EC06     		.short	1772
 1735 0316 9E07     		.short	1950
 1736 0318 6B09     		.short	2411
 1737 031a 5A0B     		.short	2906
 1738 031c C70B     		.short	3015
 1739 031e F10A     		.short	2801
 1740 0320 2B0A     		.short	2603
 1741 0322 160A     		.short	2582
 1742 0324 2E0A     		.short	2606
 1743 0326 DA09     		.short	2522
 1744 0328 BB09     		.short	2491
 1745 032a C10A     		.short	2753
 1746 032c 050C     		.short	3077
 1747 032e 210C     		.short	3105
 1748 0330 740B     		.short	2932
 1749 0332 A10A     		.short	2721
 1750 0334 9609     		.short	2454
 1751 0336 4308     		.short	2115
 1752 0338 2407     		.short	1828
 1753 033a 5D07     		.short	1885
 1754 033c D708     		.short	2263
 1755 033e 2A0A     		.short	2602
 1756 0340 F70A     		.short	2807
 1757 0342 010C     		.short	3073
 1758 0344 580D     		.short	3416
 1759 0346 110E     		.short	3601
 1760 0348 F30D     		.short	3571
 1761 034a B50D     		.short	3509
 1762 034c BF0D     		.short	3519
 1763 034e C00D     		.short	3520
 1764 0350 100D     		.short	3344
 1765 0352 200C     		.short	3104
 1766 0354 930C     		.short	3219
 1767 0356 E20D     		.short	3554
 1768 0358 CE0D     		.short	3534
 1769 035a DE0C     		.short	3294
 1770 035c 700C     		.short	3184
 1771 035e 290C     		.short	3113
 1772 0360 790C     		.short	3193
 1773 0362 C50D     		.short	3525
 1774 0364 320F     		.short	3890
 1775 0366 FF0F     		.short	4095
 1776 0368 FF0F     		.short	4095
 1777 036a FF0F     		.short	4095
ARM GAS  /var/folders/d6/h50ndp_j7xj_7552gzkj6_s40000gn/T//ccVJeyYC.s 			page 67


 1778 036c FF0F     		.short	4095
 1779 036e FD0F     		.short	4093
 1780 0370 FF0F     		.short	4095
 1781 0372 CA0F     		.short	4042
 1782 0374 B80E     		.short	3768
 1783 0376 1D0E     		.short	3613
 1784 0378 120F     		.short	3858
 1785 037a FF0F     		.short	4095
 1786 037c FF0F     		.short	4095
 1787 037e F60F     		.short	4086
 1788 0380 FA0F     		.short	4090
 1789 0382 FA0F     		.short	4090
 1790 0384 F70F     		.short	4087
 1791 0386 B50F     		.short	4021
 1792 0388 8B0F     		.short	3979
 1793 038a A40F     		.short	4004
 1794 038c E70F     		.short	4071
 1795 038e FF0F     		.short	4095
 1796 0390 FF0F     		.short	4095
 1797 0392 FC0F     		.short	4092
 1798 0394 ED0F     		.short	4077
 1799 0396 FF0F     		.short	4095
 1800 0398 1C0F     		.short	3868
 1801 039a 7C0D     		.short	3452
 1802 039c DE0C     		.short	3294
 1803 039e 030D     		.short	3331
 1804 03a0 B20D     		.short	3506
 1805 03a2 500E     		.short	3664
 1806 03a4 E50E     		.short	3813
 1807 03a6 C20F     		.short	4034
 1808 03a8 F20F     		.short	4082
 1809 03aa F40F     		.short	4084
 1810 03ac 7E0F     		.short	3966
 1811 03ae E80D     		.short	3560
 1812 03b0 E30C     		.short	3299
 1813 03b2 010D     		.short	3329
 1814 03b4 390D     		.short	3385
 1815 03b6 FA0C     		.short	3322
 1816 03b8 C40C     		.short	3268
 1817 03ba EB0C     		.short	3307
 1818 03bc 280D     		.short	3368
 1819 03be 550D     		.short	3413
 1820 03c0 7D0C     		.short	3197
 1821 03c2 210B     		.short	2849
 1822 03c4 C20A     		.short	2754
 1823 03c6 680A     		.short	2664
 1824 03c8 4709     		.short	2375
 1825 03ca A608     		.short	2214
 1826 03cc 4609     		.short	2374
 1827 03ce 430A     		.short	2627
 1828 03d0 AF0A     		.short	2735
 1829 03d2 310A     		.short	2609
 1830 03d4 4809     		.short	2376
 1831 03d6 0A09     		.short	2314
 1832 03d8 2909     		.short	2345
 1833 03da F608     		.short	2294
 1834 03dc E808     		.short	2280
ARM GAS  /var/folders/d6/h50ndp_j7xj_7552gzkj6_s40000gn/T//ccVJeyYC.s 			page 68


 1835 03de 1E09     		.short	2334
 1836 03e0 EA08     		.short	2282
 1837 03e2 F507     		.short	2037
 1838 03e4 C406     		.short	1732
 1839 03e6 E105     		.short	1505
 1840 03e8 F605     		.short	1526
 1841 03ea F606     		.short	1782
 1842 03ec 3D07     		.short	1853
 1843 03ee 3406     		.short	1588
 1844 03f0 1E05     		.short	1310
 1845 03f2 0405     		.short	1284
 1846 03f4 1905     		.short	1305
 1847 03f6 1504     		.short	1045
 1848 03f8 C202     		.short	706
 1849 03fa 7902     		.short	633
 1850 03fc 2503     		.short	805
 1851 03fe BD03     		.short	957
 1852 0400 8A03     		.short	906
 1853 0402 8D02     		.short	653
 1854 0404 B401     		.short	436
 1855 0406 6602     		.short	614
 1856 0408 BC03     		.short	956
 1857 040a 0604     		.short	1030
 1858 040c E503     		.short	997
 1859 040e 0C04     		.short	1036
 1860 0410 0404     		.short	1028
 1861 0412 7903     		.short	889
 1862 0414 7802     		.short	632
 1863 0416 8901     		.short	393
 1864 0418 B401     		.short	436
 1865 041a 3002     		.short	560
 1866 041c 3601     		.short	310
 1867 041e 0D00     		.short	13
 1868 0420 0300     		.short	3
 1869 0422 1A00     		.short	26
 1870 0424 0000     		.short	0
 1871 0426 0000     		.short	0
 1872 0428 0000     		.short	0
 1873 042a 0100     		.short	1
 1874 042c 1300     		.short	19
 1875 042e 1200     		.short	18
 1876 0430 4400     		.short	68
 1877 0432 1301     		.short	275
 1878 0434 FF00     		.short	255
 1879 0436 2B00     		.short	43
 1880 0438 1500     		.short	21
 1881 043a 1C00     		.short	28
 1882 043c 2600     		.short	38
 1883 043e 2900     		.short	41
 1884 0440 1100     		.short	17
 1885 0442 2F00     		.short	47
 1886 0444 1100     		.short	17
 1887 0446 1000     		.short	16
 1888 0448 1200     		.short	18
 1889 044a 0100     		.short	1
 1890 044c 3E00     		.short	62
 1891 044e 1D00     		.short	29
ARM GAS  /var/folders/d6/h50ndp_j7xj_7552gzkj6_s40000gn/T//ccVJeyYC.s 			page 69


 1892 0450 0000     		.short	0
 1893 0452 1C00     		.short	28
 1894 0454 0D00     		.short	13
 1895 0456 0F00     		.short	15
 1896 0458 1400     		.short	20
 1897 045a 0200     		.short	2
 1898 045c 0700     		.short	7
 1899 045e 0000     		.short	0
 1900 0460 0000     		.short	0
 1901 0462 0400     		.short	4
 1902 0464 0000     		.short	0
 1903 0466 0000     		.short	0
 1904 0468 0900     		.short	9
 1905 046a 0400     		.short	4
 1906 046c 0000     		.short	0
 1907 046e 0000     		.short	0
 1908 0470 0100     		.short	1
 1909 0472 0000     		.short	0
 1910 0474 0000     		.short	0
 1911 0476 0000     		.short	0
 1912 0478 0D00     		.short	13
 1913 047a 2C00     		.short	44
 1914 047c 1F00     		.short	31
 1915 047e 0000     		.short	0
 1916 0480 0200     		.short	2
 1917 0482 1200     		.short	18
 1918 0484 0F00     		.short	15
 1919 0486 0000     		.short	0
 1920 0488 0000     		.short	0
 1921 048a 0000     		.short	0
 1922 048c 0000     		.short	0
 1923 048e 0A00     		.short	10
 1924 0490 0D00     		.short	13
 1925 0492 0000     		.short	0
 1926 0494 0000     		.short	0
 1927 0496 0800     		.short	8
 1928 0498 1500     		.short	21
 1929 049a 0900     		.short	9
 1930 049c 1C00     		.short	28
 1931 049e 4100     		.short	65
 1932 04a0 1400     		.short	20
 1933 04a2 0800     		.short	8
 1934 04a4 4300     		.short	67
 1935 04a6 5500     		.short	85
 1936 04a8 3C00     		.short	60
 1937 04aa 5900     		.short	89
 1938 04ac AD00     		.short	173
 1939 04ae E300     		.short	227
 1940 04b0 2601     		.short	294
 1941 04b2 4A01     		.short	330
 1942 04b4 FE00     		.short	254
 1943 04b6 AF00     		.short	175
 1944 04b8 AE00     		.short	174
 1945 04ba EA00     		.short	234
 1946 04bc 0B01     		.short	267
 1947 04be E500     		.short	229
 1948 04c0 C300     		.short	195
ARM GAS  /var/folders/d6/h50ndp_j7xj_7552gzkj6_s40000gn/T//ccVJeyYC.s 			page 70


 1949 04c2 1501     		.short	277
 1950 04c4 D801     		.short	472
 1951 04c6 5602     		.short	598
 1952 04c8 6B02     		.short	619
 1953 04ca 7602     		.short	630
 1954 04cc D502     		.short	725
 1955 04ce DC03     		.short	988
 1956 04d0 A504     		.short	1189
 1957 04d2 7A04     		.short	1146
 1958 04d4 2A04     		.short	1066
 1959 04d6 6C04     		.short	1132
 1960 04d8 2605     		.short	1318
 1961 04da D505     		.short	1493
 1962 04dc 1B06     		.short	1563
 1963 04de 1806     		.short	1560
 1964 04e0 7606     		.short	1654
 1965 04e2 A607     		.short	1958
 1966 04e4 1709     		.short	2327
 1967 04e6 E709     		.short	2535
 1968 04e8 B709     		.short	2487
 1969 04ea 2B09     		.short	2347
 1970 04ec 5909     		.short	2393
 1971 04ee 4B0A     		.short	2635
 1972 04f0 5D0B     		.short	2909
 1973 04f2 1B0C     		.short	3099
 1974 04f4 4F0C     		.short	3151
 1975 04f6 5E0C     		.short	3166
 1976 04f8 930C     		.short	3219
 1977 04fa AB0C     		.short	3243
 1978 04fc F30C     		.short	3315
 1979 04fe 780D     		.short	3448
 1980 0500 960D     		.short	3478
 1981 0502 B60D     		.short	3510
 1982 0504 360E     		.short	3638
 1983 0506 720E     		.short	3698
 1984 0508 840E     		.short	3716
 1985 050a B30E     		.short	3763
 1986 050c B10E     		.short	3761
 1987 050e DB0E     		.short	3803
 1988 0510 920F     		.short	3986
 1989 0512 F10F     		.short	4081
 1990 0514 5F0F     		.short	3935
 1991 0516 9E0E     		.short	3742
 1992 0518 970E     		.short	3735
 1993 051a 530F     		.short	3923
 1994 051c C90F     		.short	4041
 1995 051e B50F     		.short	4021
 1996 0520 D40F     		.short	4052
 1997 0522 FD0F     		.short	4093
 1998 0524 FF0F     		.short	4095
 1999 0526 EF0F     		.short	4079
 2000 0528 8A0F     		.short	3978
 2001 052a 840F     		.short	3972
 2002 052c E50F     		.short	4069
 2003 052e F60F     		.short	4086
 2004 0530 E60F     		.short	4070
 2005 0532 F60F     		.short	4086
ARM GAS  /var/folders/d6/h50ndp_j7xj_7552gzkj6_s40000gn/T//ccVJeyYC.s 			page 71


 2006 0534 FF0F     		.short	4095
 2007 0536 FF0F     		.short	4095
 2008 0538 FF0F     		.short	4095
 2009 053a FA0F     		.short	4090
 2010 053c F30F     		.short	4083
 2011 053e FF0F     		.short	4095
 2012 0540 FF0F     		.short	4095
 2013 0542 FF0F     		.short	4095
 2014 0544 FF0F     		.short	4095
 2015 0546 FF0F     		.short	4095
 2016 0548 FF0F     		.short	4095
 2017 054a FF0F     		.short	4095
 2018 054c F80F     		.short	4088
 2019 054e ED0F     		.short	4077
 2020 0550 FF0F     		.short	4095
 2021 0552 FF0F     		.short	4095
 2022 0554 FF0F     		.short	4095
 2023 0556 FF0F     		.short	4095
 2024 0558 B00F     		.short	4016
 2025 055a 400F     		.short	3904
 2026 055c 630F     		.short	3939
 2027 055e 850F     		.short	3973
 2028 0560 6D0F     		.short	3949
 2029 0562 B80F     		.short	4024
 2030 0564 FF0F     		.short	4095
 2031 0566 FD0F     		.short	4093
 2032 0568 FE0F     		.short	4094
 2033 056a FF0F     		.short	4095
 2034 056c F60F     		.short	4086
 2035 056e FF0F     		.short	4095
 2036 0570 F40F     		.short	4084
 2037 0572 7D0F     		.short	3965
 2038 0574 4B0F     		.short	3915
 2039 0576 B90F     		.short	4025
 2040 0578 F80F     		.short	4088
 2041 057a EF0F     		.short	4079
 2042 057c FD0F     		.short	4093
 2043 057e FF0F     		.short	4095
 2044 0580 FF0F     		.short	4095
 2045 0582 FF0F     		.short	4095
 2046 0584 FF0F     		.short	4095
 2047 0586 FF0F     		.short	4095
 2048 0588 FB0F     		.short	4091
 2049 058a FF0F     		.short	4095
 2050 058c FF0F     		.short	4095
 2051 058e FF0F     		.short	4095
 2052 0590 E30F     		.short	4067
 2053 0592 D30F     		.short	4051
 2054 0594 FC0F     		.short	4092
 2055 0596 FF0F     		.short	4095
 2056 0598 F10F     		.short	4081
 2057 059a FF0F     		.short	4095
 2058 059c FF0F     		.short	4095
 2059 059e ED0F     		.short	4077
 2060 05a0 E80F     		.short	4072
 2061 05a2 FF0F     		.short	4095
 2062 05a4 A80F     		.short	4008
ARM GAS  /var/folders/d6/h50ndp_j7xj_7552gzkj6_s40000gn/T//ccVJeyYC.s 			page 72


 2063 05a6 CD0E     		.short	3789
 2064 05a8 500E     		.short	3664
 2065 05aa 490E     		.short	3657
 2066 05ac 810E     		.short	3713
 2067 05ae BC0E     		.short	3772
 2068 05b0 7B0E     		.short	3707
 2069 05b2 150E     		.short	3605
 2070 05b4 FC0D     		.short	3580
 2071 05b6 D60D     		.short	3542
 2072 05b8 9D0D     		.short	3485
 2073 05ba A50D     		.short	3493
 2074 05bc 880D     		.short	3464
 2075 05be C80C     		.short	3272
 2076 05c0 EE0B     		.short	3054
 2077 05c2 550B     		.short	2901
 2078 05c4 9F0A     		.short	2719
 2079 05c6 0F0A     		.short	2575
 2080 05c8 000A     		.short	2560
 2081 05ca 170A     		.short	2583
 2082 05cc F309     		.short	2547
 2083 05ce AA09     		.short	2474
 2084 05d0 6909     		.short	2409
 2085 05d2 D808     		.short	2264
 2086 05d4 1A08     		.short	2074
 2087 05d6 C907     		.short	1993
 2088 05d8 6E07     		.short	1902
 2089 05da AD06     		.short	1709
 2090 05dc 0106     		.short	1537
 2091 05de 9005     		.short	1424
 2092 05e0 5F05     		.short	1375
 2093 05e2 4C05     		.short	1356
 2094 05e4 E404     		.short	1252
 2095 05e6 7D04     		.short	1149
 2096 05e8 4D04     		.short	1101
 2097 05ea 6403     		.short	868
 2098 05ec 2002     		.short	544
 2099 05ee C601     		.short	454
 2100 05f0 9A01     		.short	410
 2101 05f2 4701     		.short	327
 2102 05f4 7F01     		.short	383
 2103 05f6 5501     		.short	341
 2104 05f8 9B00     		.short	155
 2105 05fa 8700     		.short	135
 2106 05fc C500     		.short	197
 2107 05fe 9800     		.short	152
 2108 0600 3C00     		.short	60
 2109 0602 0000     		.short	0
 2110 0604 0000     		.short	0
 2111 0606 1400     		.short	20
 2112 0608 0A00     		.short	10
 2113 060a 0000     		.short	0
 2114 060c 0A00     		.short	10
 2115 060e 1000     		.short	16
 2116 0610 0000     		.short	0
 2117 0612 0000     		.short	0
 2118 0614 0200     		.short	2
 2119 0616 0900     		.short	9
ARM GAS  /var/folders/d6/h50ndp_j7xj_7552gzkj6_s40000gn/T//ccVJeyYC.s 			page 73


 2120 0618 0500     		.short	5
 2121 061a 0000     		.short	0
 2122 061c 0100     		.short	1
 2123 061e 0000     		.short	0
 2124 0620 0000     		.short	0
 2125 0622 0000     		.short	0
 2126 0624 0000     		.short	0
 2127 0626 0000     		.short	0
 2128 0628 0000     		.short	0
 2129 062a 0000     		.short	0
 2130 062c 0000     		.short	0
 2131 062e 0000     		.short	0
 2132 0630 0000     		.short	0
 2133 0632 0200     		.short	2
 2134 0634 0000     		.short	0
 2135 0636 0000     		.short	0
 2136 0638 0000     		.short	0
 2137 063a 0000     		.short	0
 2138 063c 0000     		.short	0
 2139 063e 0000     		.short	0
 2140 0640 0B00     		.short	11
 2141 0642 0000     		.short	0
 2142 0644 0000     		.short	0
 2143 0646 0000     		.short	0
 2144 0648 0100     		.short	1
 2145 064a 0000     		.short	0
 2146 064c 0000     		.short	0
 2147 064e 0000     		.short	0
 2148 0650 0000     		.short	0
 2149 0652 0000     		.short	0
 2150 0654 0000     		.short	0
 2151 0656 0700     		.short	7
 2152 0658 0200     		.short	2
 2153 065a 0000     		.short	0
 2154 065c 0000     		.short	0
 2155 065e 0000     		.short	0
 2156 0660 0700     		.short	7
 2157 0662 0000     		.short	0
 2158 0664 0000     		.short	0
 2159 0666 0000     		.short	0
 2160 0668 0000     		.short	0
 2161 066a 0000     		.short	0
 2162 066c 0000     		.short	0
 2163 066e 0000     		.short	0
 2164 0670 0300     		.short	3
 2165 0672 0A00     		.short	10
 2166 0674 0000     		.short	0
 2167 0676 0000     		.short	0
 2168 0678 1100     		.short	17
 2169 067a 1700     		.short	23
 2170 067c 0400     		.short	4
 2171 067e 0000     		.short	0
 2172 0680 0000     		.short	0
 2173 0682 0000     		.short	0
 2174 0684 0000     		.short	0
 2175 0686 0000     		.short	0
 2176 0688 0000     		.short	0
ARM GAS  /var/folders/d6/h50ndp_j7xj_7552gzkj6_s40000gn/T//ccVJeyYC.s 			page 74


 2177 068a 0000     		.short	0
 2178 068c 0400     		.short	4
 2179 068e 0100     		.short	1
 2180 0690 0900     		.short	9
 2181 0692 0300     		.short	3
 2182 0694 0000     		.short	0
 2183 0696 0000     		.short	0
 2184 0698 0000     		.short	0
 2185 069a 0200     		.short	2
 2186 069c 0800     		.short	8
 2187 069e 0000     		.short	0
 2188 06a0 0000     		.short	0
 2189 06a2 0300     		.short	3
 2190 06a4 2400     		.short	36
 2191 06a6 8B00     		.short	139
 2192 06a8 3501     		.short	309
 2193 06aa B601     		.short	438
 2194 06ac BF01     		.short	447
 2195 06ae CB01     		.short	459
 2196 06b0 5102     		.short	593
 2197 06b2 E502     		.short	741
 2198 06b4 1903     		.short	793
 2199 06b6 3C03     		.short	828
 2200 06b8 9803     		.short	920
 2201 06ba 0B04     		.short	1035
 2202 06bc 3404     		.short	1076
 2203 06be F703     		.short	1015
 2204 06c0 0804     		.short	1032
 2205 06c2 B204     		.short	1202
 2206 06c4 3B05     		.short	1339
 2207 06c6 6805     		.short	1384
 2208 06c8 A005     		.short	1440
 2209 06ca 0906     		.short	1545
 2210 06cc 9306     		.short	1683
 2211 06ce 2507     		.short	1829
 2212 06d0 BF07     		.short	1983
 2213 06d2 5008     		.short	2128
 2214 06d4 8408     		.short	2180
 2215 06d6 4E08     		.short	2126
 2216 06d8 2108     		.short	2081
 2217 06da 5708     		.short	2135
 2218 06dc F408     		.short	2292
 2219 06de CA09     		.short	2506
 2220 06e0 790A     		.short	2681
 2221 06e2 B70A     		.short	2743
 2222 06e4 A20A     		.short	2722
 2223 06e6 740A     		.short	2676
 2224 06e8 720A     		.short	2674
 2225 06ea CD0A     		.short	2765
 2226 06ec 470B     		.short	2887
 2227 06ee 8F0B     		.short	2959
 2228 06f0 C00B     		.short	3008
 2229 06f2 5F0C     		.short	3167
 2230 06f4 630D     		.short	3427
 2231 06f6 ED0D     		.short	3565
 2232 06f8 D50D     		.short	3541
 2233 06fa C30D     		.short	3523
ARM GAS  /var/folders/d6/h50ndp_j7xj_7552gzkj6_s40000gn/T//ccVJeyYC.s 			page 75


 2234 06fc D90D     		.short	3545
 2235 06fe 0D0E     		.short	3597
 2236 0700 3D0E     		.short	3645
 2237 0702 5F0E     		.short	3679
 2238 0704 F80E     		.short	3832
 2239 0706 C20F     		.short	4034
 2240 0708 FF0F     		.short	4095
 2241 070a FF0F     		.short	4095
 2242 070c F20F     		.short	4082
 2243 070e CE0F     		.short	4046
 2244 0710 DE0F     		.short	4062
 2245 0712 F70F     		.short	4087
 2246 0714 EF0F     		.short	4079
 2247 0716 F50F     		.short	4085
 2248 0718 F90F     		.short	4089
 2249 071a F70F     		.short	4087
 2250 071c FF0F     		.short	4095
 2251 071e FF0F     		.short	4095
 2252 0720 FF0F     		.short	4095
 2253 0722 F50F     		.short	4085
 2254 0724 F80F     		.short	4088
 2255 0726 FF0F     		.short	4095
 2256 0728 FF0F     		.short	4095
 2257 072a F70F     		.short	4087
 2258 072c FE0F     		.short	4094
 2259 072e FF0F     		.short	4095
 2260 0730 FF0F     		.short	4095
 2261 0732 FE0F     		.short	4094
 2262 0734 FA0F     		.short	4090
 2263 0736 F50F     		.short	4085
 2264 0738 FF0F     		.short	4095
 2265 073a FF0F     		.short	4095
 2266 073c FF0F     		.short	4095
 2267 073e FB0F     		.short	4091
 2268 0740 E90F     		.short	4073
 2269 0742 E50F     		.short	4069
 2270 0744 F40F     		.short	4084
 2271 0746 FC0F     		.short	4092
 2272 0748 FF0F     		.short	4095
 2273 074a FF0F     		.short	4095
 2274 074c FF0F     		.short	4095
 2275 074e FF0F     		.short	4095
 2276 0750 FF0F     		.short	4095
 2277 0752 FF0F     		.short	4095
 2278 0754 FF0F     		.short	4095
 2279 0756 FF0F     		.short	4095
 2280 0758 FF0F     		.short	4095
 2281 075a FF0F     		.short	4095
 2282 075c FF0F     		.short	4095
 2283 075e FF0F     		.short	4095
 2284 0760 FF0F     		.short	4095
 2285 0762 F70F     		.short	4087
 2286 0764 FB0F     		.short	4091
 2287 0766 FF0F     		.short	4095
 2288 0768 FC0F     		.short	4092
 2289 076a FF0F     		.short	4095
 2290 076c FF0F     		.short	4095
ARM GAS  /var/folders/d6/h50ndp_j7xj_7552gzkj6_s40000gn/T//ccVJeyYC.s 			page 76


 2291 076e FF0F     		.short	4095
 2292 0770 FF0F     		.short	4095
 2293 0772 FF0F     		.short	4095
 2294 0774 FF0F     		.short	4095
 2295 0776 F40F     		.short	4084
 2296 0778 FB0F     		.short	4091
 2297 077a FF0F     		.short	4095
 2298 077c FF0F     		.short	4095
 2299 077e FF0F     		.short	4095
 2300 0780 FF0F     		.short	4095
 2301 0782 F40F     		.short	4084
 2302 0784 F70F     		.short	4087
 2303 0786 FE0F     		.short	4094
 2304 0788 F80F     		.short	4088
 2305 078a F70F     		.short	4087
 2306 078c F40F     		.short	4084
 2307 078e F80F     		.short	4088
 2308 0790 FE0F     		.short	4094
 2309 0792 FF0F     		.short	4095
 2310 0794 FF0F     		.short	4095
 2311 0796 FF0F     		.short	4095
 2312 0798 FF0F     		.short	4095
 2313 079a FE0F     		.short	4094
 2314 079c F90F     		.short	4089
 2315 079e FD0F     		.short	4093
 2316 07a0 FF0F     		.short	4095
 2317 07a2 FF0F     		.short	4095
 2318 07a4 FF0F     		.short	4095
 2319 07a6 FF0F     		.short	4095
 2320 07a8 FF0F     		.short	4095
 2321 07aa FF0F     		.short	4095
 2322 07ac FF0F     		.short	4095
 2323 07ae FF0F     		.short	4095
 2324 07b0 F20F     		.short	4082
 2325 07b2 FF0F     		.short	4095
 2326 07b4 F80F     		.short	4088
 2327 07b6 5D0F     		.short	3933
 2328 07b8 FB0E     		.short	3835
 2329 07ba 290F     		.short	3881
 2330 07bc 390F     		.short	3897
 2331 07be DD0E     		.short	3805
 2332 07c0 7E0E     		.short	3710
 2333 07c2 620E     		.short	3682
 2334 07c4 440E     		.short	3652
 2335 07c6 DD0D     		.short	3549
 2336 07c8 580D     		.short	3416
 2337 07ca 1E0D     		.short	3358
 2338 07cc 460D     		.short	3398
 2339 07ce 560D     		.short	3414
 2340 07d0 180D     		.short	3352
 2341 07d2 EB0C     		.short	3307
 2342 07d4 D40C     		.short	3284
 2343 07d6 840C     		.short	3204
 2344 07d8 2B0C     		.short	3115
 2345 07da 0E0C     		.short	3086
 2346 07dc 1D0C     		.short	3101
 2347 07de 0E0C     		.short	3086
ARM GAS  /var/folders/d6/h50ndp_j7xj_7552gzkj6_s40000gn/T//ccVJeyYC.s 			page 77


 2348 07e0 9E0B     		.short	2974
 2349 07e2 370B     		.short	2871
 2350 07e4 450B     		.short	2885
 2351 07e6 490B     		.short	2889
 2352 07e8 110B     		.short	2833
 2353 07ea E60A     		.short	2790
 2354 07ec A60A     		.short	2726
 2355 07ee 570A     		.short	2647
 2356 07f0 250A     		.short	2597
 2357 07f2 090A     		.short	2569
 2358 07f4 E909     		.short	2537
 2359 07f6 8609     		.short	2438
 2360 07f8 F708     		.short	2295
 2361 07fa B108     		.short	2225
 2362 07fc C708     		.short	2247
 2363 07fe FA08     		.short	2298
 2364              		.section	.rodata.Guitar_LUT,"a"
 2365              		.align	2
 2368              	Guitar_LUT:
 2369 0000 AF07     		.short	1967
 2370 0002 9B07     		.short	1947
 2371 0004 9807     		.short	1944
 2372 0006 A307     		.short	1955
 2373 0008 B107     		.short	1969
 2374 000a B307     		.short	1971
 2375 000c AF07     		.short	1967
 2376 000e B307     		.short	1971
 2377 0010 C807     		.short	1992
 2378 0012 E507     		.short	2021
 2379 0014 FB07     		.short	2043
 2380 0016 0008     		.short	2048
 2381 0018 FF07     		.short	2047
 2382 001a FF07     		.short	2047
 2383 001c FC07     		.short	2044
 2384 001e F707     		.short	2039
 2385 0020 F707     		.short	2039
 2386 0022 0508     		.short	2053
 2387 0024 1C08     		.short	2076
 2388 0026 2508     		.short	2085
 2389 0028 1908     		.short	2073
 2390 002a 1A08     		.short	2074
 2391 002c 3F08     		.short	2111
 2392 002e 6A08     		.short	2154
 2393 0030 7708     		.short	2167
 2394 0032 6508     		.short	2149
 2395 0034 5608     		.short	2134
 2396 0036 5B08     		.short	2139
 2397 0038 4E08     		.short	2126
 2398 003a 1108     		.short	2065
 2399 003c CE07     		.short	1998
 2400 003e AE07     		.short	1966
 2401 0040 9E07     		.short	1950
 2402 0042 7E07     		.short	1918
 2403 0044 4C07     		.short	1868
 2404 0046 2907     		.short	1833
 2405 0048 3407     		.short	1844
 2406 004a 5907     		.short	1881
ARM GAS  /var/folders/d6/h50ndp_j7xj_7552gzkj6_s40000gn/T//ccVJeyYC.s 			page 78


 2407 004c 5D07     		.short	1885
 2408 004e 3E07     		.short	1854
 2409 0050 3B07     		.short	1851
 2410 0052 7707     		.short	1911
 2411 0054 C707     		.short	1991
 2412 0056 F107     		.short	2033
 2413 0058 F207     		.short	2034
 2414 005a ED07     		.short	2029
 2415 005c EC07     		.short	2028
 2416 005e E207     		.short	2018
 2417 0060 C907     		.short	1993
 2418 0062 B107     		.short	1969
 2419 0064 BB07     		.short	1979
 2420 0066 ED07     		.short	2029
 2421 0068 1C08     		.short	2076
 2422 006a 2108     		.short	2081
 2423 006c 1408     		.short	2068
 2424 006e 2608     		.short	2086
 2425 0070 6508     		.short	2149
 2426 0072 AD08     		.short	2221
 2427 0074 DA08     		.short	2266
 2428 0076 EC08     		.short	2284
 2429 0078 F408     		.short	2292
 2430 007a EF08     		.short	2287
 2431 007c CE08     		.short	2254
 2432 007e 9708     		.short	2199
 2433 0080 6308     		.short	2147
 2434 0082 4008     		.short	2112
 2435 0084 1D08     		.short	2077
 2436 0086 E507     		.short	2021
 2437 0088 AD07     		.short	1965
 2438 008a A207     		.short	1954
 2439 008c BF07     		.short	1983
 2440 008e CC07     		.short	1996
 2441 0090 A507     		.short	1957
 2442 0092 6B07     		.short	1899
 2443 0094 6207     		.short	1890
 2444 0096 9307     		.short	1939
 2445 0098 C207     		.short	1986
 2446 009a BB07     		.short	1979
 2447 009c 9907     		.short	1945
 2448 009e 9D07     		.short	1949
 2449 00a0 C407     		.short	1988
 2450 00a2 D007     		.short	2000
 2451 00a4 B007     		.short	1968
 2452 00a6 A507     		.short	1957
 2453 00a8 DC07     		.short	2012
 2454 00aa 2A08     		.short	2090
 2455 00ac 5108     		.short	2129
 2456 00ae 4808     		.short	2120
 2457 00b0 3B08     		.short	2107
 2458 00b2 5308     		.short	2131
 2459 00b4 9108     		.short	2193
 2460 00b6 D508     		.short	2261
 2461 00b8 F408     		.short	2292
 2462 00ba E708     		.short	2279
 2463 00bc CD08     		.short	2253
ARM GAS  /var/folders/d6/h50ndp_j7xj_7552gzkj6_s40000gn/T//ccVJeyYC.s 			page 79


 2464 00be B708     		.short	2231
 2465 00c0 9E08     		.short	2206
 2466 00c2 7B08     		.short	2171
 2467 00c4 5B08     		.short	2139
 2468 00c6 3E08     		.short	2110
 2469 00c8 1608     		.short	2070
 2470 00ca E507     		.short	2021
 2471 00cc B907     		.short	1977
 2472 00ce A107     		.short	1953
 2473 00d0 A207     		.short	1954
 2474 00d2 B107     		.short	1969
 2475 00d4 B507     		.short	1973
 2476 00d6 B007     		.short	1968
 2477 00d8 C207     		.short	1986
 2478 00da EC07     		.short	2028
 2479 00dc 0D08     		.short	2061
 2480 00de 0E08     		.short	2062
 2481 00e0 FE07     		.short	2046
 2482 00e2 F307     		.short	2035
 2483 00e4 E707     		.short	2023
 2484 00e6 D207     		.short	2002
 2485 00e8 C607     		.short	1990
 2486 00ea C807     		.short	1992
 2487 00ec C607     		.short	1990
 2488 00ee C407     		.short	1988
 2489 00f0 CF07     		.short	1999
 2490 00f2 DC07     		.short	2012
 2491 00f4 E707     		.short	2023
 2492 00f6 F707     		.short	2039
 2493 00f8 1808     		.short	2072
 2494 00fa 4608     		.short	2118
 2495 00fc 5F08     		.short	2143
 2496 00fe 4F08     		.short	2127
 2497 0100 3108     		.short	2097
 2498 0102 2308     		.short	2083
 2499 0104 2808     		.short	2088
 2500 0106 3108     		.short	2097
 2501 0108 2508     		.short	2085
 2502 010a 0808     		.short	2056
 2503 010c F707     		.short	2039
 2504 010e F907     		.short	2041
 2505 0110 FD07     		.short	2045
 2506 0112 F807     		.short	2040
 2507 0114 EE07     		.short	2030
 2508 0116 F607     		.short	2038
 2509 0118 1208     		.short	2066
 2510 011a 2C08     		.short	2092
 2511 011c 4108     		.short	2113
 2512 011e 5708     		.short	2135
 2513 0120 6008     		.short	2144
 2514 0122 6308     		.short	2147
 2515 0124 6608     		.short	2150
 2516 0126 5008     		.short	2128
 2517 0128 2408     		.short	2084
 2518 012a 0508     		.short	2053
 2519 012c FB07     		.short	2043
 2520 012e F707     		.short	2039
ARM GAS  /var/folders/d6/h50ndp_j7xj_7552gzkj6_s40000gn/T//ccVJeyYC.s 			page 80


 2521 0130 DC07     		.short	2012
 2522 0132 9F07     		.short	1951
 2523 0134 6B07     		.short	1899
 2524 0136 6707     		.short	1895
 2525 0138 7E07     		.short	1918
 2526 013a 9907     		.short	1945
 2527 013c B907     		.short	1977
 2528 013e D907     		.short	2009
 2529 0140 EA07     		.short	2026
 2530 0142 DE07     		.short	2014
 2531 0144 C407     		.short	1988
 2532 0146 CE07     		.short	1998
 2533 0148 0408     		.short	2052
 2534 014a 3308     		.short	2099
 2535 014c 3D08     		.short	2109
 2536 014e 2E08     		.short	2094
 2537 0150 1708     		.short	2071
 2538 0152 0308     		.short	2051
 2539 0154 0208     		.short	2050
 2540 0156 1108     		.short	2065
 2541 0158 2B08     		.short	2091
 2542 015a 4708     		.short	2119
 2543 015c 5F08     		.short	2143
 2544 015e 7708     		.short	2167
 2545 0160 9108     		.short	2193
 2546 0162 A008     		.short	2208
 2547 0164 9108     		.short	2193
 2548 0166 6F08     		.short	2159
 2549 0168 5B08     		.short	2139
 2550 016a 5F08     		.short	2143
 2551 016c 6008     		.short	2144
 2552 016e 4E08     		.short	2126
 2553 0170 2008     		.short	2080
 2554 0172 D007     		.short	2000
 2555 0174 7D07     		.short	1917
 2556 0176 5907     		.short	1881
 2557 0178 6907     		.short	1897
 2558 017a 8307     		.short	1923
 2559 017c 9807     		.short	1944
 2560 017e B307     		.short	1971
 2561 0180 C507     		.short	1989
 2562 0182 BB07     		.short	1979
 2563 0184 AB07     		.short	1963
 2564 0186 BF07     		.short	1983
 2565 0188 EE07     		.short	2030
 2566 018a 1C08     		.short	2076
 2567 018c 3C08     		.short	2108
 2568 018e 4708     		.short	2119
 2569 0190 3C08     		.short	2108
 2570 0192 3508     		.short	2101
 2571 0194 4308     		.short	2115
 2572 0196 4D08     		.short	2125
 2573 0198 3C08     		.short	2108
 2574 019a 2708     		.short	2087
 2575 019c 1F08     		.short	2079
 2576 019e 1A08     		.short	2074
 2577 01a0 2A08     		.short	2090
ARM GAS  /var/folders/d6/h50ndp_j7xj_7552gzkj6_s40000gn/T//ccVJeyYC.s 			page 81


 2578 01a2 6608     		.short	2150
 2579 01a4 AE08     		.short	2222
 2580 01a6 CC08     		.short	2252
 2581 01a8 B408     		.short	2228
 2582 01aa 8608     		.short	2182
 2583 01ac 6708     		.short	2151
 2584 01ae 6508     		.short	2149
 2585 01b0 6E08     		.short	2158
 2586 01b2 7808     		.short	2168
 2587 01b4 7808     		.short	2168
 2588 01b6 5408     		.short	2132
 2589 01b8 FF07     		.short	2047
 2590 01ba 9D07     		.short	1949
 2591 01bc 6907     		.short	1897
 2592 01be 8307     		.short	1923
 2593 01c0 CA07     		.short	1994
 2594 01c2 E007     		.short	2016
 2595 01c4 8E07     		.short	1934
 2596 01c6 1A07     		.short	1818
 2597 01c8 0207     		.short	1794
 2598 01ca 5007     		.short	1872
 2599 01cc 9507     		.short	1941
 2600 01ce 8907     		.short	1929
 2601 01d0 6307     		.short	1891
 2602 01d2 6B07     		.short	1899
 2603 01d4 9407     		.short	1940
 2604 01d6 A607     		.short	1958
 2605 01d8 9207     		.short	1938
 2606 01da 8807     		.short	1928
 2607 01dc B207     		.short	1970
 2608 01de F907     		.short	2041
 2609 01e0 1F08     		.short	2079
 2610 01e2 2308     		.short	2083
 2611 01e4 3708     		.short	2103
 2612 01e6 6D08     		.short	2157
 2613 01e8 A508     		.short	2213
 2614 01ea BC08     		.short	2236
 2615 01ec A608     		.short	2214
 2616 01ee 8208     		.short	2178
 2617 01f0 8D08     		.short	2189
 2618 01f2 D008     		.short	2256
 2619 01f4 0A09     		.short	2314
 2620 01f6 0009     		.short	2304
 2621 01f8 BC08     		.short	2236
 2622 01fa 6C08     		.short	2156
 2623 01fc 2908     		.short	2089
 2624 01fe FC07     		.short	2044
 2625 0200 E607     		.short	2022
 2626 0202 E307     		.short	2019
 2627 0204 DE07     		.short	2014
 2628 0206 C307     		.short	1987
 2629 0208 8807     		.short	1928
 2630 020a 3607     		.short	1846
 2631 020c FE06     		.short	1790
 2632 020e 0807     		.short	1800
 2633 0210 3707     		.short	1847
 2634 0212 5607     		.short	1878
ARM GAS  /var/folders/d6/h50ndp_j7xj_7552gzkj6_s40000gn/T//ccVJeyYC.s 			page 82


 2635 0214 5007     		.short	1872
 2636 0216 3A07     		.short	1850
 2637 0218 3407     		.short	1844
 2638 021a 5807     		.short	1880
 2639 021c 9807     		.short	1944
 2640 021e C507     		.short	1989
 2641 0220 C807     		.short	1992
 2642 0222 BA07     		.short	1978
 2643 0224 C307     		.short	1987
 2644 0226 EA07     		.short	2026
 2645 0228 1708     		.short	2071
 2646 022a 3608     		.short	2102
 2647 022c 4208     		.short	2114
 2648 022e 4008     		.short	2112
 2649 0230 3708     		.short	2103
 2650 0232 2908     		.short	2089
 2651 0234 3808     		.short	2104
 2652 0236 7F08     		.short	2175
 2653 0238 C008     		.short	2240
 2654 023a A308     		.short	2211
 2655 023c 3908     		.short	2105
 2656 023e E007     		.short	2016
 2657 0240 C507     		.short	1989
 2658 0242 CD07     		.short	1997
 2659 0244 DC07     		.short	2012
 2660 0246 F707     		.short	2039
 2661 0248 1608     		.short	2070
 2662 024a 1008     		.short	2064
 2663 024c CF07     		.short	1999
 2664 024e 8707     		.short	1927
 2665 0250 7407     		.short	1908
 2666 0252 9807     		.short	1944
 2667 0254 C507     		.short	1989
 2668 0256 C907     		.short	1993
 2669 0258 A807     		.short	1960
 2670 025a A007     		.short	1952
 2671 025c D307     		.short	2003
 2672 025e 0B08     		.short	2059
 2673 0260 FF07     		.short	2047
 2674 0262 BB07     		.short	1979
 2675 0264 9C07     		.short	1948
 2676 0266 D607     		.short	2006
 2677 0268 3008     		.short	2096
 2678 026a 5C08     		.short	2140
 2679 026c 4308     		.short	2115
 2680 026e 0D08     		.short	2061
 2681 0270 EC07     		.short	2028
 2682 0272 EA07     		.short	2026
 2683 0274 ED07     		.short	2029
 2684 0276 F307     		.short	2035
 2685 0278 1F08     		.short	2079
 2686 027a 7608     		.short	2166
 2687 027c B508     		.short	2229
 2688 027e A208     		.short	2210
 2689 0280 5808     		.short	2136
 2690 0282 1C08     		.short	2076
 2691 0284 0708     		.short	2055
ARM GAS  /var/folders/d6/h50ndp_j7xj_7552gzkj6_s40000gn/T//ccVJeyYC.s 			page 83


 2692 0286 1108     		.short	2065
 2693 0288 2A08     		.short	2090
 2694 028a 4708     		.short	2119
 2695 028c 5308     		.short	2131
 2696 028e 3708     		.short	2103
 2697 0290 F607     		.short	2038
 2698 0292 C307     		.short	1987
 2699 0294 C607     		.short	1990
 2700 0296 DE07     		.short	2014
 2701 0298 D007     		.short	2000
 2702 029a A307     		.short	1955
 2703 029c A807     		.short	1960
 2704 029e 0008     		.short	2048
 2705 02a0 4A08     		.short	2122
 2706 02a2 1708     		.short	2071
 2707 02a4 A707     		.short	1959
 2708 02a6 9107     		.short	1937
 2709 02a8 EE07     		.short	2030
 2710 02aa 5208     		.short	2130
 2711 02ac 7308     		.short	2163
 2712 02ae 6508     		.short	2149
 2713 02b0 5A08     		.short	2138
 2714 02b2 5008     		.short	2128
 2715 02b4 1008     		.short	2064
 2716 02b6 A507     		.short	1957
 2717 02b8 8007     		.short	1920
 2718 02ba DC07     		.short	2012
 2719 02bc 4808     		.short	2120
 2720 02be 4308     		.short	2115
 2721 02c0 DF07     		.short	2015
 2722 02c2 8A07     		.short	1930
 2723 02c4 8707     		.short	1927
 2724 02c6 B007     		.short	1968
 2725 02c8 B807     		.short	1976
 2726 02ca A807     		.short	1960
 2727 02cc CC07     		.short	1996
 2728 02ce 3008     		.short	2096
 2729 02d0 7708     		.short	2167
 2730 02d2 5808     		.short	2136
 2731 02d4 FD07     		.short	2045
 2732 02d6 CF07     		.short	1999
 2733 02d8 FC07     		.short	2044
 2734 02da 3D08     		.short	2109
 2735 02dc 3608     		.short	2102
 2736 02de 0308     		.short	2051
 2737 02e0 0808     		.short	2056
 2738 02e2 4C08     		.short	2124
 2739 02e4 6C08     		.short	2156
 2740 02e6 3108     		.short	2097
 2741 02e8 E807     		.short	2024
 2742 02ea EF07     		.short	2031
 2743 02ec 4808     		.short	2120
 2744 02ee A108     		.short	2209
 2745 02f0 AC08     		.short	2220
 2746 02f2 6F08     		.short	2159
 2747 02f4 3E08     		.short	2110
 2748 02f6 5308     		.short	2131
ARM GAS  /var/folders/d6/h50ndp_j7xj_7552gzkj6_s40000gn/T//ccVJeyYC.s 			page 84


 2749 02f8 7D08     		.short	2173
 2750 02fa 7708     		.short	2167
 2751 02fc 4D08     		.short	2125
 2752 02fe 2C08     		.short	2092
 2753 0300 0C08     		.short	2060
 2754 0302 D707     		.short	2007
 2755 0304 9907     		.short	1945
 2756 0306 6A07     		.short	1898
 2757 0308 5107     		.short	1873
 2758 030a 4B07     		.short	1867
 2759 030c 5907     		.short	1881
 2760 030e 7B07     		.short	1915
 2761 0310 A607     		.short	1958
 2762 0312 D007     		.short	2000
 2763 0314 EA07     		.short	2026
 2764 0316 F807     		.short	2040
 2765 0318 1D08     		.short	2077
 2766 031a 6D08     		.short	2157
 2767 031c A508     		.short	2213
 2768 031e 7C08     		.short	2172
 2769 0320 3C08     		.short	2108
 2770 0322 6F08     		.short	2159
 2771 0324 F608     		.short	2294
 2772 0326 1F09     		.short	2335
 2773 0328 A808     		.short	2216
 2774 032a 2008     		.short	2080
 2775 032c 2D08     		.short	2093
 2776 032e B208     		.short	2226
 2777 0330 F608     		.short	2294
 2778 0332 B208     		.short	2226
 2779 0334 6A08     		.short	2154
 2780 0336 8C08     		.short	2188
 2781 0338 BA08     		.short	2234
 2782 033a 7308     		.short	2163
 2783 033c F307     		.short	2035
 2784 033e DC07     		.short	2012
 2785 0340 4108     		.short	2113
 2786 0342 9408     		.short	2196
 2787 0344 7108     		.short	2161
 2788 0346 1908     		.short	2073
 2789 0348 EC07     		.short	2028
 2790 034a D007     		.short	2000
 2791 034c 8607     		.short	1926
 2792 034e 2A07     		.short	1834
 2793 0350 0007     		.short	1792
 2794 0352 1807     		.short	1816
 2795 0354 5407     		.short	1876
 2796 0356 8307     		.short	1923
 2797 0358 8207     		.short	1922
 2798 035a 6307     		.short	1891
 2799 035c 6A07     		.short	1898
 2800 035e C107     		.short	1985
 2801 0360 3808     		.short	2104
 2802 0362 7208     		.short	2162
 2803 0364 6208     		.short	2146
 2804 0366 5F08     		.short	2143
 2805 0368 9908     		.short	2201
ARM GAS  /var/folders/d6/h50ndp_j7xj_7552gzkj6_s40000gn/T//ccVJeyYC.s 			page 85


 2806 036a CD08     		.short	2253
 2807 036c B508     		.short	2229
 2808 036e 7A08     		.short	2170
 2809 0370 7508     		.short	2165
 2810 0372 A808     		.short	2216
 2811 0374 DD08     		.short	2269
 2812 0376 F608     		.short	2294
 2813 0378 E708     		.short	2279
 2814 037a B908     		.short	2233
 2815 037c A008     		.short	2208
 2816 037e C308     		.short	2243
 2817 0380 F508     		.short	2293
 2818 0382 ED08     		.short	2285
 2819 0384 A408     		.short	2212
 2820 0386 6A08     		.short	2154
 2821 0388 9708     		.short	2199
 2822 038a FD08     		.short	2301
 2823 038c E008     		.short	2272
 2824 038e FB07     		.short	2043
 2825 0390 3707     		.short	1847
 2826 0392 A307     		.short	1955
 2827 0394 BD08     		.short	2237
 2828 0396 F108     		.short	2289
 2829 0398 E807     		.short	2024
 2830 039a 1507     		.short	1813
 2831 039c 8D07     		.short	1933
 2832 039e 8508     		.short	2181
 2833 03a0 9F08     		.short	2207
 2834 03a2 EA07     		.short	2026
 2835 03a4 BB07     		.short	1979
 2836 03a6 9B08     		.short	2203
 2837 03a8 6C09     		.short	2412
 2838 03aa 1009     		.short	2320
 2839 03ac 0B08     		.short	2059
 2840 03ae B307     		.short	1971
 2841 03b0 5308     		.short	2131
 2842 03b2 E108     		.short	2273
 2843 03b4 9308     		.short	2195
 2844 03b6 F207     		.short	2034
 2845 03b8 DB07     		.short	2011
 2846 03ba 3008     		.short	2096
 2847 03bc 5708     		.short	2135
 2848 03be 1E08     		.short	2078
 2849 03c0 B207     		.short	1970
 2850 03c2 4E07     		.short	1870
 2851 03c4 2107     		.short	1825
 2852 03c6 2E07     		.short	1838
 2853 03c8 5307     		.short	1875
 2854 03ca 5807     		.short	1880
 2855 03cc 0F07     		.short	1807
 2856 03ce 9906     		.short	1689
 2857 03d0 5706     		.short	1623
 2858 03d2 6D06     		.short	1645
 2859 03d4 8E06     		.short	1678
 2860 03d6 5906     		.short	1625
 2861 03d8 FB05     		.short	1531
 2862 03da 0006     		.short	1536
ARM GAS  /var/folders/d6/h50ndp_j7xj_7552gzkj6_s40000gn/T//ccVJeyYC.s 			page 86


 2863 03dc 4406     		.short	1604
 2864 03de 0C06     		.short	1548
 2865 03e0 6405     		.short	1380
 2866 03e2 2C05     		.short	1324
 2867 03e4 B605     		.short	1462
 2868 03e6 6506     		.short	1637
 2869 03e8 8F06     		.short	1679
 2870 03ea 2A06     		.short	1578
 2871 03ec A505     		.short	1445
 2872 03ee 7805     		.short	1400
 2873 03f0 BF05     		.short	1471
 2874 03f2 1C06     		.short	1564
 2875 03f4 1D06     		.short	1565
 2876 03f6 D705     		.short	1495
 2877 03f8 C805     		.short	1480
 2878 03fa 1D06     		.short	1565
 2879 03fc 7F06     		.short	1663
 2880 03fe 8606     		.short	1670
 2881 0400 1306     		.short	1555
 2882 0402 8005     		.short	1408
 2883 0404 7105     		.short	1393
 2884 0406 F705     		.short	1527
 2885 0408 4206     		.short	1602
 2886 040a B205     		.short	1458
 2887 040c D904     		.short	1241
 2888 040e BE04     		.short	1214
 2889 0410 5605     		.short	1366
 2890 0412 9605     		.short	1430
 2891 0414 1B05     		.short	1307
 2892 0416 B104     		.short	1201
 2893 0418 0305     		.short	1283
 2894 041a A605     		.short	1446
 2895 041c CA05     		.short	1482
 2896 041e 4B05     		.short	1355
 2897 0420 D804     		.short	1240
 2898 0422 1205     		.short	1298
 2899 0424 B405     		.short	1460
 2900 0426 FD05     		.short	1533
 2901 0428 CC05     		.short	1484
 2902 042a AF05     		.short	1455
 2903 042c FA05     		.short	1530
 2904 042e 5206     		.short	1618
 2905 0430 5006     		.short	1616
 2906 0432 2E06     		.short	1582
 2907 0434 6306     		.short	1635
 2908 0436 CD06     		.short	1741
 2909 0438 F106     		.short	1777
 2910 043a C706     		.short	1735
 2911 043c BB06     		.short	1723
 2912 043e 1C07     		.short	1820
 2913 0440 AD07     		.short	1965
 2914 0442 EB07     		.short	2027
 2915 0444 C207     		.short	1986
 2916 0446 A607     		.short	1958
 2917 0448 DC07     		.short	2012
 2918 044a 3008     		.short	2096
 2919 044c 6408     		.short	2148
ARM GAS  /var/folders/d6/h50ndp_j7xj_7552gzkj6_s40000gn/T//ccVJeyYC.s 			page 87


 2920 044e 7B08     		.short	2171
 2921 0450 9B08     		.short	2203
 2922 0452 C408     		.short	2244
 2923 0454 CA08     		.short	2250
 2924 0456 B508     		.short	2229
 2925 0458 C108     		.short	2241
 2926 045a F708     		.short	2295
 2927 045c 2209     		.short	2338
 2928 045e 3109     		.short	2353
 2929 0460 3E09     		.short	2366
 2930 0462 4709     		.short	2375
 2931 0464 2209     		.short	2338
 2932 0466 D208     		.short	2258
 2933 0468 A508     		.short	2213
 2934 046a E408     		.short	2276
 2935 046c 6C09     		.short	2412
 2936 046e C609     		.short	2502
 2937 0470 B209     		.short	2482
 2938 0472 6309     		.short	2403
 2939 0474 2A09     		.short	2346
 2940 0476 2309     		.short	2339
 2941 0478 3909     		.short	2361
 2942 047a 3309     		.short	2355
 2943 047c 0509     		.short	2309
 2944 047e FA08     		.short	2298
 2945 0480 5109     		.short	2385
 2946 0482 C609     		.short	2502
 2947 0484 E409     		.short	2532
 2948 0486 A109     		.short	2465
 2949 0488 6B09     		.short	2411
 2950 048a 9F09     		.short	2463
 2951 048c 220A     		.short	2594
 2952 048e 960A     		.short	2710
 2953 0490 C00A     		.short	2752
 2954 0492 B80A     		.short	2744
 2955 0494 CB0A     		.short	2763
 2956 0496 020B     		.short	2818
 2957 0498 150B     		.short	2837
 2958 049a ED0A     		.short	2797
 2959 049c CA0A     		.short	2762
 2960 049e C60A     		.short	2758
 2961 04a0 CA0A     		.short	2762
 2962 04a2 EF0A     		.short	2799
 2963 04a4 3B0B     		.short	2875
 2964 04a6 4F0B     		.short	2895
 2965 04a8 F20A     		.short	2802
 2966 04aa 900A     		.short	2704
 2967 04ac A80A     		.short	2728
 2968 04ae 090B     		.short	2825
 2969 04b0 1E0B     		.short	2846
 2970 04b2 D50A     		.short	2773
 2971 04b4 AF0A     		.short	2735
 2972 04b6 EE0A     		.short	2798
 2973 04b8 1D0B     		.short	2845
 2974 04ba BB0A     		.short	2747
 2975 04bc 080A     		.short	2568
 2976 04be BF09     		.short	2495
ARM GAS  /var/folders/d6/h50ndp_j7xj_7552gzkj6_s40000gn/T//ccVJeyYC.s 			page 88


 2977 04c0 180A     		.short	2584
 2978 04c2 620A     		.short	2658
 2979 04c4 F809     		.short	2552
 2980 04c6 4F09     		.short	2383
 2981 04c8 4309     		.short	2371
 2982 04ca A109     		.short	2465
 2983 04cc 8809     		.short	2440
 2984 04ce F208     		.short	2290
 2985 04d0 CB08     		.short	2251
 2986 04d2 7809     		.short	2424
 2987 04d4 1F0A     		.short	2591
 2988 04d6 E509     		.short	2533
 2989 04d8 3609     		.short	2358
 2990 04da 1209     		.short	2322
 2991 04dc 8F09     		.short	2447
 2992 04de E809     		.short	2536
 2993 04e0 B509     		.short	2485
 2994 04e2 7509     		.short	2421
 2995 04e4 BD09     		.short	2493
 2996 04e6 4E0A     		.short	2638
 2997 04e8 7F0A     		.short	2687
 2998 04ea 450A     		.short	2629
 2999 04ec 170A     		.short	2583
 3000 04ee 170A     		.short	2583
 3001 04f0 0C0A     		.short	2572
 3002 04f2 060A     		.short	2566
 3003 04f4 3E0A     		.short	2622
 3004 04f6 770A     		.short	2679
 3005 04f8 3E0A     		.short	2622
 3006 04fa B509     		.short	2485
 3007 04fc 6509     		.short	2405
 3008 04fe 7809     		.short	2424
 3009 0500 9E09     		.short	2462
 3010 0502 8D09     		.short	2445
 3011 0504 5609     		.short	2390
 3012 0506 5009     		.short	2384
 3013 0508 9309     		.short	2451
 3014 050a B509     		.short	2485
 3015 050c 6A09     		.short	2410
 3016 050e 0E09     		.short	2318
 3017 0510 1509     		.short	2325
 3018 0512 6A09     		.short	2410
 3019 0514 B009     		.short	2480
 3020 0516 C009     		.short	2496
 3021 0518 B609     		.short	2486
 3022 051a C309     		.short	2499
 3023 051c 010A     		.short	2561
 3024 051e 4A0A     		.short	2634
 3025 0520 560A     		.short	2646
 3026 0522 1A0A     		.short	2586
 3027 0524 EF09     		.short	2543
 3028 0526 150A     		.short	2581
 3029 0528 5E0A     		.short	2654
 3030 052a 7D0A     		.short	2685
 3031 052c 7C0A     		.short	2684
 3032 052e 8F0A     		.short	2703
 3033 0530 B80A     		.short	2744
ARM GAS  /var/folders/d6/h50ndp_j7xj_7552gzkj6_s40000gn/T//ccVJeyYC.s 			page 89


 3034 0532 C50A     		.short	2757
 3035 0534 A50A     		.short	2725
 3036 0536 7F0A     		.short	2687
 3037 0538 720A     		.short	2674
 3038 053a 6D0A     		.short	2669
 3039 053c 5F0A     		.short	2655
 3040 053e 4D0A     		.short	2637
 3041 0540 3F0A     		.short	2623
 3042 0542 2A0A     		.short	2602
 3043 0544 0C0A     		.short	2572
 3044 0546 130A     		.short	2579
 3045 0548 690A     		.short	2665
 3046 054a C20A     		.short	2754
 3047 054c AD0A     		.short	2733
 3048 054e 510A     		.short	2641
 3049 0550 400A     		.short	2624
 3050 0552 900A     		.short	2704
 3051 0554 B50A     		.short	2741
 3052 0556 690A     		.short	2665
 3053 0558 3A0A     		.short	2618
 3054 055a AB0A     		.short	2731
 3055 055c 490B     		.short	2889
 3056 055e 380B     		.short	2872
 3057 0560 6C0A     		.short	2668
 3058 0562 BF09     		.short	2495
 3059 0564 D709     		.short	2519
 3060 0566 540A     		.short	2644
 3061 0568 680A     		.short	2664
 3062 056a F809     		.short	2552
 3063 056c A909     		.short	2473
 3064 056e DC09     		.short	2524
 3065 0570 2C0A     		.short	2604
 3066 0572 110A     		.short	2577
 3067 0574 9809     		.short	2456
 3068 0576 3209     		.short	2354
 3069 0578 2209     		.short	2338
 3070 057a 4809     		.short	2376
 3071 057c 5309     		.short	2387
 3072 057e 0909     		.short	2313
 3073 0580 9408     		.short	2196
 3074 0582 4E08     		.short	2126
 3075 0584 4408     		.short	2116
 3076 0586 3C08     		.short	2108
 3077 0588 0908     		.short	2057
 3078 058a A307     		.short	1955
 3079 058c 4907     		.short	1865
 3080 058e 4A07     		.short	1866
 3081 0590 8F07     		.short	1935
 3082 0592 9A07     		.short	1946
 3083 0594 3407     		.short	1844
 3084 0596 C206     		.short	1730
 3085 0598 B406     		.short	1716
 3086 059a E106     		.short	1761
 3087 059c D606     		.short	1750
 3088 059e 7406     		.short	1652
 3089 05a0 0206     		.short	1538
 3090 05a2 CB05     		.short	1483
ARM GAS  /var/folders/d6/h50ndp_j7xj_7552gzkj6_s40000gn/T//ccVJeyYC.s 			page 90


 3091 05a4 C305     		.short	1475
 3092 05a6 7B05     		.short	1403
 3093 05a8 C904     		.short	1225
 3094 05aa 2E04     		.short	1070
 3095 05ac 2C04     		.short	1068
 3096 05ae 8A04     		.short	1162
 3097 05b0 9A04     		.short	1178
 3098 05b2 1F04     		.short	1055
 3099 05b4 9603     		.short	918
 3100 05b6 7103     		.short	881
 3101 05b8 7D03     		.short	893
 3102 05ba 6103     		.short	865
 3103 05bc 2103     		.short	801
 3104 05be D002     		.short	720
 3105 05c0 7802     		.short	632
 3106 05c2 4C02     		.short	588
 3107 05c4 5902     		.short	601
 3108 05c6 3E02     		.short	574
 3109 05c8 C501     		.short	453
 3110 05ca 4D01     		.short	333
 3111 05cc 4D01     		.short	333
 3112 05ce C001     		.short	448
 3113 05d0 2302     		.short	547
 3114 05d2 FD01     		.short	509
 3115 05d4 8701     		.short	391
 3116 05d6 7501     		.short	373
 3117 05d8 E901     		.short	489
 3118 05da 3202     		.short	562
 3119 05dc D901     		.short	473
 3120 05de 5D01     		.short	349
 3121 05e0 7101     		.short	369
 3122 05e2 EA01     		.short	490
 3123 05e4 0002     		.short	512
 3124 05e6 7201     		.short	370
 3125 05e8 CB00     		.short	203
 3126 05ea 8500     		.short	133
 3127 05ec 8600     		.short	134
 3128 05ee 6F00     		.short	111
 3129 05f0 3A00     		.short	58
 3130 05f2 3200     		.short	50
 3131 05f4 7700     		.short	119
 3132 05f6 C900     		.short	201
 3133 05f8 EC00     		.short	236
 3134 05fa F900     		.short	249
 3135 05fc 2101     		.short	289
 3136 05fe 4B01     		.short	331
 3137 0600 4101     		.short	321
 3138 0602 1701     		.short	279
 3139 0604 1001     		.short	272
 3140 0606 3E01     		.short	318
 3141 0608 7E01     		.short	382
 3142 060a AB01     		.short	427
 3143 060c C601     		.short	454
 3144 060e E001     		.short	480
 3145 0610 F801     		.short	504
 3146 0612 0C02     		.short	524
 3147 0614 2C02     		.short	556
ARM GAS  /var/folders/d6/h50ndp_j7xj_7552gzkj6_s40000gn/T//ccVJeyYC.s 			page 91


 3148 0616 6702     		.short	615
 3149 0618 B602     		.short	694
 3150 061a FD02     		.short	765
 3151 061c 1D03     		.short	797
 3152 061e 2C03     		.short	812
 3153 0620 5103     		.short	849
 3154 0622 7E03     		.short	894
 3155 0624 9803     		.short	920
 3156 0626 B803     		.short	952
 3157 0628 F603     		.short	1014
 3158 062a 3604     		.short	1078
 3159 062c 5904     		.short	1113
 3160 062e 6804     		.short	1128
 3161 0630 7E04     		.short	1150
 3162 0632 A704     		.short	1191
 3163 0634 E604     		.short	1254
 3164 0636 3805     		.short	1336
 3165 0638 7305     		.short	1395
 3166 063a 6805     		.short	1384
 3167 063c 3805     		.short	1336
 3168 063e 3D05     		.short	1341
 3169 0640 8005     		.short	1408
 3170 0642 B005     		.short	1456
 3171 0644 9A05     		.short	1434
 3172 0646 6705     		.short	1383
 3173 0648 6D05     		.short	1389
 3174 064a BF05     		.short	1471
 3175 064c FC05     		.short	1532
 3176 064e CF05     		.short	1487
 3177 0650 8405     		.short	1412
 3178 0652 9F05     		.short	1439
 3179 0654 1606     		.short	1558
 3180 0656 8606     		.short	1670
 3181 0658 CE06     		.short	1742
 3182 065a 1007     		.short	1808
 3183 065c 6407     		.short	1892
 3184 065e C007     		.short	1984
 3185 0660 0E08     		.short	2062
 3186 0662 4508     		.short	2117
 3187 0664 6708     		.short	2151
 3188 0666 7F08     		.short	2175
 3189 0668 B508     		.short	2229
 3190 066a 2909     		.short	2345
 3191 066c A909     		.short	2473
 3192 066e D409     		.short	2516
 3193 0670 8609     		.short	2438
 3194 0672 2309     		.short	2339
 3195 0674 2D09     		.short	2349
 3196 0676 8C09     		.short	2444
 3197 0678 B809     		.short	2488
 3198 067a 9409     		.short	2452
 3199 067c 9109     		.short	2449
 3200 067e EB09     		.short	2539
 3201 0680 320A     		.short	2610
 3202 0682 E909     		.short	2537
 3203 0684 5C09     		.short	2396
 3204 0686 4F09     		.short	2383
ARM GAS  /var/folders/d6/h50ndp_j7xj_7552gzkj6_s40000gn/T//ccVJeyYC.s 			page 92


 3205 0688 D309     		.short	2515
 3206 068a 2C0A     		.short	2604
 3207 068c ED09     		.short	2541
 3208 068e 9309     		.short	2451
 3209 0690 C109     		.short	2497
 3210 0692 370A     		.short	2615
 3211 0694 410A     		.short	2625
 3212 0696 DC09     		.short	2524
 3213 0698 C909     		.short	2505
 3214 069a 610A     		.short	2657
 3215 069c 0A0B     		.short	2826
 3216 069e 090B     		.short	2825
 3217 06a0 880A     		.short	2696
 3218 06a2 4C0A     		.short	2636
 3219 06a4 950A     		.short	2709
 3220 06a6 ED0A     		.short	2797
 3221 06a8 030B     		.short	2819
 3222 06aa 020B     		.short	2818
 3223 06ac 140B     		.short	2836
 3224 06ae 1F0B     		.short	2847
 3225 06b0 010B     		.short	2817
 3226 06b2 BE0A     		.short	2750
 3227 06b4 7C0A     		.short	2684
 3228 06b6 560A     		.short	2646
 3229 06b8 4C0A     		.short	2636
 3230 06ba 780A     		.short	2680
 3231 06bc EB0A     		.short	2795
 3232 06be 610B     		.short	2913
 3233 06c0 6C0B     		.short	2924
 3234 06c2 180B     		.short	2840
 3235 06c4 ED0A     		.short	2797
 3236 06c6 320B     		.short	2866
 3237 06c8 940B     		.short	2964
 3238 06ca AB0B     		.short	2987
 3239 06cc 8C0B     		.short	2956
 3240 06ce 910B     		.short	2961
 3241 06d0 DB0B     		.short	3035
 3242 06d2 2A0C     		.short	3114
 3243 06d4 250C     		.short	3109
 3244 06d6 D20B     		.short	3026
 3245 06d8 B10B     		.short	2993
 3246 06da 0D0C     		.short	3085
 3247 06dc 860C     		.short	3206
 3248 06de 9F0C     		.short	3231
 3249 06e0 6D0C     		.short	3181
 3250 06e2 5E0C     		.short	3166
 3251 06e4 9A0C     		.short	3226
 3252 06e6 DC0C     		.short	3292
 3253 06e8 DA0C     		.short	3290
 3254 06ea AC0C     		.short	3244
 3255 06ec 9A0C     		.short	3226
 3256 06ee B30C     		.short	3251
 3257 06f0 D30C     		.short	3283
 3258 06f2 DF0C     		.short	3295
 3259 06f4 E90C     		.short	3305
 3260 06f6 040D     		.short	3332
 3261 06f8 130D     		.short	3347
ARM GAS  /var/folders/d6/h50ndp_j7xj_7552gzkj6_s40000gn/T//ccVJeyYC.s 			page 93


 3262 06fa 030D     		.short	3331
 3263 06fc 000D     		.short	3328
 3264 06fe 2B0D     		.short	3371
 3265 0700 5D0D     		.short	3421
 3266 0702 6D0D     		.short	3437
 3267 0704 770D     		.short	3447
 3268 0706 A60D     		.short	3494
 3269 0708 D60D     		.short	3542
 3270 070a B80D     		.short	3512
 3271 070c 5A0D     		.short	3418
 3272 070e 390D     		.short	3385
 3273 0710 840D     		.short	3460
 3274 0712 C30D     		.short	3523
 3275 0714 900D     		.short	3472
 3276 0716 2D0D     		.short	3373
 3277 0718 160D     		.short	3350
 3278 071a 500D     		.short	3408
 3279 071c 750D     		.short	3445
 3280 071e 5B0D     		.short	3419
 3281 0720 570D     		.short	3415
 3282 0722 BC0D     		.short	3516
 3283 0724 490E     		.short	3657
 3284 0726 700E     		.short	3696
 3285 0728 1C0E     		.short	3612
 3286 072a D30D     		.short	3539
 3287 072c 010E     		.short	3585
 3288 072e 780E     		.short	3704
 3289 0730 B90E     		.short	3769
 3290 0732 9D0E     		.short	3741
 3291 0734 710E     		.short	3697
 3292 0736 730E     		.short	3699
 3293 0738 910E     		.short	3729
 3294 073a 910E     		.short	3729
 3295 073c 570E     		.short	3671
 3296 073e 100E     		.short	3600
 3297 0740 F60D     		.short	3574
 3298 0742 0B0E     		.short	3595
 3299 0744 2F0E     		.short	3631
 3300 0746 370E     		.short	3639
 3301 0748 FC0D     		.short	3580
 3302 074a 960D     		.short	3478
 3303 074c 570D     		.short	3415
 3304 074e 4F0D     		.short	3407
 3305 0750 3D0D     		.short	3389
 3306 0752 F90C     		.short	3321
 3307 0754 AE0C     		.short	3246
 3308 0756 910C     		.short	3217
 3309 0758 9A0C     		.short	3226
 3310 075a 870C     		.short	3207
 3311 075c 250C     		.short	3109
 3312 075e 9F0B     		.short	2975
 3313 0760 5C0B     		.short	2908
 3314 0762 730B     		.short	2931
 3315 0764 7E0B     		.short	2942
 3316 0766 310B     		.short	2865
 3317 0768 CC0A     		.short	2764
 3318 076a AB0A     		.short	2731
ARM GAS  /var/folders/d6/h50ndp_j7xj_7552gzkj6_s40000gn/T//ccVJeyYC.s 			page 94


 3319 076c B40A     		.short	2740
 3320 076e 870A     		.short	2695
 3321 0770 170A     		.short	2583
 3322 0772 B509     		.short	2485
 3323 0774 9509     		.short	2453
 3324 0776 8709     		.short	2439
 3325 0778 3C09     		.short	2364
 3326 077a B908     		.short	2233
 3327 077c 3408     		.short	2100
 3328 077e C607     		.short	1990
 3329 0780 7907     		.short	1913
 3330 0782 5C07     		.short	1884
 3331 0784 5007     		.short	1872
 3332 0786 1007     		.short	1808
 3333 0788 9A06     		.short	1690
 3334 078a 3E06     		.short	1598
 3335 078c 2A06     		.short	1578
 3336 078e 1806     		.short	1560
 3337 0790 AB05     		.short	1451
 3338 0792 0A05     		.short	1290
 3339 0794 CE04     		.short	1230
 3340 0796 2A05     		.short	1322
 3341 0798 8305     		.short	1411
 3342 079a 3205     		.short	1330
 3343 079c 7304     		.short	1139
 3344 079e 0304     		.short	1027
 3345 07a0 0904     		.short	1033
 3346 07a2 0004     		.short	1024
 3347 07a4 9D03     		.short	925
 3348 07a6 2903     		.short	809
 3349 07a8 0503     		.short	773
 3350 07aa 1A03     		.short	794
 3351 07ac F802     		.short	760
 3352 07ae 8102     		.short	641
 3353 07b0 1202     		.short	530
 3354 07b2 EC01     		.short	492
 3355 07b4 E601     		.short	486
 3356 07b6 C901     		.short	457
 3357 07b8 A201     		.short	418
 3358 07ba 9101     		.short	401
 3359 07bc 7D01     		.short	381
 3360 07be 4101     		.short	321
 3361 07c0 F100     		.short	241
 3362 07c2 BA00     		.short	186
 3363 07c4 9C00     		.short	156
 3364 07c6 7A00     		.short	122
 3365 07c8 4300     		.short	67
 3366 07ca 0E00     		.short	14
 3367 07cc 0000     		.short	0
 3368 07ce 1700     		.short	23
 3369 07d0 2E00     		.short	46
 3370 07d2 3600     		.short	54
 3371 07d4 4000     		.short	64
 3372 07d6 5900     		.short	89
 3373 07d8 6D00     		.short	109
 3374 07da 7700     		.short	119
 3375 07dc 9200     		.short	146
ARM GAS  /var/folders/d6/h50ndp_j7xj_7552gzkj6_s40000gn/T//ccVJeyYC.s 			page 95


 3376 07de CE00     		.short	206
 3377 07e0 1501     		.short	277
 3378 07e2 4B01     		.short	331
 3379 07e4 6801     		.short	360
 3380 07e6 7E01     		.short	382
 3381 07e8 AE01     		.short	430
 3382 07ea ED01     		.short	493
 3383 07ec 1202     		.short	530
 3384 07ee 1202     		.short	530
 3385 07f0 0C02     		.short	524
 3386 07f2 2102     		.short	545
 3387 07f4 4502     		.short	581
 3388 07f6 4702     		.short	583
 3389 07f8 2202     		.short	546
 3390 07fa 0F02     		.short	527
 3391 07fc 3E02     		.short	574
 3392 07fe 9E02     		.short	670
 3393              		.section	.rodata.Piano_LUT,"a"
 3394              		.align	2
 3397              	Piano_LUT:
 3398 0000 E907     		.short	2025
 3399 0002 D407     		.short	2004
 3400 0004 B807     		.short	1976
 3401 0006 9507     		.short	1941
 3402 0008 6807     		.short	1896
 3403 000a 3207     		.short	1842
 3404 000c F506     		.short	1781
 3405 000e AF06     		.short	1711
 3406 0010 6006     		.short	1632
 3407 0012 0806     		.short	1544
 3408 0014 A905     		.short	1449
 3409 0016 4505     		.short	1349
 3410 0018 DA04     		.short	1242
 3411 001a 6A04     		.short	1130
 3412 001c F703     		.short	1015
 3413 001e 8103     		.short	897
 3414 0020 0903     		.short	777
 3415 0022 9102     		.short	657
 3416 0024 1902     		.short	537
 3417 0026 AD01     		.short	429
 3418 0028 7401     		.short	372
 3419 002a 5D01     		.short	349
 3420 002c 3C01     		.short	316
 3421 002e 2401     		.short	292
 3422 0030 1B01     		.short	283
 3423 0032 1101     		.short	273
 3424 0034 1101     		.short	273
 3425 0036 1801     		.short	280
 3426 0038 2801     		.short	296
 3427 003a 3D01     		.short	317
 3428 003c 5601     		.short	342
 3429 003e 7A01     		.short	378
 3430 0040 A101     		.short	417
 3431 0042 CC01     		.short	460
 3432 0044 FC01     		.short	508
 3433 0046 3602     		.short	566
 3434 0048 7202     		.short	626
ARM GAS  /var/folders/d6/h50ndp_j7xj_7552gzkj6_s40000gn/T//ccVJeyYC.s 			page 96


 3435 004a AF02     		.short	687
 3436 004c F502     		.short	757
 3437 004e 3A03     		.short	826
 3438 0050 8303     		.short	899
 3439 0052 CF03     		.short	975
 3440 0054 1E04     		.short	1054
 3441 0056 6B04     		.short	1131
 3442 0058 B304     		.short	1203
 3443 005a 0405     		.short	1284
 3444 005c 5F05     		.short	1375
 3445 005e B405     		.short	1460
 3446 0060 FE05     		.short	1534
 3447 0062 5506     		.short	1621
 3448 0064 CF06     		.short	1743
 3449 0066 3C07     		.short	1852
 3450 0068 5C07     		.short	1884
 3451 006a 6307     		.short	1891
 3452 006c 9207     		.short	1938
 3453 006e BC07     		.short	1980
 3454 0070 F707     		.short	2039
 3455 0072 3C08     		.short	2108
 3456 0074 4F08     		.short	2127
 3457 0076 6608     		.short	2150
 3458 0078 8B08     		.short	2187
 3459 007a AF08     		.short	2223
 3460 007c CB08     		.short	2251
 3461 007e E308     		.short	2275
 3462 0080 3709     		.short	2359
 3463 0082 9309     		.short	2451
 3464 0084 BD09     		.short	2493
 3465 0086 E509     		.short	2533
 3466 0088 F409     		.short	2548
 3467 008a CD09     		.short	2509
 3468 008c B509     		.short	2485
 3469 008e D009     		.short	2512
 3470 0090 C909     		.short	2505
 3471 0092 6809     		.short	2408
 3472 0094 0609     		.short	2310
 3473 0096 E808     		.short	2280
 3474 0098 CF08     		.short	2255
 3475 009a 5908     		.short	2137
 3476 009c C707     		.short	1991
 3477 009e 5F07     		.short	1887
 3478 00a0 FE06     		.short	1790
 3479 00a2 FC06     		.short	1788
 3480 00a4 2607     		.short	1830
 3481 00a6 FF06     		.short	1791
 3482 00a8 F006     		.short	1776
 3483 00aa 2407     		.short	1828
 3484 00ac 7407     		.short	1908
 3485 00ae 8507     		.short	1925
 3486 00b0 5A07     		.short	1882
 3487 00b2 5407     		.short	1876
 3488 00b4 4C07     		.short	1868
 3489 00b6 5207     		.short	1874
 3490 00b8 5007     		.short	1872
 3491 00ba 0807     		.short	1800
ARM GAS  /var/folders/d6/h50ndp_j7xj_7552gzkj6_s40000gn/T//ccVJeyYC.s 			page 97


 3492 00bc 9206     		.short	1682
 3493 00be 3A06     		.short	1594
 3494 00c0 2506     		.short	1573
 3495 00c2 DC05     		.short	1500
 3496 00c4 4505     		.short	1349
 3497 00c6 C504     		.short	1221
 3498 00c8 A304     		.short	1187
 3499 00ca A704     		.short	1191
 3500 00cc 8A04     		.short	1162
 3501 00ce 9A04     		.short	1178
 3502 00d0 B804     		.short	1208
 3503 00d2 C704     		.short	1223
 3504 00d4 E704     		.short	1255
 3505 00d6 0B05     		.short	1291
 3506 00d8 6805     		.short	1384
 3507 00da E305     		.short	1507
 3508 00dc 3806     		.short	1592
 3509 00de 7E06     		.short	1662
 3510 00e0 B206     		.short	1714
 3511 00e2 DC06     		.short	1756
 3512 00e4 0C07     		.short	1804
 3513 00e6 3607     		.short	1846
 3514 00e8 5E07     		.short	1886
 3515 00ea 7707     		.short	1911
 3516 00ec 8107     		.short	1921
 3517 00ee 7E07     		.short	1918
 3518 00f0 8207     		.short	1922
 3519 00f2 B707     		.short	1975
 3520 00f4 F407     		.short	2036
 3521 00f6 0C08     		.short	2060
 3522 00f8 0A08     		.short	2058
 3523 00fa 0E08     		.short	2062
 3524 00fc 4608     		.short	2118
 3525 00fe BB08     		.short	2235
 3526 0100 4309     		.short	2371
 3527 0102 A509     		.short	2469
 3528 0104 F209     		.short	2546
 3529 0106 100A     		.short	2576
 3530 0108 000A     		.short	2560
 3531 010a FF09     		.short	2559
 3532 010c E909     		.short	2537
 3533 010e CE09     		.short	2510
 3534 0110 CA09     		.short	2506
 3535 0112 CE09     		.short	2510
 3536 0114 D309     		.short	2515
 3537 0116 CC09     		.short	2508
 3538 0118 C409     		.short	2500
 3539 011a B309     		.short	2483
 3540 011c B709     		.short	2487
 3541 011e CE09     		.short	2510
 3542 0120 F109     		.short	2545
 3543 0122 380A     		.short	2616
 3544 0124 820A     		.short	2690
 3545 0126 BC0A     		.short	2748
 3546 0128 D80A     		.short	2776
 3547 012a F30A     		.short	2803
 3548 012c ED0A     		.short	2797
ARM GAS  /var/folders/d6/h50ndp_j7xj_7552gzkj6_s40000gn/T//ccVJeyYC.s 			page 98


 3549 012e BA0A     		.short	2746
 3550 0130 B00A     		.short	2736
 3551 0132 AE0A     		.short	2734
 3552 0134 7E0A     		.short	2686
 3553 0136 390A     		.short	2617
 3554 0138 F909     		.short	2553
 3555 013a B609     		.short	2486
 3556 013c 6209     		.short	2402
 3557 013e FA08     		.short	2298
 3558 0140 8E08     		.short	2190
 3559 0142 3808     		.short	2104
 3560 0144 FC07     		.short	2044
 3561 0146 E407     		.short	2020
 3562 0148 DC07     		.short	2012
 3563 014a C707     		.short	1991
 3564 014c A207     		.short	1954
 3565 014e 7E07     		.short	1918
 3566 0150 6407     		.short	1892
 3567 0152 5107     		.short	1873
 3568 0154 5207     		.short	1874
 3569 0156 5707     		.short	1879
 3570 0158 4507     		.short	1861
 3571 015a 1B07     		.short	1819
 3572 015c DD06     		.short	1757
 3573 015e 9106     		.short	1681
 3574 0160 3B06     		.short	1595
 3575 0162 DC05     		.short	1500
 3576 0164 7505     		.short	1397
 3577 0166 3205     		.short	1330
 3578 0168 0805     		.short	1288
 3579 016a E504     		.short	1253
 3580 016c DD04     		.short	1245
 3581 016e E404     		.short	1252
 3582 0170 0405     		.short	1284
 3583 0172 3405     		.short	1332
 3584 0174 7205     		.short	1394
 3585 0176 AF05     		.short	1455
 3586 0178 DD05     		.short	1501
 3587 017a 0B06     		.short	1547
 3588 017c 3206     		.short	1586
 3589 017e 6C06     		.short	1644
 3590 0180 BB06     		.short	1723
 3591 0182 0607     		.short	1798
 3592 0184 2307     		.short	1827
 3593 0186 0A07     		.short	1802
 3594 0188 E006     		.short	1760
 3595 018a A106     		.short	1697
 3596 018c 6706     		.short	1639
 3597 018e 3C06     		.short	1596
 3598 0190 2606     		.short	1574
 3599 0192 2506     		.short	1573
 3600 0194 1306     		.short	1555
 3601 0196 0206     		.short	1538
 3602 0198 1406     		.short	1556
 3603 019a 5006     		.short	1616
 3604 019c AF06     		.short	1711
 3605 019e 2307     		.short	1827
ARM GAS  /var/folders/d6/h50ndp_j7xj_7552gzkj6_s40000gn/T//ccVJeyYC.s 			page 99


 3606 01a0 9B07     		.short	1947
 3607 01a2 0908     		.short	2057
 3608 01a4 7F08     		.short	2175
 3609 01a6 FD08     		.short	2301
 3610 01a8 6C09     		.short	2412
 3611 01aa B409     		.short	2484
 3612 01ac E809     		.short	2536
 3613 01ae 200A     		.short	2592
 3614 01b0 4D0A     		.short	2637
 3615 01b2 720A     		.short	2674
 3616 01b4 8F0A     		.short	2703
 3617 01b6 AA0A     		.short	2730
 3618 01b8 BD0A     		.short	2749
 3619 01ba AE0A     		.short	2734
 3620 01bc 860A     		.short	2694
 3621 01be 710A     		.short	2673
 3622 01c0 6B0A     		.short	2667
 3623 01c2 5E0A     		.short	2654
 3624 01c4 5A0A     		.short	2650
 3625 01c6 600A     		.short	2656
 3626 01c8 730A     		.short	2675
 3627 01ca 8E0A     		.short	2702
 3628 01cc B00A     		.short	2736
 3629 01ce CE0A     		.short	2766
 3630 01d0 CE0A     		.short	2766
 3631 01d2 C90A     		.short	2761
 3632 01d4 C40A     		.short	2756
 3633 01d6 C10A     		.short	2753
 3634 01d8 AE0A     		.short	2734
 3635 01da 7E0A     		.short	2686
 3636 01dc 2E0A     		.short	2606
 3637 01de D209     		.short	2514
 3638 01e0 9009     		.short	2448
 3639 01e2 4C09     		.short	2380
 3640 01e4 F808     		.short	2296
 3641 01e6 AB08     		.short	2219
 3642 01e8 7208     		.short	2162
 3643 01ea 4908     		.short	2121
 3644 01ec 2108     		.short	2081
 3645 01ee 0608     		.short	2054
 3646 01f0 EA07     		.short	2026
 3647 01f2 D107     		.short	2001
 3648 01f4 B707     		.short	1975
 3649 01f6 9307     		.short	1939
 3650 01f8 7007     		.short	1904
 3651 01fa 4707     		.short	1863
 3652 01fc 2407     		.short	1828
 3653 01fe 0707     		.short	1799
 3654 0200 E606     		.short	1766
 3655 0202 BD06     		.short	1725
 3656 0204 9006     		.short	1680
 3657 0206 5F06     		.short	1631
 3658 0208 1F06     		.short	1567
 3659 020a EF05     		.short	1519
 3660 020c C505     		.short	1477
 3661 020e 9A05     		.short	1434
 3662 0210 8105     		.short	1409
ARM GAS  /var/folders/d6/h50ndp_j7xj_7552gzkj6_s40000gn/T//ccVJeyYC.s 			page 100


 3663 0212 8305     		.short	1411
 3664 0214 9805     		.short	1432
 3665 0216 AF05     		.short	1455
 3666 0218 C505     		.short	1477
 3667 021a E205     		.short	1506
 3668 021c 0D06     		.short	1549
 3669 021e 3506     		.short	1589
 3670 0220 5506     		.short	1621
 3671 0222 7B06     		.short	1659
 3672 0224 AA06     		.short	1706
 3673 0226 DC06     		.short	1756
 3674 0228 0007     		.short	1792
 3675 022a 1C07     		.short	1820
 3676 022c 3407     		.short	1844
 3677 022e 4507     		.short	1861
 3678 0230 5507     		.short	1877
 3679 0232 6607     		.short	1894
 3680 0234 8107     		.short	1921
 3681 0236 9E07     		.short	1950
 3682 0238 C907     		.short	1993
 3683 023a FC07     		.short	2044
 3684 023c 3D08     		.short	2109
 3685 023e 9408     		.short	2196
 3686 0240 F108     		.short	2289
 3687 0242 5A09     		.short	2394
 3688 0244 D409     		.short	2516
 3689 0246 550A     		.short	2645
 3690 0248 BF0A     		.short	2751
 3691 024a 1F0B     		.short	2847
 3692 024c 840B     		.short	2948
 3693 024e D60B     		.short	3030
 3694 0250 120C     		.short	3090
 3695 0252 300C     		.short	3120
 3696 0254 420C     		.short	3138
 3697 0256 420C     		.short	3138
 3698 0258 250C     		.short	3109
 3699 025a 010C     		.short	3073
 3700 025c DC0B     		.short	3036
 3701 025e BE0B     		.short	3006
 3702 0260 9E0B     		.short	2974
 3703 0262 830B     		.short	2947
 3704 0264 6B0B     		.short	2923
 3705 0266 610B     		.short	2913
 3706 0268 6A0B     		.short	2922
 3707 026a 730B     		.short	2931
 3708 026c 830B     		.short	2947
 3709 026e 9F0B     		.short	2975
 3710 0270 C40B     		.short	3012
 3711 0272 E20B     		.short	3042
 3712 0274 F80B     		.short	3064
 3713 0276 0B0C     		.short	3083
 3714 0278 110C     		.short	3089
 3715 027a 120C     		.short	3090
 3716 027c 030C     		.short	3075
 3717 027e DC0B     		.short	3036
 3718 0280 A80B     		.short	2984
 3719 0282 770B     		.short	2935
ARM GAS  /var/folders/d6/h50ndp_j7xj_7552gzkj6_s40000gn/T//ccVJeyYC.s 			page 101


 3720 0284 460B     		.short	2886
 3721 0286 0C0B     		.short	2828
 3722 0288 C70A     		.short	2759
 3723 028a 850A     		.short	2693
 3724 028c 4F0A     		.short	2639
 3725 028e 0B0A     		.short	2571
 3726 0290 C109     		.short	2497
 3727 0292 8909     		.short	2441
 3728 0294 5C09     		.short	2396
 3729 0296 2B09     		.short	2347
 3730 0298 F408     		.short	2292
 3731 029a C108     		.short	2241
 3732 029c 8F08     		.short	2191
 3733 029e 6008     		.short	2144
 3734 02a0 2C08     		.short	2092
 3735 02a2 F207     		.short	2034
 3736 02a4 B307     		.short	1971
 3737 02a6 6C07     		.short	1900
 3738 02a8 3307     		.short	1843
 3739 02aa FE06     		.short	1790
 3740 02ac CC06     		.short	1740
 3741 02ae 9E06     		.short	1694
 3742 02b0 7306     		.short	1651
 3743 02b2 5606     		.short	1622
 3744 02b4 4306     		.short	1603
 3745 02b6 4306     		.short	1603
 3746 02b8 4B06     		.short	1611
 3747 02ba 5B06     		.short	1627
 3748 02bc 7106     		.short	1649
 3749 02be 8C06     		.short	1676
 3750 02c0 B506     		.short	1717
 3751 02c2 DC06     		.short	1756
 3752 02c4 FF06     		.short	1791
 3753 02c6 1F07     		.short	1823
 3754 02c8 3E07     		.short	1854
 3755 02ca 5807     		.short	1880
 3756 02cc 6F07     		.short	1903
 3757 02ce 9607     		.short	1942
 3758 02d0 C307     		.short	1987
 3759 02d2 EC07     		.short	2028
 3760 02d4 1208     		.short	2066
 3761 02d6 4408     		.short	2116
 3762 02d8 8108     		.short	2177
 3763 02da B808     		.short	2232
 3764 02dc FC08     		.short	2300
 3765 02de 4E09     		.short	2382
 3766 02e0 A409     		.short	2468
 3767 02e2 060A     		.short	2566
 3768 02e4 720A     		.short	2674
 3769 02e6 E20A     		.short	2786
 3770 02e8 570B     		.short	2903
 3771 02ea C10B     		.short	3009
 3772 02ec 120C     		.short	3090
 3773 02ee 5F0C     		.short	3167
 3774 02f0 B10C     		.short	3249
 3775 02f2 030D     		.short	3331
 3776 02f4 550D     		.short	3413
ARM GAS  /var/folders/d6/h50ndp_j7xj_7552gzkj6_s40000gn/T//ccVJeyYC.s 			page 102


 3777 02f6 9E0D     		.short	3486
 3778 02f8 D70D     		.short	3543
 3779 02fa 040E     		.short	3588
 3780 02fc 240E     		.short	3620
 3781 02fe 3E0E     		.short	3646
 3782 0300 610E     		.short	3681
 3783 0302 8A0E     		.short	3722
 3784 0304 B80E     		.short	3768
 3785 0306 F10E     		.short	3825
 3786 0308 350F     		.short	3893
 3787 030a 760F     		.short	3958
 3788 030c A20F     		.short	4002
 3789 030e C10F     		.short	4033
 3790 0310 DB0F     		.short	4059
 3791 0312 F40F     		.short	4084
 3792 0314 FF0F     		.short	4095
 3793 0316 ED0F     		.short	4077
 3794 0318 D60F     		.short	4054
 3795 031a BA0F     		.short	4026
 3796 031c 960F     		.short	3990
 3797 031e 660F     		.short	3942
 3798 0320 270F     		.short	3879
 3799 0322 D90E     		.short	3801
 3800 0324 760E     		.short	3702
 3801 0326 040E     		.short	3588
 3802 0328 8A0D     		.short	3466
 3803 032a 1B0D     		.short	3355
 3804 032c AE0C     		.short	3246
 3805 032e 350C     		.short	3125
 3806 0330 B80B     		.short	3000
 3807 0332 380B     		.short	2872
 3808 0334 C40A     		.short	2756
 3809 0336 5C0A     		.short	2652
 3810 0338 F909     		.short	2553
 3811 033a 9B09     		.short	2459
 3812 033c 3B09     		.short	2363
 3813 033e E908     		.short	2281
 3814 0340 9C08     		.short	2204
 3815 0342 4C08     		.short	2124
 3816 0344 FD07     		.short	2045
 3817 0346 AF07     		.short	1967
 3818 0348 5307     		.short	1875
 3819 034a E906     		.short	1769
 3820 034c 8806     		.short	1672
 3821 034e 2706     		.short	1575
 3822 0350 C705     		.short	1479
 3823 0352 6805     		.short	1384
 3824 0354 0305     		.short	1283
 3825 0356 A204     		.short	1186
 3826 0358 4804     		.short	1096
 3827 035a F103     		.short	1009
 3828 035c 9B03     		.short	923
 3829 035e 4B03     		.short	843
 3830 0360 0003     		.short	768
 3831 0362 B802     		.short	696
 3832 0364 7F02     		.short	639
 3833 0366 5202     		.short	594
ARM GAS  /var/folders/d6/h50ndp_j7xj_7552gzkj6_s40000gn/T//ccVJeyYC.s 			page 103


 3834 0368 2402     		.short	548
 3835 036a F501     		.short	501
 3836 036c CC01     		.short	460
 3837 036e AA01     		.short	426
 3838 0370 8E01     		.short	398
 3839 0372 7201     		.short	370
 3840 0374 5C01     		.short	348
 3841 0376 4E01     		.short	334
 3842 0378 4201     		.short	322
 3843 037a 3901     		.short	313
 3844 037c 3401     		.short	308
 3845 037e 3A01     		.short	314
 3846 0380 4901     		.short	329
 3847 0382 5601     		.short	342
 3848 0384 6001     		.short	352
 3849 0386 7501     		.short	373
 3850 0388 A101     		.short	417
 3851 038a DD01     		.short	477
 3852 038c 2602     		.short	550
 3853 038e 6C02     		.short	620
 3854 0390 A902     		.short	681
 3855 0392 E502     		.short	741
 3856 0394 1D03     		.short	797
 3857 0396 5703     		.short	855
 3858 0398 8F03     		.short	911
 3859 039a CB03     		.short	971
 3860 039c 0D04     		.short	1037
 3861 039e 5104     		.short	1105
 3862 03a0 9A04     		.short	1178
 3863 03a2 E304     		.short	1251
 3864 03a4 2905     		.short	1321
 3865 03a6 6605     		.short	1382
 3866 03a8 A605     		.short	1446
 3867 03aa F005     		.short	1520
 3868 03ac 3F06     		.short	1599
 3869 03ae 8F06     		.short	1679
 3870 03b0 DB06     		.short	1755
 3871 03b2 2A07     		.short	1834
 3872 03b4 7007     		.short	1904
 3873 03b6 A707     		.short	1959
 3874 03b8 E107     		.short	2017
 3875 03ba 1B08     		.short	2075
 3876 03bc 4808     		.short	2120
 3877 03be 6808     		.short	2152
 3878 03c0 8A08     		.short	2186
 3879 03c2 B008     		.short	2224
 3880 03c4 CA08     		.short	2250
 3881 03c6 D808     		.short	2264
 3882 03c8 E408     		.short	2276
 3883 03ca EE08     		.short	2286
 3884 03cc F508     		.short	2293
 3885 03ce F608     		.short	2294
 3886 03d0 F608     		.short	2294
 3887 03d2 FE08     		.short	2302
 3888 03d4 0B09     		.short	2315
 3889 03d6 0F09     		.short	2319
 3890 03d8 0A09     		.short	2314
ARM GAS  /var/folders/d6/h50ndp_j7xj_7552gzkj6_s40000gn/T//ccVJeyYC.s 			page 104


 3891 03da 0209     		.short	2306
 3892 03dc FB08     		.short	2299
 3893 03de F408     		.short	2292
 3894 03e0 E708     		.short	2279
 3895 03e2 D308     		.short	2259
 3896 03e4 B708     		.short	2231
 3897 03e6 9208     		.short	2194
 3898 03e8 6D08     		.short	2157
 3899 03ea 4308     		.short	2115
 3900 03ec 0F08     		.short	2063
 3901 03ee D007     		.short	2000
 3902 03f0 8907     		.short	1929
 3903 03f2 4407     		.short	1860
 3904 03f4 0407     		.short	1796
 3905 03f6 C706     		.short	1735
 3906 03f8 8C06     		.short	1676
 3907 03fa 5306     		.short	1619
 3908 03fc 1C06     		.short	1564
 3909 03fe EC05     		.short	1516
 3910 0400 C405     		.short	1476
 3911 0402 9D05     		.short	1437
 3912 0404 7705     		.short	1399
 3913 0406 5605     		.short	1366
 3914 0408 4205     		.short	1346
 3915 040a 3B05     		.short	1339
 3916 040c 3405     		.short	1332
 3917 040e 2F05     		.short	1327
 3918 0410 2D05     		.short	1325
 3919 0412 2A05     		.short	1322
 3920 0414 2705     		.short	1319
 3921 0416 2705     		.short	1319
 3922 0418 3205     		.short	1330
 3923 041a 4705     		.short	1351
 3924 041c 5C05     		.short	1372
 3925 041e 7105     		.short	1393
 3926 0420 8B05     		.short	1419
 3927 0422 A805     		.short	1448
 3928 0424 C205     		.short	1474
 3929 0426 D805     		.short	1496
 3930 0428 F005     		.short	1520
 3931 042a 0B06     		.short	1547
 3932 042c 2D06     		.short	1581
 3933 042e 5706     		.short	1623
 3934 0430 8206     		.short	1666
 3935 0432 AF06     		.short	1711
 3936 0434 DA06     		.short	1754
 3937 0436 0107     		.short	1793
 3938 0438 2607     		.short	1830
 3939 043a 4C07     		.short	1868
 3940 043c 6D07     		.short	1901
 3941 043e 8A07     		.short	1930
 3942 0440 AA07     		.short	1962
 3943 0442 CD07     		.short	1997
 3944 0444 F307     		.short	2035
 3945 0446 1D08     		.short	2077
 3946 0448 4A08     		.short	2122
 3947 044a 7B08     		.short	2171
ARM GAS  /var/folders/d6/h50ndp_j7xj_7552gzkj6_s40000gn/T//ccVJeyYC.s 			page 105


 3948 044c A808     		.short	2216
 3949 044e CE08     		.short	2254
 3950 0450 EF08     		.short	2287
 3951 0452 0909     		.short	2313
 3952 0454 2009     		.short	2336
 3953 0456 3909     		.short	2361
 3954 0458 5609     		.short	2390
 3955 045a 7309     		.short	2419
 3956 045c 9109     		.short	2449
 3957 045e AB09     		.short	2475
 3958 0460 BD09     		.short	2493
 3959 0462 C609     		.short	2502
 3960 0464 CA09     		.short	2506
 3961 0466 CF09     		.short	2511
 3962 0468 D409     		.short	2516
 3963 046a D709     		.short	2519
 3964 046c D309     		.short	2515
 3965 046e CB09     		.short	2507
 3966 0470 C309     		.short	2499
 3967 0472 B509     		.short	2485
 3968 0474 A009     		.short	2464
 3969 0476 8909     		.short	2441
 3970 0478 7409     		.short	2420
 3971 047a 5B09     		.short	2395
 3972 047c 4009     		.short	2368
 3973 047e 2909     		.short	2345
 3974 0480 1009     		.short	2320
 3975 0482 F108     		.short	2289
 3976 0484 CB08     		.short	2251
 3977 0486 A408     		.short	2212
 3978 0488 7E08     		.short	2174
 3979 048a 5908     		.short	2137
 3980 048c 3408     		.short	2100
 3981 048e 1008     		.short	2064
 3982 0490 EC07     		.short	2028
 3983 0492 C407     		.short	1988
 3984 0494 9C07     		.short	1948
 3985 0496 7407     		.short	1908
 3986 0498 4707     		.short	1863
 3987 049a 1A07     		.short	1818
 3988 049c F006     		.short	1776
 3989 049e CD06     		.short	1741
 3990 04a0 B006     		.short	1712
 3991 04a2 9406     		.short	1684
 3992 04a4 7906     		.short	1657
 3993 04a6 6006     		.short	1632
 3994 04a8 4A06     		.short	1610
 3995 04aa 3406     		.short	1588
 3996 04ac 1D06     		.short	1565
 3997 04ae 0D06     		.short	1549
 3998 04b0 0406     		.short	1540
 3999 04b2 FB05     		.short	1531
 4000 04b4 ED05     		.short	1517
 4001 04b6 DD05     		.short	1501
 4002 04b8 CF05     		.short	1487
 4003 04ba C705     		.short	1479
 4004 04bc C605     		.short	1478
ARM GAS  /var/folders/d6/h50ndp_j7xj_7552gzkj6_s40000gn/T//ccVJeyYC.s 			page 106


 4005 04be C405     		.short	1476
 4006 04c0 BE05     		.short	1470
 4007 04c2 B605     		.short	1462
 4008 04c4 B605     		.short	1462
 4009 04c6 BE05     		.short	1470
 4010 04c8 CD05     		.short	1485
 4011 04ca DC05     		.short	1500
 4012 04cc EB05     		.short	1515
 4013 04ce FA05     		.short	1530
 4014 04d0 0C06     		.short	1548
 4015 04d2 2506     		.short	1573
 4016 04d4 4606     		.short	1606
 4017 04d6 6D06     		.short	1645
 4018 04d8 9C06     		.short	1692
 4019 04da D206     		.short	1746
 4020 04dc 0E07     		.short	1806
 4021 04de 4E07     		.short	1870
 4022 04e0 8E07     		.short	1934
 4023 04e2 C907     		.short	1993
 4024 04e4 0208     		.short	2050
 4025 04e6 3C08     		.short	2108
 4026 04e8 7608     		.short	2166
 4027 04ea B108     		.short	2225
 4028 04ec ED08     		.short	2285
 4029 04ee 2909     		.short	2345
 4030 04f0 6309     		.short	2403
 4031 04f2 9C09     		.short	2460
 4032 04f4 D109     		.short	2513
 4033 04f6 020A     		.short	2562
 4034 04f8 2D0A     		.short	2605
 4035 04fa 560A     		.short	2646
 4036 04fc 7B0A     		.short	2683
 4037 04fe 9F0A     		.short	2719
 4038 0500 C00A     		.short	2752
 4039 0502 E00A     		.short	2784
 4040 0504 FC0A     		.short	2812
 4041 0506 110B     		.short	2833
 4042 0508 1E0B     		.short	2846
 4043 050a 270B     		.short	2855
 4044 050c 2D0B     		.short	2861
 4045 050e 2D0B     		.short	2861
 4046 0510 280B     		.short	2856
 4047 0512 1F0B     		.short	2847
 4048 0514 120B     		.short	2834
 4049 0516 010B     		.short	2817
 4050 0518 EE0A     		.short	2798
 4051 051a D80A     		.short	2776
 4052 051c BF0A     		.short	2751
 4053 051e A20A     		.short	2722
 4054 0520 7F0A     		.short	2687
 4055 0522 590A     		.short	2649
 4056 0524 320A     		.short	2610
 4057 0526 090A     		.short	2569
 4058 0528 DE09     		.short	2526
 4059 052a B609     		.short	2486
 4060 052c 9009     		.short	2448
 4061 052e 6709     		.short	2407
ARM GAS  /var/folders/d6/h50ndp_j7xj_7552gzkj6_s40000gn/T//ccVJeyYC.s 			page 107


 4062 0530 3709     		.short	2359
 4063 0532 0309     		.short	2307
 4064 0534 CC08     		.short	2252
 4065 0536 9608     		.short	2198
 4066 0538 6108     		.short	2145
 4067 053a 2D08     		.short	2093
 4068 053c F807     		.short	2040
 4069 053e C407     		.short	1988
 4070 0540 9307     		.short	1939
 4071 0542 6307     		.short	1891
 4072 0544 3507     		.short	1845
 4073 0546 0607     		.short	1798
 4074 0548 DC06     		.short	1756
 4075 054a B706     		.short	1719
 4076 054c 9406     		.short	1684
 4077 054e 7106     		.short	1649
 4078 0550 4D06     		.short	1613
 4079 0552 2E06     		.short	1582
 4080 0554 1406     		.short	1556
 4081 0556 0006     		.short	1536
 4082 0558 EF05     		.short	1519
 4083 055a E405     		.short	1508
 4084 055c E005     		.short	1504
 4085 055e E305     		.short	1507
 4086 0560 EA05     		.short	1514
 4087 0562 F405     		.short	1524
 4088 0564 0006     		.short	1536
 4089 0566 0C06     		.short	1548
 4090 0568 1D06     		.short	1565
 4091 056a 3406     		.short	1588
 4092 056c 4F06     		.short	1615
 4093 056e 6E06     		.short	1646
 4094 0570 8F06     		.short	1679
 4095 0572 B306     		.short	1715
 4096 0574 DA06     		.short	1754
 4097 0576 0307     		.short	1795
 4098 0578 2B07     		.short	1835
 4099 057a 5207     		.short	1874
 4100 057c 7A07     		.short	1914
 4101 057e A507     		.short	1957
 4102 0580 D507     		.short	2005
 4103 0582 0908     		.short	2057
 4104 0584 3D08     		.short	2109
 4105 0586 6E08     		.short	2158
 4106 0588 9E08     		.short	2206
 4107 058a CB08     		.short	2251
 4108 058c F608     		.short	2294
 4109 058e 1D09     		.short	2333
 4110 0590 4209     		.short	2370
 4111 0592 6809     		.short	2408
 4112 0594 9009     		.short	2448
 4113 0596 BA09     		.short	2490
 4114 0598 E609     		.short	2534
 4115 059a 110A     		.short	2577
 4116 059c 3A0A     		.short	2618
 4117 059e 600A     		.short	2656
 4118 05a0 820A     		.short	2690
ARM GAS  /var/folders/d6/h50ndp_j7xj_7552gzkj6_s40000gn/T//ccVJeyYC.s 			page 108


 4119 05a2 A40A     		.short	2724
 4120 05a4 C50A     		.short	2757
 4121 05a6 E50A     		.short	2789
 4122 05a8 010B     		.short	2817
 4123 05aa 1D0B     		.short	2845
 4124 05ac 380B     		.short	2872
 4125 05ae 510B     		.short	2897
 4126 05b0 660B     		.short	2918
 4127 05b2 750B     		.short	2933
 4128 05b4 7E0B     		.short	2942
 4129 05b6 840B     		.short	2948
 4130 05b8 870B     		.short	2951
 4131 05ba 8B0B     		.short	2955
 4132 05bc 8D0B     		.short	2957
 4133 05be 8A0B     		.short	2954
 4134 05c0 810B     		.short	2945
 4135 05c2 6F0B     		.short	2927
 4136 05c4 580B     		.short	2904
 4137 05c6 3E0B     		.short	2878
 4138 05c8 220B     		.short	2850
 4139 05ca FF0A     		.short	2815
 4140 05cc D60A     		.short	2774
 4141 05ce AB0A     		.short	2731
 4142 05d0 820A     		.short	2690
 4143 05d2 5B0A     		.short	2651
 4144 05d4 340A     		.short	2612
 4145 05d6 090A     		.short	2569
 4146 05d8 D909     		.short	2521
 4147 05da A709     		.short	2471
 4148 05dc 7209     		.short	2418
 4149 05de 3C09     		.short	2364
 4150 05e0 0609     		.short	2310
 4151 05e2 D008     		.short	2256
 4152 05e4 9A08     		.short	2202
 4153 05e6 6308     		.short	2147
 4154 05e8 2B08     		.short	2091
 4155 05ea F507     		.short	2037
 4156 05ec C507     		.short	1989
 4157 05ee 9B07     		.short	1947
 4158 05f0 7407     		.short	1908
 4159 05f2 4F07     		.short	1871
 4160 05f4 2C07     		.short	1836
 4161 05f6 0C07     		.short	1804
 4162 05f8 EE06     		.short	1774
 4163 05fa CF06     		.short	1743
 4164 05fc B206     		.short	1714
 4165 05fe 9906     		.short	1689
 4166 0600 8906     		.short	1673
 4167 0602 8106     		.short	1665
 4168 0604 8106     		.short	1665
 4169 0606 8506     		.short	1669
 4170 0608 8D06     		.short	1677
 4171 060a 9906     		.short	1689
 4172 060c AB06     		.short	1707
 4173 060e C306     		.short	1731
 4174 0610 DF06     		.short	1759
 4175 0612 FF06     		.short	1791
ARM GAS  /var/folders/d6/h50ndp_j7xj_7552gzkj6_s40000gn/T//ccVJeyYC.s 			page 109


 4176 0614 2407     		.short	1828
 4177 0616 5007     		.short	1872
 4178 0618 8107     		.short	1921
 4179 061a B807     		.short	1976
 4180 061c F207     		.short	2034
 4181 061e 2E08     		.short	2094
 4182 0620 6A08     		.short	2154
 4183 0622 A608     		.short	2214
 4184 0624 E408     		.short	2276
 4185 0626 2709     		.short	2343
 4186 0628 7009     		.short	2416
 4187 062a BC09     		.short	2492
 4188 062c 0A0A     		.short	2570
 4189 062e 590A     		.short	2649
 4190 0630 A80A     		.short	2728
 4191 0632 F60A     		.short	2806
 4192 0634 430B     		.short	2883
 4193 0636 910B     		.short	2961
 4194 0638 E00B     		.short	3040
 4195 063a 2F0C     		.short	3119
 4196 063c 7D0C     		.short	3197
 4197 063e C90C     		.short	3273
 4198 0640 140D     		.short	3348
 4199 0642 5D0D     		.short	3421
 4200 0644 A20D     		.short	3490
 4201 0646 E20D     		.short	3554
 4202 0648 1B0E     		.short	3611
 4203 064a 4D0E     		.short	3661
 4204 064c 780E     		.short	3704
 4205 064e 9D0E     		.short	3741
 4206 0650 C00E     		.short	3776
 4207 0652 E10E     		.short	3809
 4208 0654 000F     		.short	3840
 4209 0656 190F     		.short	3865
 4210 0658 2B0F     		.short	3883
 4211 065a 330F     		.short	3891
 4212 065c 330F     		.short	3891
 4213 065e 2C0F     		.short	3884
 4214 0660 1F0F     		.short	3871
 4215 0662 0B0F     		.short	3851
 4216 0664 F10E     		.short	3825
 4217 0666 D20E     		.short	3794
 4218 0668 AD0E     		.short	3757
 4219 066a 850E     		.short	3717
 4220 066c 590E     		.short	3673
 4221 066e 290E     		.short	3625
 4222 0670 F50D     		.short	3573
 4223 0672 BE0D     		.short	3518
 4224 0674 820D     		.short	3458
 4225 0676 410D     		.short	3393
 4226 0678 FB0C     		.short	3323
 4227 067a AF0C     		.short	3247
 4228 067c 5F0C     		.short	3167
 4229 067e 0E0C     		.short	3086
 4230 0680 BA0B     		.short	3002
 4231 0682 650B     		.short	2917
 4232 0684 0D0B     		.short	2829
ARM GAS  /var/folders/d6/h50ndp_j7xj_7552gzkj6_s40000gn/T//ccVJeyYC.s 			page 110


 4233 0686 B40A     		.short	2740
 4234 0688 580A     		.short	2648
 4235 068a FB09     		.short	2555
 4236 068c 9B09     		.short	2459
 4237 068e 3809     		.short	2360
 4238 0690 D608     		.short	2262
 4239 0692 7408     		.short	2164
 4240 0694 1208     		.short	2066
 4241 0696 B007     		.short	1968
 4242 0698 4F07     		.short	1871
 4243 069a F106     		.short	1777
 4244 069c 9606     		.short	1686
 4245 069e 3A06     		.short	1594
 4246 06a0 DE05     		.short	1502
 4247 06a2 8305     		.short	1411
 4248 06a4 2D05     		.short	1325
 4249 06a6 DC04     		.short	1244
 4250 06a8 9004     		.short	1168
 4251 06aa 4804     		.short	1096
 4252 06ac 0204     		.short	1026
 4253 06ae C103     		.short	961
 4254 06b0 8503     		.short	901
 4255 06b2 4C03     		.short	844
 4256 06b4 1403     		.short	788
 4257 06b6 DF02     		.short	735
 4258 06b8 AE02     		.short	686
 4259 06ba 8402     		.short	644
 4260 06bc 6102     		.short	609
 4261 06be 4602     		.short	582
 4262 06c0 3202     		.short	562
 4263 06c2 2402     		.short	548
 4264 06c4 1A02     		.short	538
 4265 06c6 1402     		.short	532
 4266 06c8 1102     		.short	529
 4267 06ca 1302     		.short	531
 4268 06cc 1902     		.short	537
 4269 06ce 2202     		.short	546
 4270 06d0 3002     		.short	560
 4271 06d2 4402     		.short	580
 4272 06d4 5F02     		.short	607
 4273 06d6 8102     		.short	641
 4274 06d8 A702     		.short	679
 4275 06da CF02     		.short	719
 4276 06dc F802     		.short	760
 4277 06de 2303     		.short	803
 4278 06e0 4E03     		.short	846
 4279 06e2 7D03     		.short	893
 4280 06e4 B103     		.short	945
 4281 06e6 E803     		.short	1000
 4282 06e8 2204     		.short	1058
 4283 06ea 5D04     		.short	1117
 4284 06ec 9704     		.short	1175
 4285 06ee D204     		.short	1234
 4286 06f0 0C05     		.short	1292
 4287 06f2 4605     		.short	1350
 4288 06f4 7F05     		.short	1407
 4289 06f6 B905     		.short	1465
ARM GAS  /var/folders/d6/h50ndp_j7xj_7552gzkj6_s40000gn/T//ccVJeyYC.s 			page 111


 4290 06f8 F205     		.short	1522
 4291 06fa 2B06     		.short	1579
 4292 06fc 5F06     		.short	1631
 4293 06fe 8E06     		.short	1678
 4294 0700 BA06     		.short	1722
 4295 0702 E306     		.short	1763
 4296 0704 0A07     		.short	1802
 4297 0706 2C07     		.short	1836
 4298 0708 4B07     		.short	1867
 4299 070a 6407     		.short	1892
 4300 070c 7A07     		.short	1914
 4301 070e 8D07     		.short	1933
 4302 0710 9E07     		.short	1950
 4303 0712 AD07     		.short	1965
 4304 0714 BA07     		.short	1978
 4305 0716 C607     		.short	1990
 4306 0718 CE07     		.short	1998
 4307 071a D107     		.short	2001
 4308 071c D007     		.short	2000
 4309 071e CA07     		.short	1994
 4310 0720 C107     		.short	1985
 4311 0722 B307     		.short	1971
 4312 0724 A007     		.short	1952
 4313 0726 8A07     		.short	1930
 4314 0728 7307     		.short	1907
 4315 072a 5C07     		.short	1884
 4316 072c 4507     		.short	1861
 4317 072e 2D07     		.short	1837
 4318 0730 1307     		.short	1811
 4319 0732 F506     		.short	1781
 4320 0734 D506     		.short	1749
 4321 0736 B306     		.short	1715
 4322 0738 8E06     		.short	1678
 4323 073a 6A06     		.short	1642
 4324 073c 4706     		.short	1607
 4325 073e 2806     		.short	1576
 4326 0740 0A06     		.short	1546
 4327 0742 EF05     		.short	1519
 4328 0744 D405     		.short	1492
 4329 0746 BC05     		.short	1468
 4330 0748 A505     		.short	1445
 4331 074a 9005     		.short	1424
 4332 074c 7B05     		.short	1403
 4333 074e 6805     		.short	1384
 4334 0750 5905     		.short	1369
 4335 0752 4E05     		.short	1358
 4336 0754 4905     		.short	1353
 4337 0756 4805     		.short	1352
 4338 0758 4B05     		.short	1355
 4339 075a 4E05     		.short	1358
 4340 075c 5305     		.short	1363
 4341 075e 5805     		.short	1368
 4342 0760 5E05     		.short	1374
 4343 0762 6605     		.short	1382
 4344 0764 7105     		.short	1393
 4345 0766 7F05     		.short	1407
 4346 0768 9105     		.short	1425
ARM GAS  /var/folders/d6/h50ndp_j7xj_7552gzkj6_s40000gn/T//ccVJeyYC.s 			page 112


 4347 076a A505     		.short	1445
 4348 076c BD05     		.short	1469
 4349 076e D505     		.short	1493
 4350 0770 EF05     		.short	1519
 4351 0772 0906     		.short	1545
 4352 0774 2506     		.short	1573
 4353 0776 4406     		.short	1604
 4354 0778 6706     		.short	1639
 4355 077a 8D06     		.short	1677
 4356 077c B406     		.short	1716
 4357 077e DD06     		.short	1757
 4358 0780 0607     		.short	1798
 4359 0782 2F07     		.short	1839
 4360 0784 5707     		.short	1879
 4361 0786 8007     		.short	1920
 4362 0788 A807     		.short	1960
 4363 078a CF07     		.short	1999
 4364 078c F607     		.short	2038
 4365 078e 1E08     		.short	2078
 4366 0790 4708     		.short	2119
 4367 0792 7108     		.short	2161
 4368 0794 9A08     		.short	2202
 4369 0796 C008     		.short	2240
 4370 0798 E308     		.short	2275
 4371 079a 0309     		.short	2307
 4372 079c 2109     		.short	2337
 4373 079e 3E09     		.short	2366
 4374 07a0 5809     		.short	2392
 4375 07a2 7009     		.short	2416
 4376 07a4 8509     		.short	2437
 4377 07a6 9A09     		.short	2458
 4378 07a8 AD09     		.short	2477
 4379 07aa BE09     		.short	2494
 4380 07ac CA09     		.short	2506
 4381 07ae D309     		.short	2515
 4382 07b0 D709     		.short	2519
 4383 07b2 D909     		.short	2521
 4384 07b4 D609     		.short	2518
 4385 07b6 CF09     		.short	2511
 4386 07b8 C509     		.short	2501
 4387 07ba B809     		.short	2488
 4388 07bc A809     		.short	2472
 4389 07be 9609     		.short	2454
 4390 07c0 8109     		.short	2433
 4391 07c2 6B09     		.short	2411
 4392 07c4 5209     		.short	2386
 4393 07c6 3809     		.short	2360
 4394 07c8 1909     		.short	2329
 4395 07ca F708     		.short	2295
 4396 07cc D208     		.short	2258
 4397 07ce AB08     		.short	2219
 4398 07d0 8208     		.short	2178
 4399 07d2 5908     		.short	2137
 4400 07d4 3108     		.short	2097
 4401 07d6 0908     		.short	2057
 4402 07d8 E007     		.short	2016
 4403 07da B707     		.short	1975
ARM GAS  /var/folders/d6/h50ndp_j7xj_7552gzkj6_s40000gn/T//ccVJeyYC.s 			page 113


 4404 07dc 8A07     		.short	1930
 4405 07de 5B07     		.short	1883
 4406 07e0 2C07     		.short	1836
 4407 07e2 FE06     		.short	1790
 4408 07e4 D106     		.short	1745
 4409 07e6 A606     		.short	1702
 4410 07e8 7E06     		.short	1662
 4411 07ea 5806     		.short	1624
 4412 07ec 3606     		.short	1590
 4413 07ee 1506     		.short	1557
 4414 07f0 F505     		.short	1525
 4415 07f2 D605     		.short	1494
 4416 07f4 B805     		.short	1464
 4417 07f6 9B05     		.short	1435
 4418 07f8 8205     		.short	1410
 4419 07fa 6D05     		.short	1389
 4420 07fc 5E05     		.short	1374
 4421 07fe 5305     		.short	1363
 4422              		.section	.rodata.Saw_LUT,"a"
 4423              		.align	2
 4426              	Saw_LUT:
 4427 0000 0000     		.short	0
 4428 0002 0700     		.short	7
 4429 0004 0F00     		.short	15
 4430 0006 1700     		.short	23
 4431 0008 1F00     		.short	31
 4432 000a 2700     		.short	39
 4433 000c 2F00     		.short	47
 4434 000e 3700     		.short	55
 4435 0010 3F00     		.short	63
 4436 0012 4700     		.short	71
 4437 0014 4F00     		.short	79
 4438 0016 5700     		.short	87
 4439 0018 5F00     		.short	95
 4440 001a 6700     		.short	103
 4441 001c 6F00     		.short	111
 4442 001e 7700     		.short	119
 4443 0020 7F00     		.short	127
 4444 0022 8700     		.short	135
 4445 0024 8F00     		.short	143
 4446 0026 9700     		.short	151
 4447 0028 9F00     		.short	159
 4448 002a A700     		.short	167
 4449 002c AF00     		.short	175
 4450 002e B700     		.short	183
 4451 0030 BF00     		.short	191
 4452 0032 C700     		.short	199
 4453 0034 CF00     		.short	207
 4454 0036 D700     		.short	215
 4455 0038 DF00     		.short	223
 4456 003a E700     		.short	231
 4457 003c EF00     		.short	239
 4458 003e F700     		.short	247
 4459 0040 FF00     		.short	255
 4460 0042 0701     		.short	263
 4461 0044 0F01     		.short	271
 4462 0046 1701     		.short	279
ARM GAS  /var/folders/d6/h50ndp_j7xj_7552gzkj6_s40000gn/T//ccVJeyYC.s 			page 114


 4463 0048 1F01     		.short	287
 4464 004a 2701     		.short	295
 4465 004c 2F01     		.short	303
 4466 004e 3701     		.short	311
 4467 0050 3F01     		.short	319
 4468 0052 4701     		.short	327
 4469 0054 4F01     		.short	335
 4470 0056 5701     		.short	343
 4471 0058 5F01     		.short	351
 4472 005a 6701     		.short	359
 4473 005c 6F01     		.short	367
 4474 005e 7701     		.short	375
 4475 0060 7F01     		.short	383
 4476 0062 8701     		.short	391
 4477 0064 8F01     		.short	399
 4478 0066 9701     		.short	407
 4479 0068 9F01     		.short	415
 4480 006a A701     		.short	423
 4481 006c AF01     		.short	431
 4482 006e B701     		.short	439
 4483 0070 BF01     		.short	447
 4484 0072 C701     		.short	455
 4485 0074 CF01     		.short	463
 4486 0076 D701     		.short	471
 4487 0078 DF01     		.short	479
 4488 007a E701     		.short	487
 4489 007c EF01     		.short	495
 4490 007e F701     		.short	503
 4491 0080 FF01     		.short	511
 4492 0082 0702     		.short	519
 4493 0084 0F02     		.short	527
 4494 0086 1702     		.short	535
 4495 0088 1F02     		.short	543
 4496 008a 2702     		.short	551
 4497 008c 2F02     		.short	559
 4498 008e 3702     		.short	567
 4499 0090 3F02     		.short	575
 4500 0092 4702     		.short	583
 4501 0094 4F02     		.short	591
 4502 0096 5702     		.short	599
 4503 0098 5F02     		.short	607
 4504 009a 6702     		.short	615
 4505 009c 6F02     		.short	623
 4506 009e 7702     		.short	631
 4507 00a0 7F02     		.short	639
 4508 00a2 8702     		.short	647
 4509 00a4 8F02     		.short	655
 4510 00a6 9702     		.short	663
 4511 00a8 9F02     		.short	671
 4512 00aa A702     		.short	679
 4513 00ac AF02     		.short	687
 4514 00ae B702     		.short	695
 4515 00b0 BF02     		.short	703
 4516 00b2 C702     		.short	711
 4517 00b4 CF02     		.short	719
 4518 00b6 D702     		.short	727
 4519 00b8 DF02     		.short	735
ARM GAS  /var/folders/d6/h50ndp_j7xj_7552gzkj6_s40000gn/T//ccVJeyYC.s 			page 115


 4520 00ba E702     		.short	743
 4521 00bc EF02     		.short	751
 4522 00be F702     		.short	759
 4523 00c0 FF02     		.short	767
 4524 00c2 0703     		.short	775
 4525 00c4 0F03     		.short	783
 4526 00c6 1703     		.short	791
 4527 00c8 1F03     		.short	799
 4528 00ca 2703     		.short	807
 4529 00cc 2F03     		.short	815
 4530 00ce 3703     		.short	823
 4531 00d0 3F03     		.short	831
 4532 00d2 4703     		.short	839
 4533 00d4 4F03     		.short	847
 4534 00d6 5703     		.short	855
 4535 00d8 5F03     		.short	863
 4536 00da 6703     		.short	871
 4537 00dc 6F03     		.short	879
 4538 00de 7703     		.short	887
 4539 00e0 7F03     		.short	895
 4540 00e2 8703     		.short	903
 4541 00e4 8F03     		.short	911
 4542 00e6 9703     		.short	919
 4543 00e8 9F03     		.short	927
 4544 00ea A703     		.short	935
 4545 00ec AF03     		.short	943
 4546 00ee B703     		.short	951
 4547 00f0 BF03     		.short	959
 4548 00f2 C703     		.short	967
 4549 00f4 CF03     		.short	975
 4550 00f6 D703     		.short	983
 4551 00f8 DF03     		.short	991
 4552 00fa E703     		.short	999
 4553 00fc EF03     		.short	1007
 4554 00fe F703     		.short	1015
 4555 0100 FF03     		.short	1023
 4556 0102 0704     		.short	1031
 4557 0104 0F04     		.short	1039
 4558 0106 1704     		.short	1047
 4559 0108 1F04     		.short	1055
 4560 010a 2704     		.short	1063
 4561 010c 2F04     		.short	1071
 4562 010e 3704     		.short	1079
 4563 0110 3F04     		.short	1087
 4564 0112 4704     		.short	1095
 4565 0114 4F04     		.short	1103
 4566 0116 5704     		.short	1111
 4567 0118 5F04     		.short	1119
 4568 011a 6704     		.short	1127
 4569 011c 6F04     		.short	1135
 4570 011e 7704     		.short	1143
 4571 0120 7F04     		.short	1151
 4572 0122 8704     		.short	1159
 4573 0124 8F04     		.short	1167
 4574 0126 9704     		.short	1175
 4575 0128 9F04     		.short	1183
 4576 012a A704     		.short	1191
ARM GAS  /var/folders/d6/h50ndp_j7xj_7552gzkj6_s40000gn/T//ccVJeyYC.s 			page 116


 4577 012c AF04     		.short	1199
 4578 012e B704     		.short	1207
 4579 0130 BF04     		.short	1215
 4580 0132 C704     		.short	1223
 4581 0134 CF04     		.short	1231
 4582 0136 D704     		.short	1239
 4583 0138 DF04     		.short	1247
 4584 013a E704     		.short	1255
 4585 013c EF04     		.short	1263
 4586 013e F704     		.short	1271
 4587 0140 FF04     		.short	1279
 4588 0142 0705     		.short	1287
 4589 0144 0F05     		.short	1295
 4590 0146 1705     		.short	1303
 4591 0148 1F05     		.short	1311
 4592 014a 2705     		.short	1319
 4593 014c 2F05     		.short	1327
 4594 014e 3705     		.short	1335
 4595 0150 3F05     		.short	1343
 4596 0152 4705     		.short	1351
 4597 0154 4F05     		.short	1359
 4598 0156 5705     		.short	1367
 4599 0158 5F05     		.short	1375
 4600 015a 6705     		.short	1383
 4601 015c 6F05     		.short	1391
 4602 015e 7705     		.short	1399
 4603 0160 7F05     		.short	1407
 4604 0162 8705     		.short	1415
 4605 0164 8F05     		.short	1423
 4606 0166 9705     		.short	1431
 4607 0168 9F05     		.short	1439
 4608 016a A705     		.short	1447
 4609 016c AF05     		.short	1455
 4610 016e B705     		.short	1463
 4611 0170 BF05     		.short	1471
 4612 0172 C705     		.short	1479
 4613 0174 CF05     		.short	1487
 4614 0176 D705     		.short	1495
 4615 0178 DF05     		.short	1503
 4616 017a E705     		.short	1511
 4617 017c EF05     		.short	1519
 4618 017e F705     		.short	1527
 4619 0180 FF05     		.short	1535
 4620 0182 0706     		.short	1543
 4621 0184 0F06     		.short	1551
 4622 0186 1706     		.short	1559
 4623 0188 1F06     		.short	1567
 4624 018a 2706     		.short	1575
 4625 018c 2F06     		.short	1583
 4626 018e 3706     		.short	1591
 4627 0190 3F06     		.short	1599
 4628 0192 4706     		.short	1607
 4629 0194 4F06     		.short	1615
 4630 0196 5706     		.short	1623
 4631 0198 5F06     		.short	1631
 4632 019a 6706     		.short	1639
 4633 019c 6F06     		.short	1647
ARM GAS  /var/folders/d6/h50ndp_j7xj_7552gzkj6_s40000gn/T//ccVJeyYC.s 			page 117


 4634 019e 7706     		.short	1655
 4635 01a0 7F06     		.short	1663
 4636 01a2 8706     		.short	1671
 4637 01a4 8F06     		.short	1679
 4638 01a6 9706     		.short	1687
 4639 01a8 9F06     		.short	1695
 4640 01aa A706     		.short	1703
 4641 01ac AF06     		.short	1711
 4642 01ae B706     		.short	1719
 4643 01b0 BF06     		.short	1727
 4644 01b2 C706     		.short	1735
 4645 01b4 CF06     		.short	1743
 4646 01b6 D706     		.short	1751
 4647 01b8 DF06     		.short	1759
 4648 01ba E706     		.short	1767
 4649 01bc EF06     		.short	1775
 4650 01be F706     		.short	1783
 4651 01c0 FF06     		.short	1791
 4652 01c2 0707     		.short	1799
 4653 01c4 0F07     		.short	1807
 4654 01c6 1707     		.short	1815
 4655 01c8 1F07     		.short	1823
 4656 01ca 2707     		.short	1831
 4657 01cc 2F07     		.short	1839
 4658 01ce 3707     		.short	1847
 4659 01d0 3F07     		.short	1855
 4660 01d2 4707     		.short	1863
 4661 01d4 4F07     		.short	1871
 4662 01d6 5707     		.short	1879
 4663 01d8 5F07     		.short	1887
 4664 01da 6707     		.short	1895
 4665 01dc 6F07     		.short	1903
 4666 01de 7707     		.short	1911
 4667 01e0 7F07     		.short	1919
 4668 01e2 8707     		.short	1927
 4669 01e4 8F07     		.short	1935
 4670 01e6 9707     		.short	1943
 4671 01e8 9F07     		.short	1951
 4672 01ea A707     		.short	1959
 4673 01ec AF07     		.short	1967
 4674 01ee B707     		.short	1975
 4675 01f0 BF07     		.short	1983
 4676 01f2 C707     		.short	1991
 4677 01f4 CF07     		.short	1999
 4678 01f6 D707     		.short	2007
 4679 01f8 DF07     		.short	2015
 4680 01fa E707     		.short	2023
 4681 01fc EF07     		.short	2031
 4682 01fe F707     		.short	2039
 4683 0200 FF07     		.short	2047
 4684 0202 0708     		.short	2055
 4685 0204 0F08     		.short	2063
 4686 0206 1708     		.short	2071
 4687 0208 1F08     		.short	2079
 4688 020a 2708     		.short	2087
 4689 020c 2F08     		.short	2095
 4690 020e 3708     		.short	2103
ARM GAS  /var/folders/d6/h50ndp_j7xj_7552gzkj6_s40000gn/T//ccVJeyYC.s 			page 118


 4691 0210 3F08     		.short	2111
 4692 0212 4708     		.short	2119
 4693 0214 4F08     		.short	2127
 4694 0216 5708     		.short	2135
 4695 0218 5F08     		.short	2143
 4696 021a 6708     		.short	2151
 4697 021c 6F08     		.short	2159
 4698 021e 7708     		.short	2167
 4699 0220 7F08     		.short	2175
 4700 0222 8708     		.short	2183
 4701 0224 8F08     		.short	2191
 4702 0226 9708     		.short	2199
 4703 0228 9F08     		.short	2207
 4704 022a A708     		.short	2215
 4705 022c AF08     		.short	2223
 4706 022e B708     		.short	2231
 4707 0230 BF08     		.short	2239
 4708 0232 C708     		.short	2247
 4709 0234 CF08     		.short	2255
 4710 0236 D708     		.short	2263
 4711 0238 DF08     		.short	2271
 4712 023a E708     		.short	2279
 4713 023c EF08     		.short	2287
 4714 023e F708     		.short	2295
 4715 0240 FF08     		.short	2303
 4716 0242 0709     		.short	2311
 4717 0244 0F09     		.short	2319
 4718 0246 1709     		.short	2327
 4719 0248 1F09     		.short	2335
 4720 024a 2709     		.short	2343
 4721 024c 2F09     		.short	2351
 4722 024e 3709     		.short	2359
 4723 0250 3F09     		.short	2367
 4724 0252 4709     		.short	2375
 4725 0254 4F09     		.short	2383
 4726 0256 5709     		.short	2391
 4727 0258 5F09     		.short	2399
 4728 025a 6709     		.short	2407
 4729 025c 6F09     		.short	2415
 4730 025e 7709     		.short	2423
 4731 0260 7F09     		.short	2431
 4732 0262 8709     		.short	2439
 4733 0264 8F09     		.short	2447
 4734 0266 9709     		.short	2455
 4735 0268 9F09     		.short	2463
 4736 026a A709     		.short	2471
 4737 026c AF09     		.short	2479
 4738 026e B709     		.short	2487
 4739 0270 BF09     		.short	2495
 4740 0272 C709     		.short	2503
 4741 0274 CF09     		.short	2511
 4742 0276 D709     		.short	2519
 4743 0278 DF09     		.short	2527
 4744 027a E709     		.short	2535
 4745 027c EF09     		.short	2543
 4746 027e F709     		.short	2551
 4747 0280 FF09     		.short	2559
ARM GAS  /var/folders/d6/h50ndp_j7xj_7552gzkj6_s40000gn/T//ccVJeyYC.s 			page 119


 4748 0282 070A     		.short	2567
 4749 0284 0F0A     		.short	2575
 4750 0286 170A     		.short	2583
 4751 0288 1F0A     		.short	2591
 4752 028a 270A     		.short	2599
 4753 028c 2F0A     		.short	2607
 4754 028e 370A     		.short	2615
 4755 0290 3F0A     		.short	2623
 4756 0292 470A     		.short	2631
 4757 0294 4F0A     		.short	2639
 4758 0296 570A     		.short	2647
 4759 0298 5F0A     		.short	2655
 4760 029a 670A     		.short	2663
 4761 029c 6F0A     		.short	2671
 4762 029e 770A     		.short	2679
 4763 02a0 7F0A     		.short	2687
 4764 02a2 870A     		.short	2695
 4765 02a4 8F0A     		.short	2703
 4766 02a6 970A     		.short	2711
 4767 02a8 9F0A     		.short	2719
 4768 02aa A70A     		.short	2727
 4769 02ac AF0A     		.short	2735
 4770 02ae B70A     		.short	2743
 4771 02b0 BF0A     		.short	2751
 4772 02b2 C70A     		.short	2759
 4773 02b4 CF0A     		.short	2767
 4774 02b6 D70A     		.short	2775
 4775 02b8 DF0A     		.short	2783
 4776 02ba E70A     		.short	2791
 4777 02bc EF0A     		.short	2799
 4778 02be F70A     		.short	2807
 4779 02c0 FF0A     		.short	2815
 4780 02c2 070B     		.short	2823
 4781 02c4 0F0B     		.short	2831
 4782 02c6 170B     		.short	2839
 4783 02c8 1F0B     		.short	2847
 4784 02ca 270B     		.short	2855
 4785 02cc 2F0B     		.short	2863
 4786 02ce 370B     		.short	2871
 4787 02d0 3F0B     		.short	2879
 4788 02d2 470B     		.short	2887
 4789 02d4 4F0B     		.short	2895
 4790 02d6 570B     		.short	2903
 4791 02d8 5F0B     		.short	2911
 4792 02da 670B     		.short	2919
 4793 02dc 6F0B     		.short	2927
 4794 02de 770B     		.short	2935
 4795 02e0 7F0B     		.short	2943
 4796 02e2 870B     		.short	2951
 4797 02e4 8F0B     		.short	2959
 4798 02e6 970B     		.short	2967
 4799 02e8 9F0B     		.short	2975
 4800 02ea A70B     		.short	2983
 4801 02ec AF0B     		.short	2991
 4802 02ee B70B     		.short	2999
 4803 02f0 BF0B     		.short	3007
 4804 02f2 C70B     		.short	3015
ARM GAS  /var/folders/d6/h50ndp_j7xj_7552gzkj6_s40000gn/T//ccVJeyYC.s 			page 120


 4805 02f4 CF0B     		.short	3023
 4806 02f6 D70B     		.short	3031
 4807 02f8 DF0B     		.short	3039
 4808 02fa E70B     		.short	3047
 4809 02fc EF0B     		.short	3055
 4810 02fe F70B     		.short	3063
 4811 0300 FF0B     		.short	3071
 4812 0302 070C     		.short	3079
 4813 0304 0F0C     		.short	3087
 4814 0306 170C     		.short	3095
 4815 0308 1F0C     		.short	3103
 4816 030a 270C     		.short	3111
 4817 030c 2F0C     		.short	3119
 4818 030e 370C     		.short	3127
 4819 0310 3F0C     		.short	3135
 4820 0312 470C     		.short	3143
 4821 0314 4F0C     		.short	3151
 4822 0316 570C     		.short	3159
 4823 0318 5F0C     		.short	3167
 4824 031a 670C     		.short	3175
 4825 031c 6F0C     		.short	3183
 4826 031e 770C     		.short	3191
 4827 0320 7F0C     		.short	3199
 4828 0322 870C     		.short	3207
 4829 0324 8F0C     		.short	3215
 4830 0326 970C     		.short	3223
 4831 0328 9F0C     		.short	3231
 4832 032a A70C     		.short	3239
 4833 032c AF0C     		.short	3247
 4834 032e B70C     		.short	3255
 4835 0330 BF0C     		.short	3263
 4836 0332 C70C     		.short	3271
 4837 0334 CF0C     		.short	3279
 4838 0336 D70C     		.short	3287
 4839 0338 DF0C     		.short	3295
 4840 033a E70C     		.short	3303
 4841 033c EF0C     		.short	3311
 4842 033e F70C     		.short	3319
 4843 0340 FF0C     		.short	3327
 4844 0342 070D     		.short	3335
 4845 0344 0F0D     		.short	3343
 4846 0346 170D     		.short	3351
 4847 0348 1F0D     		.short	3359
 4848 034a 270D     		.short	3367
 4849 034c 2F0D     		.short	3375
 4850 034e 370D     		.short	3383
 4851 0350 3F0D     		.short	3391
 4852 0352 470D     		.short	3399
 4853 0354 4F0D     		.short	3407
 4854 0356 570D     		.short	3415
 4855 0358 5F0D     		.short	3423
 4856 035a 670D     		.short	3431
 4857 035c 6F0D     		.short	3439
 4858 035e 770D     		.short	3447
 4859 0360 7F0D     		.short	3455
 4860 0362 870D     		.short	3463
 4861 0364 8F0D     		.short	3471
ARM GAS  /var/folders/d6/h50ndp_j7xj_7552gzkj6_s40000gn/T//ccVJeyYC.s 			page 121


 4862 0366 970D     		.short	3479
 4863 0368 9F0D     		.short	3487
 4864 036a A70D     		.short	3495
 4865 036c AF0D     		.short	3503
 4866 036e B70D     		.short	3511
 4867 0370 BF0D     		.short	3519
 4868 0372 C70D     		.short	3527
 4869 0374 CF0D     		.short	3535
 4870 0376 D70D     		.short	3543
 4871 0378 DF0D     		.short	3551
 4872 037a E70D     		.short	3559
 4873 037c EF0D     		.short	3567
 4874 037e F70D     		.short	3575
 4875 0380 FF0D     		.short	3583
 4876 0382 070E     		.short	3591
 4877 0384 0F0E     		.short	3599
 4878 0386 170E     		.short	3607
 4879 0388 1F0E     		.short	3615
 4880 038a 270E     		.short	3623
 4881 038c 2F0E     		.short	3631
 4882 038e 370E     		.short	3639
 4883 0390 3F0E     		.short	3647
 4884 0392 470E     		.short	3655
 4885 0394 4F0E     		.short	3663
 4886 0396 570E     		.short	3671
 4887 0398 5F0E     		.short	3679
 4888 039a 670E     		.short	3687
 4889 039c 6F0E     		.short	3695
 4890 039e 770E     		.short	3703
 4891 03a0 7F0E     		.short	3711
 4892 03a2 870E     		.short	3719
 4893 03a4 8F0E     		.short	3727
 4894 03a6 970E     		.short	3735
 4895 03a8 9F0E     		.short	3743
 4896 03aa A70E     		.short	3751
 4897 03ac AF0E     		.short	3759
 4898 03ae B70E     		.short	3767
 4899 03b0 BF0E     		.short	3775
 4900 03b2 C70E     		.short	3783
 4901 03b4 CF0E     		.short	3791
 4902 03b6 D70E     		.short	3799
 4903 03b8 DF0E     		.short	3807
 4904 03ba E70E     		.short	3815
 4905 03bc EF0E     		.short	3823
 4906 03be F70E     		.short	3831
 4907 03c0 FF0E     		.short	3839
 4908 03c2 070F     		.short	3847
 4909 03c4 0F0F     		.short	3855
 4910 03c6 170F     		.short	3863
 4911 03c8 1F0F     		.short	3871
 4912 03ca 270F     		.short	3879
 4913 03cc 2F0F     		.short	3887
 4914 03ce 370F     		.short	3895
 4915 03d0 3F0F     		.short	3903
 4916 03d2 470F     		.short	3911
 4917 03d4 4F0F     		.short	3919
 4918 03d6 570F     		.short	3927
ARM GAS  /var/folders/d6/h50ndp_j7xj_7552gzkj6_s40000gn/T//ccVJeyYC.s 			page 122


 4919 03d8 5F0F     		.short	3935
 4920 03da 670F     		.short	3943
 4921 03dc 6F0F     		.short	3951
 4922 03de 770F     		.short	3959
 4923 03e0 7F0F     		.short	3967
 4924 03e2 870F     		.short	3975
 4925 03e4 8F0F     		.short	3983
 4926 03e6 970F     		.short	3991
 4927 03e8 9F0F     		.short	3999
 4928 03ea A70F     		.short	4007
 4929 03ec AF0F     		.short	4015
 4930 03ee B70F     		.short	4023
 4931 03f0 BF0F     		.short	4031
 4932 03f2 C70F     		.short	4039
 4933 03f4 CF0F     		.short	4047
 4934 03f6 D70F     		.short	4055
 4935 03f8 DF0F     		.short	4063
 4936 03fa E70F     		.short	4071
 4937 03fc EF0F     		.short	4079
 4938 03fe F70F     		.short	4087
 4939 0400 FF0F     		.short	4095
 4940 0402 F70F     		.short	4087
 4941 0404 EF0F     		.short	4079
 4942 0406 E70F     		.short	4071
 4943 0408 DF0F     		.short	4063
 4944 040a D70F     		.short	4055
 4945 040c CF0F     		.short	4047
 4946 040e C70F     		.short	4039
 4947 0410 BF0F     		.short	4031
 4948 0412 B70F     		.short	4023
 4949 0414 AF0F     		.short	4015
 4950 0416 A70F     		.short	4007
 4951 0418 9F0F     		.short	3999
 4952 041a 970F     		.short	3991
 4953 041c 8F0F     		.short	3983
 4954 041e 870F     		.short	3975
 4955 0420 7F0F     		.short	3967
 4956 0422 770F     		.short	3959
 4957 0424 6F0F     		.short	3951
 4958 0426 670F     		.short	3943
 4959 0428 5F0F     		.short	3935
 4960 042a 570F     		.short	3927
 4961 042c 4F0F     		.short	3919
 4962 042e 470F     		.short	3911
 4963 0430 3F0F     		.short	3903
 4964 0432 370F     		.short	3895
 4965 0434 2F0F     		.short	3887
 4966 0436 270F     		.short	3879
 4967 0438 1F0F     		.short	3871
 4968 043a 170F     		.short	3863
 4969 043c 0F0F     		.short	3855
 4970 043e 070F     		.short	3847
 4971 0440 FF0E     		.short	3839
 4972 0442 F70E     		.short	3831
 4973 0444 EF0E     		.short	3823
 4974 0446 E70E     		.short	3815
 4975 0448 DF0E     		.short	3807
ARM GAS  /var/folders/d6/h50ndp_j7xj_7552gzkj6_s40000gn/T//ccVJeyYC.s 			page 123


 4976 044a D70E     		.short	3799
 4977 044c CF0E     		.short	3791
 4978 044e C70E     		.short	3783
 4979 0450 BF0E     		.short	3775
 4980 0452 B70E     		.short	3767
 4981 0454 AF0E     		.short	3759
 4982 0456 A70E     		.short	3751
 4983 0458 9F0E     		.short	3743
 4984 045a 970E     		.short	3735
 4985 045c 8F0E     		.short	3727
 4986 045e 870E     		.short	3719
 4987 0460 7F0E     		.short	3711
 4988 0462 770E     		.short	3703
 4989 0464 6F0E     		.short	3695
 4990 0466 670E     		.short	3687
 4991 0468 5F0E     		.short	3679
 4992 046a 570E     		.short	3671
 4993 046c 4F0E     		.short	3663
 4994 046e 470E     		.short	3655
 4995 0470 3F0E     		.short	3647
 4996 0472 370E     		.short	3639
 4997 0474 2F0E     		.short	3631
 4998 0476 270E     		.short	3623
 4999 0478 1F0E     		.short	3615
 5000 047a 170E     		.short	3607
 5001 047c 0F0E     		.short	3599
 5002 047e 070E     		.short	3591
 5003 0480 FF0D     		.short	3583
 5004 0482 F70D     		.short	3575
 5005 0484 EF0D     		.short	3567
 5006 0486 E70D     		.short	3559
 5007 0488 DF0D     		.short	3551
 5008 048a D70D     		.short	3543
 5009 048c CF0D     		.short	3535
 5010 048e C70D     		.short	3527
 5011 0490 BF0D     		.short	3519
 5012 0492 B70D     		.short	3511
 5013 0494 AF0D     		.short	3503
 5014 0496 A70D     		.short	3495
 5015 0498 9F0D     		.short	3487
 5016 049a 970D     		.short	3479
 5017 049c 8F0D     		.short	3471
 5018 049e 870D     		.short	3463
 5019 04a0 7F0D     		.short	3455
 5020 04a2 770D     		.short	3447
 5021 04a4 6F0D     		.short	3439
 5022 04a6 670D     		.short	3431
 5023 04a8 5F0D     		.short	3423
 5024 04aa 570D     		.short	3415
 5025 04ac 4F0D     		.short	3407
 5026 04ae 470D     		.short	3399
 5027 04b0 3F0D     		.short	3391
 5028 04b2 370D     		.short	3383
 5029 04b4 2F0D     		.short	3375
 5030 04b6 270D     		.short	3367
 5031 04b8 1F0D     		.short	3359
 5032 04ba 170D     		.short	3351
ARM GAS  /var/folders/d6/h50ndp_j7xj_7552gzkj6_s40000gn/T//ccVJeyYC.s 			page 124


 5033 04bc 0F0D     		.short	3343
 5034 04be 070D     		.short	3335
 5035 04c0 FF0C     		.short	3327
 5036 04c2 F70C     		.short	3319
 5037 04c4 EF0C     		.short	3311
 5038 04c6 E70C     		.short	3303
 5039 04c8 DF0C     		.short	3295
 5040 04ca D70C     		.short	3287
 5041 04cc CF0C     		.short	3279
 5042 04ce C70C     		.short	3271
 5043 04d0 BF0C     		.short	3263
 5044 04d2 B70C     		.short	3255
 5045 04d4 AF0C     		.short	3247
 5046 04d6 A70C     		.short	3239
 5047 04d8 9F0C     		.short	3231
 5048 04da 970C     		.short	3223
 5049 04dc 8F0C     		.short	3215
 5050 04de 870C     		.short	3207
 5051 04e0 7F0C     		.short	3199
 5052 04e2 770C     		.short	3191
 5053 04e4 6F0C     		.short	3183
 5054 04e6 670C     		.short	3175
 5055 04e8 5F0C     		.short	3167
 5056 04ea 570C     		.short	3159
 5057 04ec 4F0C     		.short	3151
 5058 04ee 470C     		.short	3143
 5059 04f0 3F0C     		.short	3135
 5060 04f2 370C     		.short	3127
 5061 04f4 2F0C     		.short	3119
 5062 04f6 270C     		.short	3111
 5063 04f8 1F0C     		.short	3103
 5064 04fa 170C     		.short	3095
 5065 04fc 0F0C     		.short	3087
 5066 04fe 070C     		.short	3079
 5067 0500 FF0B     		.short	3071
 5068 0502 F70B     		.short	3063
 5069 0504 EF0B     		.short	3055
 5070 0506 E70B     		.short	3047
 5071 0508 DF0B     		.short	3039
 5072 050a D70B     		.short	3031
 5073 050c CF0B     		.short	3023
 5074 050e C70B     		.short	3015
 5075 0510 BF0B     		.short	3007
 5076 0512 B70B     		.short	2999
 5077 0514 AF0B     		.short	2991
 5078 0516 A70B     		.short	2983
 5079 0518 9F0B     		.short	2975
 5080 051a 970B     		.short	2967
 5081 051c 8F0B     		.short	2959
 5082 051e 870B     		.short	2951
 5083 0520 7F0B     		.short	2943
 5084 0522 770B     		.short	2935
 5085 0524 6F0B     		.short	2927
 5086 0526 670B     		.short	2919
 5087 0528 5F0B     		.short	2911
 5088 052a 570B     		.short	2903
 5089 052c 4F0B     		.short	2895
ARM GAS  /var/folders/d6/h50ndp_j7xj_7552gzkj6_s40000gn/T//ccVJeyYC.s 			page 125


 5090 052e 470B     		.short	2887
 5091 0530 3F0B     		.short	2879
 5092 0532 370B     		.short	2871
 5093 0534 2F0B     		.short	2863
 5094 0536 270B     		.short	2855
 5095 0538 1F0B     		.short	2847
 5096 053a 170B     		.short	2839
 5097 053c 0F0B     		.short	2831
 5098 053e 070B     		.short	2823
 5099 0540 FF0A     		.short	2815
 5100 0542 F70A     		.short	2807
 5101 0544 EF0A     		.short	2799
 5102 0546 E70A     		.short	2791
 5103 0548 DF0A     		.short	2783
 5104 054a D70A     		.short	2775
 5105 054c CF0A     		.short	2767
 5106 054e C70A     		.short	2759
 5107 0550 BF0A     		.short	2751
 5108 0552 B70A     		.short	2743
 5109 0554 AF0A     		.short	2735
 5110 0556 A70A     		.short	2727
 5111 0558 9F0A     		.short	2719
 5112 055a 970A     		.short	2711
 5113 055c 8F0A     		.short	2703
 5114 055e 870A     		.short	2695
 5115 0560 7F0A     		.short	2687
 5116 0562 770A     		.short	2679
 5117 0564 6F0A     		.short	2671
 5118 0566 670A     		.short	2663
 5119 0568 5F0A     		.short	2655
 5120 056a 570A     		.short	2647
 5121 056c 4F0A     		.short	2639
 5122 056e 470A     		.short	2631
 5123 0570 3F0A     		.short	2623
 5124 0572 370A     		.short	2615
 5125 0574 2F0A     		.short	2607
 5126 0576 270A     		.short	2599
 5127 0578 1F0A     		.short	2591
 5128 057a 170A     		.short	2583
 5129 057c 0F0A     		.short	2575
 5130 057e 070A     		.short	2567
 5131 0580 FF09     		.short	2559
 5132 0582 F709     		.short	2551
 5133 0584 EF09     		.short	2543
 5134 0586 E709     		.short	2535
 5135 0588 DF09     		.short	2527
 5136 058a D709     		.short	2519
 5137 058c CF09     		.short	2511
 5138 058e C709     		.short	2503
 5139 0590 BF09     		.short	2495
 5140 0592 B709     		.short	2487
 5141 0594 AF09     		.short	2479
 5142 0596 A709     		.short	2471
 5143 0598 9F09     		.short	2463
 5144 059a 9709     		.short	2455
 5145 059c 8F09     		.short	2447
 5146 059e 8709     		.short	2439
ARM GAS  /var/folders/d6/h50ndp_j7xj_7552gzkj6_s40000gn/T//ccVJeyYC.s 			page 126


 5147 05a0 7F09     		.short	2431
 5148 05a2 7709     		.short	2423
 5149 05a4 6F09     		.short	2415
 5150 05a6 6709     		.short	2407
 5151 05a8 5F09     		.short	2399
 5152 05aa 5709     		.short	2391
 5153 05ac 4F09     		.short	2383
 5154 05ae 4709     		.short	2375
 5155 05b0 3F09     		.short	2367
 5156 05b2 3709     		.short	2359
 5157 05b4 2F09     		.short	2351
 5158 05b6 2709     		.short	2343
 5159 05b8 1F09     		.short	2335
 5160 05ba 1709     		.short	2327
 5161 05bc 0F09     		.short	2319
 5162 05be 0709     		.short	2311
 5163 05c0 FF08     		.short	2303
 5164 05c2 F708     		.short	2295
 5165 05c4 EF08     		.short	2287
 5166 05c6 E708     		.short	2279
 5167 05c8 DF08     		.short	2271
 5168 05ca D708     		.short	2263
 5169 05cc CF08     		.short	2255
 5170 05ce C708     		.short	2247
 5171 05d0 BF08     		.short	2239
 5172 05d2 B708     		.short	2231
 5173 05d4 AF08     		.short	2223
 5174 05d6 A708     		.short	2215
 5175 05d8 9F08     		.short	2207
 5176 05da 9708     		.short	2199
 5177 05dc 8F08     		.short	2191
 5178 05de 8708     		.short	2183
 5179 05e0 7F08     		.short	2175
 5180 05e2 7708     		.short	2167
 5181 05e4 6F08     		.short	2159
 5182 05e6 6708     		.short	2151
 5183 05e8 5F08     		.short	2143
 5184 05ea 5708     		.short	2135
 5185 05ec 4F08     		.short	2127
 5186 05ee 4708     		.short	2119
 5187 05f0 3F08     		.short	2111
 5188 05f2 3708     		.short	2103
 5189 05f4 2F08     		.short	2095
 5190 05f6 2708     		.short	2087
 5191 05f8 1F08     		.short	2079
 5192 05fa 1708     		.short	2071
 5193 05fc 0F08     		.short	2063
 5194 05fe 0708     		.short	2055
 5195 0600 FF07     		.short	2047
 5196 0602 F707     		.short	2039
 5197 0604 EF07     		.short	2031
 5198 0606 E707     		.short	2023
 5199 0608 DF07     		.short	2015
 5200 060a D707     		.short	2007
 5201 060c CF07     		.short	1999
 5202 060e C707     		.short	1991
 5203 0610 BF07     		.short	1983
ARM GAS  /var/folders/d6/h50ndp_j7xj_7552gzkj6_s40000gn/T//ccVJeyYC.s 			page 127


 5204 0612 B707     		.short	1975
 5205 0614 AF07     		.short	1967
 5206 0616 A707     		.short	1959
 5207 0618 9F07     		.short	1951
 5208 061a 9707     		.short	1943
 5209 061c 8F07     		.short	1935
 5210 061e 8707     		.short	1927
 5211 0620 7F07     		.short	1919
 5212 0622 7707     		.short	1911
 5213 0624 6F07     		.short	1903
 5214 0626 6707     		.short	1895
 5215 0628 5F07     		.short	1887
 5216 062a 5707     		.short	1879
 5217 062c 4F07     		.short	1871
 5218 062e 4707     		.short	1863
 5219 0630 3F07     		.short	1855
 5220 0632 3707     		.short	1847
 5221 0634 2F07     		.short	1839
 5222 0636 2707     		.short	1831
 5223 0638 1F07     		.short	1823
 5224 063a 1707     		.short	1815
 5225 063c 0F07     		.short	1807
 5226 063e 0707     		.short	1799
 5227 0640 FF06     		.short	1791
 5228 0642 F706     		.short	1783
 5229 0644 EF06     		.short	1775
 5230 0646 E706     		.short	1767
 5231 0648 DF06     		.short	1759
 5232 064a D706     		.short	1751
 5233 064c CF06     		.short	1743
 5234 064e C706     		.short	1735
 5235 0650 BF06     		.short	1727
 5236 0652 B706     		.short	1719
 5237 0654 AF06     		.short	1711
 5238 0656 A706     		.short	1703
 5239 0658 9F06     		.short	1695
 5240 065a 9706     		.short	1687
 5241 065c 8F06     		.short	1679
 5242 065e 8706     		.short	1671
 5243 0660 7F06     		.short	1663
 5244 0662 7706     		.short	1655
 5245 0664 6F06     		.short	1647
 5246 0666 6706     		.short	1639
 5247 0668 5F06     		.short	1631
 5248 066a 5706     		.short	1623
 5249 066c 4F06     		.short	1615
 5250 066e 4706     		.short	1607
 5251 0670 3F06     		.short	1599
 5252 0672 3706     		.short	1591
 5253 0674 2F06     		.short	1583
 5254 0676 2706     		.short	1575
 5255 0678 1F06     		.short	1567
 5256 067a 1706     		.short	1559
 5257 067c 0F06     		.short	1551
 5258 067e 0706     		.short	1543
 5259 0680 FF05     		.short	1535
 5260 0682 F705     		.short	1527
ARM GAS  /var/folders/d6/h50ndp_j7xj_7552gzkj6_s40000gn/T//ccVJeyYC.s 			page 128


 5261 0684 EF05     		.short	1519
 5262 0686 E705     		.short	1511
 5263 0688 DF05     		.short	1503
 5264 068a D705     		.short	1495
 5265 068c CF05     		.short	1487
 5266 068e C705     		.short	1479
 5267 0690 BF05     		.short	1471
 5268 0692 B705     		.short	1463
 5269 0694 AF05     		.short	1455
 5270 0696 A705     		.short	1447
 5271 0698 9F05     		.short	1439
 5272 069a 9705     		.short	1431
 5273 069c 8F05     		.short	1423
 5274 069e 8705     		.short	1415
 5275 06a0 7F05     		.short	1407
 5276 06a2 7705     		.short	1399
 5277 06a4 6F05     		.short	1391
 5278 06a6 6705     		.short	1383
 5279 06a8 5F05     		.short	1375
 5280 06aa 5705     		.short	1367
 5281 06ac 4F05     		.short	1359
 5282 06ae 4705     		.short	1351
 5283 06b0 3F05     		.short	1343
 5284 06b2 3705     		.short	1335
 5285 06b4 2F05     		.short	1327
 5286 06b6 2705     		.short	1319
 5287 06b8 1F05     		.short	1311
 5288 06ba 1705     		.short	1303
 5289 06bc 0F05     		.short	1295
 5290 06be 0705     		.short	1287
 5291 06c0 FF04     		.short	1279
 5292 06c2 F704     		.short	1271
 5293 06c4 EF04     		.short	1263
 5294 06c6 E704     		.short	1255
 5295 06c8 DF04     		.short	1247
 5296 06ca D704     		.short	1239
 5297 06cc CF04     		.short	1231
 5298 06ce C704     		.short	1223
 5299 06d0 BF04     		.short	1215
 5300 06d2 B704     		.short	1207
 5301 06d4 AF04     		.short	1199
 5302 06d6 A704     		.short	1191
 5303 06d8 9F04     		.short	1183
 5304 06da 9704     		.short	1175
 5305 06dc 8F04     		.short	1167
 5306 06de 8704     		.short	1159
 5307 06e0 7F04     		.short	1151
 5308 06e2 7704     		.short	1143
 5309 06e4 6F04     		.short	1135
 5310 06e6 6704     		.short	1127
 5311 06e8 5F04     		.short	1119
 5312 06ea 5704     		.short	1111
 5313 06ec 4F04     		.short	1103
 5314 06ee 4704     		.short	1095
 5315 06f0 3F04     		.short	1087
 5316 06f2 3704     		.short	1079
 5317 06f4 2F04     		.short	1071
ARM GAS  /var/folders/d6/h50ndp_j7xj_7552gzkj6_s40000gn/T//ccVJeyYC.s 			page 129


 5318 06f6 2704     		.short	1063
 5319 06f8 1F04     		.short	1055
 5320 06fa 1704     		.short	1047
 5321 06fc 0F04     		.short	1039
 5322 06fe 0704     		.short	1031
 5323 0700 FF03     		.short	1023
 5324 0702 F703     		.short	1015
 5325 0704 EF03     		.short	1007
 5326 0706 E703     		.short	999
 5327 0708 DF03     		.short	991
 5328 070a D703     		.short	983
 5329 070c CF03     		.short	975
 5330 070e C703     		.short	967
 5331 0710 BF03     		.short	959
 5332 0712 B703     		.short	951
 5333 0714 AF03     		.short	943
 5334 0716 A703     		.short	935
 5335 0718 9F03     		.short	927
 5336 071a 9703     		.short	919
 5337 071c 8F03     		.short	911
 5338 071e 8703     		.short	903
 5339 0720 7F03     		.short	895
 5340 0722 7703     		.short	887
 5341 0724 6F03     		.short	879
 5342 0726 6703     		.short	871
 5343 0728 5F03     		.short	863
 5344 072a 5703     		.short	855
 5345 072c 4F03     		.short	847
 5346 072e 4703     		.short	839
 5347 0730 3F03     		.short	831
 5348 0732 3703     		.short	823
 5349 0734 2F03     		.short	815
 5350 0736 2703     		.short	807
 5351 0738 1F03     		.short	799
 5352 073a 1703     		.short	791
 5353 073c 0F03     		.short	783
 5354 073e 0703     		.short	775
 5355 0740 FF02     		.short	767
 5356 0742 F702     		.short	759
 5357 0744 EF02     		.short	751
 5358 0746 E702     		.short	743
 5359 0748 DF02     		.short	735
 5360 074a D702     		.short	727
 5361 074c CF02     		.short	719
 5362 074e C702     		.short	711
 5363 0750 BF02     		.short	703
 5364 0752 B702     		.short	695
 5365 0754 AF02     		.short	687
 5366 0756 A702     		.short	679
 5367 0758 9F02     		.short	671
 5368 075a 9702     		.short	663
 5369 075c 8F02     		.short	655
 5370 075e 8702     		.short	647
 5371 0760 7F02     		.short	639
 5372 0762 7702     		.short	631
 5373 0764 6F02     		.short	623
 5374 0766 6702     		.short	615
ARM GAS  /var/folders/d6/h50ndp_j7xj_7552gzkj6_s40000gn/T//ccVJeyYC.s 			page 130


 5375 0768 5F02     		.short	607
 5376 076a 5702     		.short	599
 5377 076c 4F02     		.short	591
 5378 076e 4702     		.short	583
 5379 0770 3F02     		.short	575
 5380 0772 3702     		.short	567
 5381 0774 2F02     		.short	559
 5382 0776 2702     		.short	551
 5383 0778 1F02     		.short	543
 5384 077a 1702     		.short	535
 5385 077c 0F02     		.short	527
 5386 077e 0702     		.short	519
 5387 0780 FF01     		.short	511
 5388 0782 F701     		.short	503
 5389 0784 EF01     		.short	495
 5390 0786 E701     		.short	487
 5391 0788 DF01     		.short	479
 5392 078a D701     		.short	471
 5393 078c CF01     		.short	463
 5394 078e C701     		.short	455
 5395 0790 BF01     		.short	447
 5396 0792 B701     		.short	439
 5397 0794 AF01     		.short	431
 5398 0796 A701     		.short	423
 5399 0798 9F01     		.short	415
 5400 079a 9701     		.short	407
 5401 079c 8F01     		.short	399
 5402 079e 8701     		.short	391
 5403 07a0 7F01     		.short	383
 5404 07a2 7701     		.short	375
 5405 07a4 6F01     		.short	367
 5406 07a6 6701     		.short	359
 5407 07a8 5F01     		.short	351
 5408 07aa 5701     		.short	343
 5409 07ac 4F01     		.short	335
 5410 07ae 4701     		.short	327
 5411 07b0 3F01     		.short	319
 5412 07b2 3701     		.short	311
 5413 07b4 2F01     		.short	303
 5414 07b6 2701     		.short	295
 5415 07b8 1F01     		.short	287
 5416 07ba 1701     		.short	279
 5417 07bc 0F01     		.short	271
 5418 07be 0701     		.short	263
 5419 07c0 FF00     		.short	255
 5420 07c2 F700     		.short	247
 5421 07c4 EF00     		.short	239
 5422 07c6 E700     		.short	231
 5423 07c8 DF00     		.short	223
 5424 07ca D700     		.short	215
 5425 07cc CF00     		.short	207
 5426 07ce C700     		.short	199
 5427 07d0 BF00     		.short	191
 5428 07d2 B700     		.short	183
 5429 07d4 AF00     		.short	175
 5430 07d6 A700     		.short	167
 5431 07d8 9F00     		.short	159
ARM GAS  /var/folders/d6/h50ndp_j7xj_7552gzkj6_s40000gn/T//ccVJeyYC.s 			page 131


 5432 07da 9700     		.short	151
 5433 07dc 8F00     		.short	143
 5434 07de 8700     		.short	135
 5435 07e0 7F00     		.short	127
 5436 07e2 7700     		.short	119
 5437 07e4 6F00     		.short	111
 5438 07e6 6700     		.short	103
 5439 07e8 5F00     		.short	95
 5440 07ea 5700     		.short	87
 5441 07ec 4F00     		.short	79
 5442 07ee 4700     		.short	71
 5443 07f0 3F00     		.short	63
 5444 07f2 3700     		.short	55
 5445 07f4 2F00     		.short	47
 5446 07f6 2700     		.short	39
 5447 07f8 1F00     		.short	31
 5448 07fa 1700     		.short	23
 5449 07fc 0F00     		.short	15
 5450 07fe 0700     		.short	7
 5451              		.section	.rodata.Triangle_LUT,"a"
 5452              		.align	2
 5455              	Triangle_LUT:
 5456 0000 0000     		.short	0
 5457 0002 0300     		.short	3
 5458 0004 0700     		.short	7
 5459 0006 0B00     		.short	11
 5460 0008 0F00     		.short	15
 5461 000a 1300     		.short	19
 5462 000c 1700     		.short	23
 5463 000e 1B00     		.short	27
 5464 0010 1F00     		.short	31
 5465 0012 2300     		.short	35
 5466 0014 2700     		.short	39
 5467 0016 2B00     		.short	43
 5468 0018 2F00     		.short	47
 5469 001a 3300     		.short	51
 5470 001c 3700     		.short	55
 5471 001e 3B00     		.short	59
 5472 0020 3F00     		.short	63
 5473 0022 4300     		.short	67
 5474 0024 4700     		.short	71
 5475 0026 4B00     		.short	75
 5476 0028 4F00     		.short	79
 5477 002a 5300     		.short	83
 5478 002c 5700     		.short	87
 5479 002e 5B00     		.short	91
 5480 0030 5F00     		.short	95
 5481 0032 6300     		.short	99
 5482 0034 6700     		.short	103
 5483 0036 6B00     		.short	107
 5484 0038 6F00     		.short	111
 5485 003a 7300     		.short	115
 5486 003c 7700     		.short	119
 5487 003e 7B00     		.short	123
 5488 0040 7F00     		.short	127
 5489 0042 8300     		.short	131
 5490 0044 8700     		.short	135
ARM GAS  /var/folders/d6/h50ndp_j7xj_7552gzkj6_s40000gn/T//ccVJeyYC.s 			page 132


 5491 0046 8B00     		.short	139
 5492 0048 8F00     		.short	143
 5493 004a 9300     		.short	147
 5494 004c 9700     		.short	151
 5495 004e 9B00     		.short	155
 5496 0050 9F00     		.short	159
 5497 0052 A300     		.short	163
 5498 0054 A700     		.short	167
 5499 0056 AB00     		.short	171
 5500 0058 AF00     		.short	175
 5501 005a B300     		.short	179
 5502 005c B700     		.short	183
 5503 005e BB00     		.short	187
 5504 0060 BF00     		.short	191
 5505 0062 C300     		.short	195
 5506 0064 C700     		.short	199
 5507 0066 CB00     		.short	203
 5508 0068 CF00     		.short	207
 5509 006a D300     		.short	211
 5510 006c D700     		.short	215
 5511 006e DB00     		.short	219
 5512 0070 DF00     		.short	223
 5513 0072 E300     		.short	227
 5514 0074 E700     		.short	231
 5515 0076 EB00     		.short	235
 5516 0078 EF00     		.short	239
 5517 007a F300     		.short	243
 5518 007c F700     		.short	247
 5519 007e FB00     		.short	251
 5520 0080 FF00     		.short	255
 5521 0082 0301     		.short	259
 5522 0084 0701     		.short	263
 5523 0086 0B01     		.short	267
 5524 0088 0F01     		.short	271
 5525 008a 1301     		.short	275
 5526 008c 1701     		.short	279
 5527 008e 1B01     		.short	283
 5528 0090 1F01     		.short	287
 5529 0092 2301     		.short	291
 5530 0094 2701     		.short	295
 5531 0096 2B01     		.short	299
 5532 0098 2F01     		.short	303
 5533 009a 3301     		.short	307
 5534 009c 3701     		.short	311
 5535 009e 3B01     		.short	315
 5536 00a0 3F01     		.short	319
 5537 00a2 4301     		.short	323
 5538 00a4 4701     		.short	327
 5539 00a6 4B01     		.short	331
 5540 00a8 4F01     		.short	335
 5541 00aa 5301     		.short	339
 5542 00ac 5701     		.short	343
 5543 00ae 5B01     		.short	347
 5544 00b0 5F01     		.short	351
 5545 00b2 6301     		.short	355
 5546 00b4 6701     		.short	359
 5547 00b6 6B01     		.short	363
ARM GAS  /var/folders/d6/h50ndp_j7xj_7552gzkj6_s40000gn/T//ccVJeyYC.s 			page 133


 5548 00b8 6F01     		.short	367
 5549 00ba 7301     		.short	371
 5550 00bc 7701     		.short	375
 5551 00be 7B01     		.short	379
 5552 00c0 7F01     		.short	383
 5553 00c2 8301     		.short	387
 5554 00c4 8701     		.short	391
 5555 00c6 8B01     		.short	395
 5556 00c8 8F01     		.short	399
 5557 00ca 9301     		.short	403
 5558 00cc 9701     		.short	407
 5559 00ce 9B01     		.short	411
 5560 00d0 9F01     		.short	415
 5561 00d2 A301     		.short	419
 5562 00d4 A701     		.short	423
 5563 00d6 AB01     		.short	427
 5564 00d8 AF01     		.short	431
 5565 00da B301     		.short	435
 5566 00dc B701     		.short	439
 5567 00de BB01     		.short	443
 5568 00e0 BF01     		.short	447
 5569 00e2 C301     		.short	451
 5570 00e4 C701     		.short	455
 5571 00e6 CB01     		.short	459
 5572 00e8 CF01     		.short	463
 5573 00ea D301     		.short	467
 5574 00ec D701     		.short	471
 5575 00ee DB01     		.short	475
 5576 00f0 DF01     		.short	479
 5577 00f2 E301     		.short	483
 5578 00f4 E701     		.short	487
 5579 00f6 EB01     		.short	491
 5580 00f8 EF01     		.short	495
 5581 00fa F301     		.short	499
 5582 00fc F701     		.short	503
 5583 00fe FB01     		.short	507
 5584 0100 FF01     		.short	511
 5585 0102 0302     		.short	515
 5586 0104 0702     		.short	519
 5587 0106 0B02     		.short	523
 5588 0108 0F02     		.short	527
 5589 010a 1302     		.short	531
 5590 010c 1702     		.short	535
 5591 010e 1B02     		.short	539
 5592 0110 1F02     		.short	543
 5593 0112 2302     		.short	547
 5594 0114 2702     		.short	551
 5595 0116 2B02     		.short	555
 5596 0118 2F02     		.short	559
 5597 011a 3302     		.short	563
 5598 011c 3702     		.short	567
 5599 011e 3B02     		.short	571
 5600 0120 3F02     		.short	575
 5601 0122 4302     		.short	579
 5602 0124 4702     		.short	583
 5603 0126 4B02     		.short	587
 5604 0128 4F02     		.short	591
ARM GAS  /var/folders/d6/h50ndp_j7xj_7552gzkj6_s40000gn/T//ccVJeyYC.s 			page 134


 5605 012a 5302     		.short	595
 5606 012c 5702     		.short	599
 5607 012e 5B02     		.short	603
 5608 0130 5F02     		.short	607
 5609 0132 6302     		.short	611
 5610 0134 6702     		.short	615
 5611 0136 6B02     		.short	619
 5612 0138 6F02     		.short	623
 5613 013a 7302     		.short	627
 5614 013c 7702     		.short	631
 5615 013e 7B02     		.short	635
 5616 0140 7F02     		.short	639
 5617 0142 8302     		.short	643
 5618 0144 8702     		.short	647
 5619 0146 8B02     		.short	651
 5620 0148 8F02     		.short	655
 5621 014a 9302     		.short	659
 5622 014c 9702     		.short	663
 5623 014e 9B02     		.short	667
 5624 0150 9F02     		.short	671
 5625 0152 A302     		.short	675
 5626 0154 A702     		.short	679
 5627 0156 AB02     		.short	683
 5628 0158 AF02     		.short	687
 5629 015a B302     		.short	691
 5630 015c B702     		.short	695
 5631 015e BB02     		.short	699
 5632 0160 BF02     		.short	703
 5633 0162 C302     		.short	707
 5634 0164 C702     		.short	711
 5635 0166 CB02     		.short	715
 5636 0168 CF02     		.short	719
 5637 016a D302     		.short	723
 5638 016c D702     		.short	727
 5639 016e DB02     		.short	731
 5640 0170 DF02     		.short	735
 5641 0172 E302     		.short	739
 5642 0174 E702     		.short	743
 5643 0176 EB02     		.short	747
 5644 0178 EF02     		.short	751
 5645 017a F302     		.short	755
 5646 017c F702     		.short	759
 5647 017e FB02     		.short	763
 5648 0180 FF02     		.short	767
 5649 0182 0303     		.short	771
 5650 0184 0703     		.short	775
 5651 0186 0B03     		.short	779
 5652 0188 0F03     		.short	783
 5653 018a 1303     		.short	787
 5654 018c 1703     		.short	791
 5655 018e 1B03     		.short	795
 5656 0190 1F03     		.short	799
 5657 0192 2303     		.short	803
 5658 0194 2703     		.short	807
 5659 0196 2B03     		.short	811
 5660 0198 2F03     		.short	815
 5661 019a 3303     		.short	819
ARM GAS  /var/folders/d6/h50ndp_j7xj_7552gzkj6_s40000gn/T//ccVJeyYC.s 			page 135


 5662 019c 3703     		.short	823
 5663 019e 3B03     		.short	827
 5664 01a0 3F03     		.short	831
 5665 01a2 4303     		.short	835
 5666 01a4 4703     		.short	839
 5667 01a6 4B03     		.short	843
 5668 01a8 4F03     		.short	847
 5669 01aa 5303     		.short	851
 5670 01ac 5703     		.short	855
 5671 01ae 5B03     		.short	859
 5672 01b0 5F03     		.short	863
 5673 01b2 6303     		.short	867
 5674 01b4 6703     		.short	871
 5675 01b6 6B03     		.short	875
 5676 01b8 6F03     		.short	879
 5677 01ba 7303     		.short	883
 5678 01bc 7703     		.short	887
 5679 01be 7B03     		.short	891
 5680 01c0 7F03     		.short	895
 5681 01c2 8303     		.short	899
 5682 01c4 8703     		.short	903
 5683 01c6 8B03     		.short	907
 5684 01c8 8F03     		.short	911
 5685 01ca 9303     		.short	915
 5686 01cc 9703     		.short	919
 5687 01ce 9B03     		.short	923
 5688 01d0 9F03     		.short	927
 5689 01d2 A303     		.short	931
 5690 01d4 A703     		.short	935
 5691 01d6 AB03     		.short	939
 5692 01d8 AF03     		.short	943
 5693 01da B303     		.short	947
 5694 01dc B703     		.short	951
 5695 01de BB03     		.short	955
 5696 01e0 BF03     		.short	959
 5697 01e2 C303     		.short	963
 5698 01e4 C703     		.short	967
 5699 01e6 CB03     		.short	971
 5700 01e8 CF03     		.short	975
 5701 01ea D303     		.short	979
 5702 01ec D703     		.short	983
 5703 01ee DB03     		.short	987
 5704 01f0 DF03     		.short	991
 5705 01f2 E303     		.short	995
 5706 01f4 E703     		.short	999
 5707 01f6 EB03     		.short	1003
 5708 01f8 EF03     		.short	1007
 5709 01fa F303     		.short	1011
 5710 01fc F703     		.short	1015
 5711 01fe FB03     		.short	1019
 5712 0200 FF03     		.short	1023
 5713 0202 0304     		.short	1027
 5714 0204 0704     		.short	1031
 5715 0206 0B04     		.short	1035
 5716 0208 0F04     		.short	1039
 5717 020a 1304     		.short	1043
 5718 020c 1704     		.short	1047
ARM GAS  /var/folders/d6/h50ndp_j7xj_7552gzkj6_s40000gn/T//ccVJeyYC.s 			page 136


 5719 020e 1B04     		.short	1051
 5720 0210 1F04     		.short	1055
 5721 0212 2304     		.short	1059
 5722 0214 2704     		.short	1063
 5723 0216 2B04     		.short	1067
 5724 0218 2F04     		.short	1071
 5725 021a 3304     		.short	1075
 5726 021c 3704     		.short	1079
 5727 021e 3B04     		.short	1083
 5728 0220 3F04     		.short	1087
 5729 0222 4304     		.short	1091
 5730 0224 4704     		.short	1095
 5731 0226 4B04     		.short	1099
 5732 0228 4F04     		.short	1103
 5733 022a 5304     		.short	1107
 5734 022c 5704     		.short	1111
 5735 022e 5B04     		.short	1115
 5736 0230 5F04     		.short	1119
 5737 0232 6304     		.short	1123
 5738 0234 6704     		.short	1127
 5739 0236 6B04     		.short	1131
 5740 0238 6F04     		.short	1135
 5741 023a 7304     		.short	1139
 5742 023c 7704     		.short	1143
 5743 023e 7B04     		.short	1147
 5744 0240 7F04     		.short	1151
 5745 0242 8304     		.short	1155
 5746 0244 8704     		.short	1159
 5747 0246 8B04     		.short	1163
 5748 0248 8F04     		.short	1167
 5749 024a 9304     		.short	1171
 5750 024c 9704     		.short	1175
 5751 024e 9B04     		.short	1179
 5752 0250 9F04     		.short	1183
 5753 0252 A304     		.short	1187
 5754 0254 A704     		.short	1191
 5755 0256 AB04     		.short	1195
 5756 0258 AF04     		.short	1199
 5757 025a B304     		.short	1203
 5758 025c B704     		.short	1207
 5759 025e BB04     		.short	1211
 5760 0260 BF04     		.short	1215
 5761 0262 C304     		.short	1219
 5762 0264 C704     		.short	1223
 5763 0266 CB04     		.short	1227
 5764 0268 CF04     		.short	1231
 5765 026a D304     		.short	1235
 5766 026c D704     		.short	1239
 5767 026e DB04     		.short	1243
 5768 0270 DF04     		.short	1247
 5769 0272 E304     		.short	1251
 5770 0274 E704     		.short	1255
 5771 0276 EB04     		.short	1259
 5772 0278 EF04     		.short	1263
 5773 027a F304     		.short	1267
 5774 027c F704     		.short	1271
 5775 027e FB04     		.short	1275
ARM GAS  /var/folders/d6/h50ndp_j7xj_7552gzkj6_s40000gn/T//ccVJeyYC.s 			page 137


 5776 0280 FF04     		.short	1279
 5777 0282 0305     		.short	1283
 5778 0284 0705     		.short	1287
 5779 0286 0B05     		.short	1291
 5780 0288 0F05     		.short	1295
 5781 028a 1305     		.short	1299
 5782 028c 1705     		.short	1303
 5783 028e 1B05     		.short	1307
 5784 0290 1F05     		.short	1311
 5785 0292 2305     		.short	1315
 5786 0294 2705     		.short	1319
 5787 0296 2B05     		.short	1323
 5788 0298 2F05     		.short	1327
 5789 029a 3305     		.short	1331
 5790 029c 3705     		.short	1335
 5791 029e 3B05     		.short	1339
 5792 02a0 3F05     		.short	1343
 5793 02a2 4305     		.short	1347
 5794 02a4 4705     		.short	1351
 5795 02a6 4B05     		.short	1355
 5796 02a8 4F05     		.short	1359
 5797 02aa 5305     		.short	1363
 5798 02ac 5705     		.short	1367
 5799 02ae 5B05     		.short	1371
 5800 02b0 5F05     		.short	1375
 5801 02b2 6305     		.short	1379
 5802 02b4 6705     		.short	1383
 5803 02b6 6B05     		.short	1387
 5804 02b8 6F05     		.short	1391
 5805 02ba 7305     		.short	1395
 5806 02bc 7705     		.short	1399
 5807 02be 7B05     		.short	1403
 5808 02c0 7F05     		.short	1407
 5809 02c2 8305     		.short	1411
 5810 02c4 8705     		.short	1415
 5811 02c6 8B05     		.short	1419
 5812 02c8 8F05     		.short	1423
 5813 02ca 9305     		.short	1427
 5814 02cc 9705     		.short	1431
 5815 02ce 9B05     		.short	1435
 5816 02d0 9F05     		.short	1439
 5817 02d2 A305     		.short	1443
 5818 02d4 A705     		.short	1447
 5819 02d6 AB05     		.short	1451
 5820 02d8 AF05     		.short	1455
 5821 02da B305     		.short	1459
 5822 02dc B705     		.short	1463
 5823 02de BB05     		.short	1467
 5824 02e0 BF05     		.short	1471
 5825 02e2 C305     		.short	1475
 5826 02e4 C705     		.short	1479
 5827 02e6 CB05     		.short	1483
 5828 02e8 CF05     		.short	1487
 5829 02ea D305     		.short	1491
 5830 02ec D705     		.short	1495
 5831 02ee DB05     		.short	1499
 5832 02f0 DF05     		.short	1503
ARM GAS  /var/folders/d6/h50ndp_j7xj_7552gzkj6_s40000gn/T//ccVJeyYC.s 			page 138


 5833 02f2 E305     		.short	1507
 5834 02f4 E705     		.short	1511
 5835 02f6 EB05     		.short	1515
 5836 02f8 EF05     		.short	1519
 5837 02fa F305     		.short	1523
 5838 02fc F705     		.short	1527
 5839 02fe FB05     		.short	1531
 5840 0300 FF05     		.short	1535
 5841 0302 0306     		.short	1539
 5842 0304 0706     		.short	1543
 5843 0306 0B06     		.short	1547
 5844 0308 0F06     		.short	1551
 5845 030a 1306     		.short	1555
 5846 030c 1706     		.short	1559
 5847 030e 1B06     		.short	1563
 5848 0310 1F06     		.short	1567
 5849 0312 2306     		.short	1571
 5850 0314 2706     		.short	1575
 5851 0316 2B06     		.short	1579
 5852 0318 2F06     		.short	1583
 5853 031a 3306     		.short	1587
 5854 031c 3706     		.short	1591
 5855 031e 3B06     		.short	1595
 5856 0320 3F06     		.short	1599
 5857 0322 4306     		.short	1603
 5858 0324 4706     		.short	1607
 5859 0326 4B06     		.short	1611
 5860 0328 4F06     		.short	1615
 5861 032a 5306     		.short	1619
 5862 032c 5706     		.short	1623
 5863 032e 5B06     		.short	1627
 5864 0330 5F06     		.short	1631
 5865 0332 6306     		.short	1635
 5866 0334 6706     		.short	1639
 5867 0336 6B06     		.short	1643
 5868 0338 6F06     		.short	1647
 5869 033a 7306     		.short	1651
 5870 033c 7706     		.short	1655
 5871 033e 7B06     		.short	1659
 5872 0340 7F06     		.short	1663
 5873 0342 8306     		.short	1667
 5874 0344 8706     		.short	1671
 5875 0346 8B06     		.short	1675
 5876 0348 8F06     		.short	1679
 5877 034a 9306     		.short	1683
 5878 034c 9706     		.short	1687
 5879 034e 9B06     		.short	1691
 5880 0350 9F06     		.short	1695
 5881 0352 A306     		.short	1699
 5882 0354 A706     		.short	1703
 5883 0356 AB06     		.short	1707
 5884 0358 AF06     		.short	1711
 5885 035a B306     		.short	1715
 5886 035c B706     		.short	1719
 5887 035e BB06     		.short	1723
 5888 0360 BF06     		.short	1727
 5889 0362 C306     		.short	1731
ARM GAS  /var/folders/d6/h50ndp_j7xj_7552gzkj6_s40000gn/T//ccVJeyYC.s 			page 139


 5890 0364 C706     		.short	1735
 5891 0366 CB06     		.short	1739
 5892 0368 CF06     		.short	1743
 5893 036a D306     		.short	1747
 5894 036c D706     		.short	1751
 5895 036e DB06     		.short	1755
 5896 0370 DF06     		.short	1759
 5897 0372 E306     		.short	1763
 5898 0374 E706     		.short	1767
 5899 0376 EB06     		.short	1771
 5900 0378 EF06     		.short	1775
 5901 037a F306     		.short	1779
 5902 037c F706     		.short	1783
 5903 037e FB06     		.short	1787
 5904 0380 FF06     		.short	1791
 5905 0382 0307     		.short	1795
 5906 0384 0707     		.short	1799
 5907 0386 0B07     		.short	1803
 5908 0388 0F07     		.short	1807
 5909 038a 1307     		.short	1811
 5910 038c 1707     		.short	1815
 5911 038e 1B07     		.short	1819
 5912 0390 1F07     		.short	1823
 5913 0392 2307     		.short	1827
 5914 0394 2707     		.short	1831
 5915 0396 2B07     		.short	1835
 5916 0398 2F07     		.short	1839
 5917 039a 3307     		.short	1843
 5918 039c 3707     		.short	1847
 5919 039e 3B07     		.short	1851
 5920 03a0 3F07     		.short	1855
 5921 03a2 4307     		.short	1859
 5922 03a4 4707     		.short	1863
 5923 03a6 4B07     		.short	1867
 5924 03a8 4F07     		.short	1871
 5925 03aa 5307     		.short	1875
 5926 03ac 5707     		.short	1879
 5927 03ae 5B07     		.short	1883
 5928 03b0 5F07     		.short	1887
 5929 03b2 6307     		.short	1891
 5930 03b4 6707     		.short	1895
 5931 03b6 6B07     		.short	1899
 5932 03b8 6F07     		.short	1903
 5933 03ba 7307     		.short	1907
 5934 03bc 7707     		.short	1911
 5935 03be 7B07     		.short	1915
 5936 03c0 7F07     		.short	1919
 5937 03c2 8307     		.short	1923
 5938 03c4 8707     		.short	1927
 5939 03c6 8B07     		.short	1931
 5940 03c8 8F07     		.short	1935
 5941 03ca 9307     		.short	1939
 5942 03cc 9707     		.short	1943
 5943 03ce 9B07     		.short	1947
 5944 03d0 9F07     		.short	1951
 5945 03d2 A307     		.short	1955
 5946 03d4 A707     		.short	1959
ARM GAS  /var/folders/d6/h50ndp_j7xj_7552gzkj6_s40000gn/T//ccVJeyYC.s 			page 140


 5947 03d6 AB07     		.short	1963
 5948 03d8 AF07     		.short	1967
 5949 03da B307     		.short	1971
 5950 03dc B707     		.short	1975
 5951 03de BB07     		.short	1979
 5952 03e0 BF07     		.short	1983
 5953 03e2 C307     		.short	1987
 5954 03e4 C707     		.short	1991
 5955 03e6 CB07     		.short	1995
 5956 03e8 CF07     		.short	1999
 5957 03ea D307     		.short	2003
 5958 03ec D707     		.short	2007
 5959 03ee DB07     		.short	2011
 5960 03f0 DF07     		.short	2015
 5961 03f2 E307     		.short	2019
 5962 03f4 E707     		.short	2023
 5963 03f6 EB07     		.short	2027
 5964 03f8 EF07     		.short	2031
 5965 03fa F307     		.short	2035
 5966 03fc F707     		.short	2039
 5967 03fe FB07     		.short	2043
 5968 0400 FF07     		.short	2047
 5969 0402 0308     		.short	2051
 5970 0404 0708     		.short	2055
 5971 0406 0B08     		.short	2059
 5972 0408 0F08     		.short	2063
 5973 040a 1308     		.short	2067
 5974 040c 1708     		.short	2071
 5975 040e 1B08     		.short	2075
 5976 0410 1F08     		.short	2079
 5977 0412 2308     		.short	2083
 5978 0414 2708     		.short	2087
 5979 0416 2B08     		.short	2091
 5980 0418 2F08     		.short	2095
 5981 041a 3308     		.short	2099
 5982 041c 3708     		.short	2103
 5983 041e 3B08     		.short	2107
 5984 0420 3F08     		.short	2111
 5985 0422 4308     		.short	2115
 5986 0424 4708     		.short	2119
 5987 0426 4B08     		.short	2123
 5988 0428 4F08     		.short	2127
 5989 042a 5308     		.short	2131
 5990 042c 5708     		.short	2135
 5991 042e 5B08     		.short	2139
 5992 0430 5F08     		.short	2143
 5993 0432 6308     		.short	2147
 5994 0434 6708     		.short	2151
 5995 0436 6B08     		.short	2155
 5996 0438 6F08     		.short	2159
 5997 043a 7308     		.short	2163
 5998 043c 7708     		.short	2167
 5999 043e 7B08     		.short	2171
 6000 0440 7F08     		.short	2175
 6001 0442 8308     		.short	2179
 6002 0444 8708     		.short	2183
 6003 0446 8B08     		.short	2187
ARM GAS  /var/folders/d6/h50ndp_j7xj_7552gzkj6_s40000gn/T//ccVJeyYC.s 			page 141


 6004 0448 8F08     		.short	2191
 6005 044a 9308     		.short	2195
 6006 044c 9708     		.short	2199
 6007 044e 9B08     		.short	2203
 6008 0450 9F08     		.short	2207
 6009 0452 A308     		.short	2211
 6010 0454 A708     		.short	2215
 6011 0456 AB08     		.short	2219
 6012 0458 AF08     		.short	2223
 6013 045a B308     		.short	2227
 6014 045c B708     		.short	2231
 6015 045e BB08     		.short	2235
 6016 0460 BF08     		.short	2239
 6017 0462 C308     		.short	2243
 6018 0464 C708     		.short	2247
 6019 0466 CB08     		.short	2251
 6020 0468 CF08     		.short	2255
 6021 046a D308     		.short	2259
 6022 046c D708     		.short	2263
 6023 046e DB08     		.short	2267
 6024 0470 DF08     		.short	2271
 6025 0472 E308     		.short	2275
 6026 0474 E708     		.short	2279
 6027 0476 EB08     		.short	2283
 6028 0478 EF08     		.short	2287
 6029 047a F308     		.short	2291
 6030 047c F708     		.short	2295
 6031 047e FB08     		.short	2299
 6032 0480 FF08     		.short	2303
 6033 0482 0309     		.short	2307
 6034 0484 0709     		.short	2311
 6035 0486 0B09     		.short	2315
 6036 0488 0F09     		.short	2319
 6037 048a 1309     		.short	2323
 6038 048c 1709     		.short	2327
 6039 048e 1B09     		.short	2331
 6040 0490 1F09     		.short	2335
 6041 0492 2309     		.short	2339
 6042 0494 2709     		.short	2343
 6043 0496 2B09     		.short	2347
 6044 0498 2F09     		.short	2351
 6045 049a 3309     		.short	2355
 6046 049c 3709     		.short	2359
 6047 049e 3B09     		.short	2363
 6048 04a0 3F09     		.short	2367
 6049 04a2 4309     		.short	2371
 6050 04a4 4709     		.short	2375
 6051 04a6 4B09     		.short	2379
 6052 04a8 4F09     		.short	2383
 6053 04aa 5309     		.short	2387
 6054 04ac 5709     		.short	2391
 6055 04ae 5B09     		.short	2395
 6056 04b0 5F09     		.short	2399
 6057 04b2 6309     		.short	2403
 6058 04b4 6709     		.short	2407
 6059 04b6 6B09     		.short	2411
 6060 04b8 6F09     		.short	2415
ARM GAS  /var/folders/d6/h50ndp_j7xj_7552gzkj6_s40000gn/T//ccVJeyYC.s 			page 142


 6061 04ba 7309     		.short	2419
 6062 04bc 7709     		.short	2423
 6063 04be 7B09     		.short	2427
 6064 04c0 7F09     		.short	2431
 6065 04c2 8309     		.short	2435
 6066 04c4 8709     		.short	2439
 6067 04c6 8B09     		.short	2443
 6068 04c8 8F09     		.short	2447
 6069 04ca 9309     		.short	2451
 6070 04cc 9709     		.short	2455
 6071 04ce 9B09     		.short	2459
 6072 04d0 9F09     		.short	2463
 6073 04d2 A309     		.short	2467
 6074 04d4 A709     		.short	2471
 6075 04d6 AB09     		.short	2475
 6076 04d8 AF09     		.short	2479
 6077 04da B309     		.short	2483
 6078 04dc B709     		.short	2487
 6079 04de BB09     		.short	2491
 6080 04e0 BF09     		.short	2495
 6081 04e2 C309     		.short	2499
 6082 04e4 C709     		.short	2503
 6083 04e6 CB09     		.short	2507
 6084 04e8 CF09     		.short	2511
 6085 04ea D309     		.short	2515
 6086 04ec D709     		.short	2519
 6087 04ee DB09     		.short	2523
 6088 04f0 DF09     		.short	2527
 6089 04f2 E309     		.short	2531
 6090 04f4 E709     		.short	2535
 6091 04f6 EB09     		.short	2539
 6092 04f8 EF09     		.short	2543
 6093 04fa F309     		.short	2547
 6094 04fc F709     		.short	2551
 6095 04fe FB09     		.short	2555
 6096 0500 FF09     		.short	2559
 6097 0502 030A     		.short	2563
 6098 0504 070A     		.short	2567
 6099 0506 0B0A     		.short	2571
 6100 0508 0F0A     		.short	2575
 6101 050a 130A     		.short	2579
 6102 050c 170A     		.short	2583
 6103 050e 1B0A     		.short	2587
 6104 0510 1F0A     		.short	2591
 6105 0512 230A     		.short	2595
 6106 0514 270A     		.short	2599
 6107 0516 2B0A     		.short	2603
 6108 0518 2F0A     		.short	2607
 6109 051a 330A     		.short	2611
 6110 051c 370A     		.short	2615
 6111 051e 3B0A     		.short	2619
 6112 0520 3F0A     		.short	2623
 6113 0522 430A     		.short	2627
 6114 0524 470A     		.short	2631
 6115 0526 4B0A     		.short	2635
 6116 0528 4F0A     		.short	2639
 6117 052a 530A     		.short	2643
ARM GAS  /var/folders/d6/h50ndp_j7xj_7552gzkj6_s40000gn/T//ccVJeyYC.s 			page 143


 6118 052c 570A     		.short	2647
 6119 052e 5B0A     		.short	2651
 6120 0530 5F0A     		.short	2655
 6121 0532 630A     		.short	2659
 6122 0534 670A     		.short	2663
 6123 0536 6B0A     		.short	2667
 6124 0538 6F0A     		.short	2671
 6125 053a 730A     		.short	2675
 6126 053c 770A     		.short	2679
 6127 053e 7B0A     		.short	2683
 6128 0540 7F0A     		.short	2687
 6129 0542 830A     		.short	2691
 6130 0544 870A     		.short	2695
 6131 0546 8B0A     		.short	2699
 6132 0548 8F0A     		.short	2703
 6133 054a 930A     		.short	2707
 6134 054c 970A     		.short	2711
 6135 054e 9B0A     		.short	2715
 6136 0550 9F0A     		.short	2719
 6137 0552 A30A     		.short	2723
 6138 0554 A70A     		.short	2727
 6139 0556 AB0A     		.short	2731
 6140 0558 AF0A     		.short	2735
 6141 055a B30A     		.short	2739
 6142 055c B70A     		.short	2743
 6143 055e BB0A     		.short	2747
 6144 0560 BF0A     		.short	2751
 6145 0562 C30A     		.short	2755
 6146 0564 C70A     		.short	2759
 6147 0566 CB0A     		.short	2763
 6148 0568 CF0A     		.short	2767
 6149 056a D30A     		.short	2771
 6150 056c D70A     		.short	2775
 6151 056e DB0A     		.short	2779
 6152 0570 DF0A     		.short	2783
 6153 0572 E30A     		.short	2787
 6154 0574 E70A     		.short	2791
 6155 0576 EB0A     		.short	2795
 6156 0578 EF0A     		.short	2799
 6157 057a F30A     		.short	2803
 6158 057c F70A     		.short	2807
 6159 057e FB0A     		.short	2811
 6160 0580 FF0A     		.short	2815
 6161 0582 030B     		.short	2819
 6162 0584 070B     		.short	2823
 6163 0586 0B0B     		.short	2827
 6164 0588 0F0B     		.short	2831
 6165 058a 130B     		.short	2835
 6166 058c 170B     		.short	2839
 6167 058e 1B0B     		.short	2843
 6168 0590 1F0B     		.short	2847
 6169 0592 230B     		.short	2851
 6170 0594 270B     		.short	2855
 6171 0596 2B0B     		.short	2859
 6172 0598 2F0B     		.short	2863
 6173 059a 330B     		.short	2867
 6174 059c 370B     		.short	2871
ARM GAS  /var/folders/d6/h50ndp_j7xj_7552gzkj6_s40000gn/T//ccVJeyYC.s 			page 144


 6175 059e 3B0B     		.short	2875
 6176 05a0 3F0B     		.short	2879
 6177 05a2 430B     		.short	2883
 6178 05a4 470B     		.short	2887
 6179 05a6 4B0B     		.short	2891
 6180 05a8 4F0B     		.short	2895
 6181 05aa 530B     		.short	2899
 6182 05ac 570B     		.short	2903
 6183 05ae 5B0B     		.short	2907
 6184 05b0 5F0B     		.short	2911
 6185 05b2 630B     		.short	2915
 6186 05b4 670B     		.short	2919
 6187 05b6 6B0B     		.short	2923
 6188 05b8 6F0B     		.short	2927
 6189 05ba 730B     		.short	2931
 6190 05bc 770B     		.short	2935
 6191 05be 7B0B     		.short	2939
 6192 05c0 7F0B     		.short	2943
 6193 05c2 830B     		.short	2947
 6194 05c4 870B     		.short	2951
 6195 05c6 8B0B     		.short	2955
 6196 05c8 8F0B     		.short	2959
 6197 05ca 930B     		.short	2963
 6198 05cc 970B     		.short	2967
 6199 05ce 9B0B     		.short	2971
 6200 05d0 9F0B     		.short	2975
 6201 05d2 A30B     		.short	2979
 6202 05d4 A70B     		.short	2983
 6203 05d6 AB0B     		.short	2987
 6204 05d8 AF0B     		.short	2991
 6205 05da B30B     		.short	2995
 6206 05dc B70B     		.short	2999
 6207 05de BB0B     		.short	3003
 6208 05e0 BF0B     		.short	3007
 6209 05e2 C30B     		.short	3011
 6210 05e4 C70B     		.short	3015
 6211 05e6 CB0B     		.short	3019
 6212 05e8 CF0B     		.short	3023
 6213 05ea D30B     		.short	3027
 6214 05ec D70B     		.short	3031
 6215 05ee DB0B     		.short	3035
 6216 05f0 DF0B     		.short	3039
 6217 05f2 E30B     		.short	3043
 6218 05f4 E70B     		.short	3047
 6219 05f6 EB0B     		.short	3051
 6220 05f8 EF0B     		.short	3055
 6221 05fa F30B     		.short	3059
 6222 05fc F70B     		.short	3063
 6223 05fe FB0B     		.short	3067
 6224 0600 FF0B     		.short	3071
 6225 0602 030C     		.short	3075
 6226 0604 070C     		.short	3079
 6227 0606 0B0C     		.short	3083
 6228 0608 0F0C     		.short	3087
 6229 060a 130C     		.short	3091
 6230 060c 170C     		.short	3095
 6231 060e 1B0C     		.short	3099
ARM GAS  /var/folders/d6/h50ndp_j7xj_7552gzkj6_s40000gn/T//ccVJeyYC.s 			page 145


 6232 0610 1F0C     		.short	3103
 6233 0612 230C     		.short	3107
 6234 0614 270C     		.short	3111
 6235 0616 2B0C     		.short	3115
 6236 0618 2F0C     		.short	3119
 6237 061a 330C     		.short	3123
 6238 061c 370C     		.short	3127
 6239 061e 3B0C     		.short	3131
 6240 0620 3F0C     		.short	3135
 6241 0622 430C     		.short	3139
 6242 0624 470C     		.short	3143
 6243 0626 4B0C     		.short	3147
 6244 0628 4F0C     		.short	3151
 6245 062a 530C     		.short	3155
 6246 062c 570C     		.short	3159
 6247 062e 5B0C     		.short	3163
 6248 0630 5F0C     		.short	3167
 6249 0632 630C     		.short	3171
 6250 0634 670C     		.short	3175
 6251 0636 6B0C     		.short	3179
 6252 0638 6F0C     		.short	3183
 6253 063a 730C     		.short	3187
 6254 063c 770C     		.short	3191
 6255 063e 7B0C     		.short	3195
 6256 0640 7F0C     		.short	3199
 6257 0642 830C     		.short	3203
 6258 0644 870C     		.short	3207
 6259 0646 8B0C     		.short	3211
 6260 0648 8F0C     		.short	3215
 6261 064a 930C     		.short	3219
 6262 064c 970C     		.short	3223
 6263 064e 9B0C     		.short	3227
 6264 0650 9F0C     		.short	3231
 6265 0652 A30C     		.short	3235
 6266 0654 A70C     		.short	3239
 6267 0656 AB0C     		.short	3243
 6268 0658 AF0C     		.short	3247
 6269 065a B30C     		.short	3251
 6270 065c B70C     		.short	3255
 6271 065e BB0C     		.short	3259
 6272 0660 BF0C     		.short	3263
 6273 0662 C30C     		.short	3267
 6274 0664 C70C     		.short	3271
 6275 0666 CB0C     		.short	3275
 6276 0668 CF0C     		.short	3279
 6277 066a D30C     		.short	3283
 6278 066c D70C     		.short	3287
 6279 066e DB0C     		.short	3291
 6280 0670 DF0C     		.short	3295
 6281 0672 E30C     		.short	3299
 6282 0674 E70C     		.short	3303
 6283 0676 EB0C     		.short	3307
 6284 0678 EF0C     		.short	3311
 6285 067a F30C     		.short	3315
 6286 067c F70C     		.short	3319
 6287 067e FB0C     		.short	3323
 6288 0680 FF0C     		.short	3327
ARM GAS  /var/folders/d6/h50ndp_j7xj_7552gzkj6_s40000gn/T//ccVJeyYC.s 			page 146


 6289 0682 030D     		.short	3331
 6290 0684 070D     		.short	3335
 6291 0686 0B0D     		.short	3339
 6292 0688 0F0D     		.short	3343
 6293 068a 130D     		.short	3347
 6294 068c 170D     		.short	3351
 6295 068e 1B0D     		.short	3355
 6296 0690 1F0D     		.short	3359
 6297 0692 230D     		.short	3363
 6298 0694 270D     		.short	3367
 6299 0696 2B0D     		.short	3371
 6300 0698 2F0D     		.short	3375
 6301 069a 330D     		.short	3379
 6302 069c 370D     		.short	3383
 6303 069e 3B0D     		.short	3387
 6304 06a0 3F0D     		.short	3391
 6305 06a2 430D     		.short	3395
 6306 06a4 470D     		.short	3399
 6307 06a6 4B0D     		.short	3403
 6308 06a8 4F0D     		.short	3407
 6309 06aa 530D     		.short	3411
 6310 06ac 570D     		.short	3415
 6311 06ae 5B0D     		.short	3419
 6312 06b0 5F0D     		.short	3423
 6313 06b2 630D     		.short	3427
 6314 06b4 670D     		.short	3431
 6315 06b6 6B0D     		.short	3435
 6316 06b8 6F0D     		.short	3439
 6317 06ba 730D     		.short	3443
 6318 06bc 770D     		.short	3447
 6319 06be 7B0D     		.short	3451
 6320 06c0 7F0D     		.short	3455
 6321 06c2 830D     		.short	3459
 6322 06c4 870D     		.short	3463
 6323 06c6 8B0D     		.short	3467
 6324 06c8 8F0D     		.short	3471
 6325 06ca 930D     		.short	3475
 6326 06cc 970D     		.short	3479
 6327 06ce 9B0D     		.short	3483
 6328 06d0 9F0D     		.short	3487
 6329 06d2 A30D     		.short	3491
 6330 06d4 A70D     		.short	3495
 6331 06d6 AB0D     		.short	3499
 6332 06d8 AF0D     		.short	3503
 6333 06da B30D     		.short	3507
 6334 06dc B70D     		.short	3511
 6335 06de BB0D     		.short	3515
 6336 06e0 BF0D     		.short	3519
 6337 06e2 C30D     		.short	3523
 6338 06e4 C70D     		.short	3527
 6339 06e6 CB0D     		.short	3531
 6340 06e8 CF0D     		.short	3535
 6341 06ea D30D     		.short	3539
 6342 06ec D70D     		.short	3543
 6343 06ee DB0D     		.short	3547
 6344 06f0 DF0D     		.short	3551
 6345 06f2 E30D     		.short	3555
ARM GAS  /var/folders/d6/h50ndp_j7xj_7552gzkj6_s40000gn/T//ccVJeyYC.s 			page 147


 6346 06f4 E70D     		.short	3559
 6347 06f6 EB0D     		.short	3563
 6348 06f8 EF0D     		.short	3567
 6349 06fa F30D     		.short	3571
 6350 06fc F70D     		.short	3575
 6351 06fe FB0D     		.short	3579
 6352 0700 FF0D     		.short	3583
 6353 0702 030E     		.short	3587
 6354 0704 070E     		.short	3591
 6355 0706 0B0E     		.short	3595
 6356 0708 0F0E     		.short	3599
 6357 070a 130E     		.short	3603
 6358 070c 170E     		.short	3607
 6359 070e 1B0E     		.short	3611
 6360 0710 1F0E     		.short	3615
 6361 0712 230E     		.short	3619
 6362 0714 270E     		.short	3623
 6363 0716 2B0E     		.short	3627
 6364 0718 2F0E     		.short	3631
 6365 071a 330E     		.short	3635
 6366 071c 370E     		.short	3639
 6367 071e 3B0E     		.short	3643
 6368 0720 3F0E     		.short	3647
 6369 0722 430E     		.short	3651
 6370 0724 470E     		.short	3655
 6371 0726 4B0E     		.short	3659
 6372 0728 4F0E     		.short	3663
 6373 072a 530E     		.short	3667
 6374 072c 570E     		.short	3671
 6375 072e 5B0E     		.short	3675
 6376 0730 5F0E     		.short	3679
 6377 0732 630E     		.short	3683
 6378 0734 670E     		.short	3687
 6379 0736 6B0E     		.short	3691
 6380 0738 6F0E     		.short	3695
 6381 073a 730E     		.short	3699
 6382 073c 770E     		.short	3703
 6383 073e 7B0E     		.short	3707
 6384 0740 7F0E     		.short	3711
 6385 0742 830E     		.short	3715
 6386 0744 870E     		.short	3719
 6387 0746 8B0E     		.short	3723
 6388 0748 8F0E     		.short	3727
 6389 074a 930E     		.short	3731
 6390 074c 970E     		.short	3735
 6391 074e 9B0E     		.short	3739
 6392 0750 9F0E     		.short	3743
 6393 0752 A30E     		.short	3747
 6394 0754 A70E     		.short	3751
 6395 0756 AB0E     		.short	3755
 6396 0758 AF0E     		.short	3759
 6397 075a B30E     		.short	3763
 6398 075c B70E     		.short	3767
 6399 075e BB0E     		.short	3771
 6400 0760 BF0E     		.short	3775
 6401 0762 C30E     		.short	3779
 6402 0764 C70E     		.short	3783
ARM GAS  /var/folders/d6/h50ndp_j7xj_7552gzkj6_s40000gn/T//ccVJeyYC.s 			page 148


 6403 0766 CB0E     		.short	3787
 6404 0768 CF0E     		.short	3791
 6405 076a D30E     		.short	3795
 6406 076c D70E     		.short	3799
 6407 076e DB0E     		.short	3803
 6408 0770 DF0E     		.short	3807
 6409 0772 E30E     		.short	3811
 6410 0774 E70E     		.short	3815
 6411 0776 EB0E     		.short	3819
 6412 0778 EF0E     		.short	3823
 6413 077a F30E     		.short	3827
 6414 077c F70E     		.short	3831
 6415 077e FB0E     		.short	3835
 6416 0780 FF0E     		.short	3839
 6417 0782 030F     		.short	3843
 6418 0784 070F     		.short	3847
 6419 0786 0B0F     		.short	3851
 6420 0788 0F0F     		.short	3855
 6421 078a 130F     		.short	3859
 6422 078c 170F     		.short	3863
 6423 078e 1B0F     		.short	3867
 6424 0790 1F0F     		.short	3871
 6425 0792 230F     		.short	3875
 6426 0794 270F     		.short	3879
 6427 0796 2B0F     		.short	3883
 6428 0798 2F0F     		.short	3887
 6429 079a 330F     		.short	3891
 6430 079c 370F     		.short	3895
 6431 079e 3B0F     		.short	3899
 6432 07a0 3F0F     		.short	3903
 6433 07a2 430F     		.short	3907
 6434 07a4 470F     		.short	3911
 6435 07a6 4B0F     		.short	3915
 6436 07a8 4F0F     		.short	3919
 6437 07aa 530F     		.short	3923
 6438 07ac 570F     		.short	3927
 6439 07ae 5B0F     		.short	3931
 6440 07b0 5F0F     		.short	3935
 6441 07b2 630F     		.short	3939
 6442 07b4 670F     		.short	3943
 6443 07b6 6B0F     		.short	3947
 6444 07b8 6F0F     		.short	3951
 6445 07ba 730F     		.short	3955
 6446 07bc 770F     		.short	3959
 6447 07be 7B0F     		.short	3963
 6448 07c0 7F0F     		.short	3967
 6449 07c2 830F     		.short	3971
 6450 07c4 870F     		.short	3975
 6451 07c6 8B0F     		.short	3979
 6452 07c8 8F0F     		.short	3983
 6453 07ca 930F     		.short	3987
 6454 07cc 970F     		.short	3991
 6455 07ce 9B0F     		.short	3995
 6456 07d0 9F0F     		.short	3999
 6457 07d2 A30F     		.short	4003
 6458 07d4 A70F     		.short	4007
 6459 07d6 AB0F     		.short	4011
ARM GAS  /var/folders/d6/h50ndp_j7xj_7552gzkj6_s40000gn/T//ccVJeyYC.s 			page 149


 6460 07d8 AF0F     		.short	4015
 6461 07da B30F     		.short	4019
 6462 07dc B70F     		.short	4023
 6463 07de BB0F     		.short	4027
 6464 07e0 BF0F     		.short	4031
 6465 07e2 C30F     		.short	4035
 6466 07e4 C70F     		.short	4039
 6467 07e6 CB0F     		.short	4043
 6468 07e8 CF0F     		.short	4047
 6469 07ea D30F     		.short	4051
 6470 07ec D70F     		.short	4055
 6471 07ee DB0F     		.short	4059
 6472 07f0 DF0F     		.short	4063
 6473 07f2 E30F     		.short	4067
 6474 07f4 E70F     		.short	4071
 6475 07f6 EB0F     		.short	4075
 6476 07f8 EF0F     		.short	4079
 6477 07fa F30F     		.short	4083
 6478 07fc F70F     		.short	4087
 6479 07fe FB0F     		.short	4091
 6480              		.section	.rodata.Sin_LUT,"a"
 6481              		.align	2
 6484              	Sin_LUT:
 6485 0000 FF07     		.short	2047
 6486 0002 0C08     		.short	2060
 6487 0004 1808     		.short	2072
 6488 0006 2508     		.short	2085
 6489 0008 3108     		.short	2097
 6490 000a 3E08     		.short	2110
 6491 000c 4A08     		.short	2122
 6492 000e 5708     		.short	2135
 6493 0010 6308     		.short	2147
 6494 0012 7008     		.short	2160
 6495 0014 7D08     		.short	2173
 6496 0016 8908     		.short	2185
 6497 0018 9608     		.short	2198
 6498 001a A208     		.short	2210
 6499 001c AF08     		.short	2223
 6500 001e BB08     		.short	2235
 6501 0020 C808     		.short	2248
 6502 0022 D408     		.short	2260
 6503 0024 E108     		.short	2273
 6504 0026 ED08     		.short	2285
 6505 0028 FA08     		.short	2298
 6506 002a 0609     		.short	2310
 6507 002c 1309     		.short	2323
 6508 002e 1F09     		.short	2335
 6509 0030 2B09     		.short	2347
 6510 0032 3809     		.short	2360
 6511 0034 4409     		.short	2372
 6512 0036 5109     		.short	2385
 6513 0038 5D09     		.short	2397
 6514 003a 6909     		.short	2409
 6515 003c 7609     		.short	2422
 6516 003e 8209     		.short	2434
 6517 0040 8E09     		.short	2446
 6518 0042 9B09     		.short	2459
ARM GAS  /var/folders/d6/h50ndp_j7xj_7552gzkj6_s40000gn/T//ccVJeyYC.s 			page 150


 6519 0044 A709     		.short	2471
 6520 0046 B309     		.short	2483
 6521 0048 C009     		.short	2496
 6522 004a CC09     		.short	2508
 6523 004c D809     		.short	2520
 6524 004e E409     		.short	2532
 6525 0050 F109     		.short	2545
 6526 0052 FD09     		.short	2557
 6527 0054 090A     		.short	2569
 6528 0056 150A     		.short	2581
 6529 0058 210A     		.short	2593
 6530 005a 2D0A     		.short	2605
 6531 005c 390A     		.short	2617
 6532 005e 450A     		.short	2629
 6533 0060 510A     		.short	2641
 6534 0062 5D0A     		.short	2653
 6535 0064 690A     		.short	2665
 6536 0066 750A     		.short	2677
 6537 0068 810A     		.short	2689
 6538 006a 8D0A     		.short	2701
 6539 006c 990A     		.short	2713
 6540 006e A50A     		.short	2725
 6541 0070 B10A     		.short	2737
 6542 0072 BD0A     		.short	2749
 6543 0074 C80A     		.short	2760
 6544 0076 D40A     		.short	2772
 6545 0078 E00A     		.short	2784
 6546 007a EC0A     		.short	2796
 6547 007c F70A     		.short	2807
 6548 007e 030B     		.short	2819
 6549 0080 0F0B     		.short	2831
 6550 0082 1A0B     		.short	2842
 6551 0084 260B     		.short	2854
 6552 0086 310B     		.short	2865
 6553 0088 3D0B     		.short	2877
 6554 008a 480B     		.short	2888
 6555 008c 540B     		.short	2900
 6556 008e 5F0B     		.short	2911
 6557 0090 6A0B     		.short	2922
 6558 0092 760B     		.short	2934
 6559 0094 810B     		.short	2945
 6560 0096 8C0B     		.short	2956
 6561 0098 980B     		.short	2968
 6562 009a A30B     		.short	2979
 6563 009c AE0B     		.short	2990
 6564 009e B90B     		.short	3001
 6565 00a0 C40B     		.short	3012
 6566 00a2 CF0B     		.short	3023
 6567 00a4 DA0B     		.short	3034
 6568 00a6 E50B     		.short	3045
 6569 00a8 F00B     		.short	3056
 6570 00aa FB0B     		.short	3067
 6571 00ac 060C     		.short	3078
 6572 00ae 110C     		.short	3089
 6573 00b0 1C0C     		.short	3100
 6574 00b2 260C     		.short	3110
 6575 00b4 310C     		.short	3121
ARM GAS  /var/folders/d6/h50ndp_j7xj_7552gzkj6_s40000gn/T//ccVJeyYC.s 			page 151


 6576 00b6 3C0C     		.short	3132
 6577 00b8 460C     		.short	3142
 6578 00ba 510C     		.short	3153
 6579 00bc 5C0C     		.short	3164
 6580 00be 660C     		.short	3174
 6581 00c0 710C     		.short	3185
 6582 00c2 7B0C     		.short	3195
 6583 00c4 850C     		.short	3205
 6584 00c6 900C     		.short	3216
 6585 00c8 9A0C     		.short	3226
 6586 00ca A40C     		.short	3236
 6587 00cc AE0C     		.short	3246
 6588 00ce B90C     		.short	3257
 6589 00d0 C30C     		.short	3267
 6590 00d2 CD0C     		.short	3277
 6591 00d4 D70C     		.short	3287
 6592 00d6 E10C     		.short	3297
 6593 00d8 EB0C     		.short	3307
 6594 00da F50C     		.short	3317
 6595 00dc FE0C     		.short	3326
 6596 00de 080D     		.short	3336
 6597 00e0 120D     		.short	3346
 6598 00e2 1C0D     		.short	3356
 6599 00e4 250D     		.short	3365
 6600 00e6 2F0D     		.short	3375
 6601 00e8 380D     		.short	3384
 6602 00ea 420D     		.short	3394
 6603 00ec 4B0D     		.short	3403
 6604 00ee 550D     		.short	3413
 6605 00f0 5E0D     		.short	3422
 6606 00f2 670D     		.short	3431
 6607 00f4 710D     		.short	3441
 6608 00f6 7A0D     		.short	3450
 6609 00f8 830D     		.short	3459
 6610 00fa 8C0D     		.short	3468
 6611 00fc 950D     		.short	3477
 6612 00fe 9E0D     		.short	3486
 6613 0100 A70D     		.short	3495
 6614 0102 B00D     		.short	3504
 6615 0104 B80D     		.short	3512
 6616 0106 C10D     		.short	3521
 6617 0108 CA0D     		.short	3530
 6618 010a D30D     		.short	3539
 6619 010c DB0D     		.short	3547
 6620 010e E40D     		.short	3556
 6621 0110 EC0D     		.short	3564
 6622 0112 F50D     		.short	3573
 6623 0114 FD0D     		.short	3581
 6624 0116 050E     		.short	3589
 6625 0118 0D0E     		.short	3597
 6626 011a 160E     		.short	3606
 6627 011c 1E0E     		.short	3614
 6628 011e 260E     		.short	3622
 6629 0120 2E0E     		.short	3630
 6630 0122 360E     		.short	3638
 6631 0124 3E0E     		.short	3646
 6632 0126 450E     		.short	3653
ARM GAS  /var/folders/d6/h50ndp_j7xj_7552gzkj6_s40000gn/T//ccVJeyYC.s 			page 152


 6633 0128 4D0E     		.short	3661
 6634 012a 550E     		.short	3669
 6635 012c 5C0E     		.short	3676
 6636 012e 640E     		.short	3684
 6637 0130 6C0E     		.short	3692
 6638 0132 730E     		.short	3699
 6639 0134 7A0E     		.short	3706
 6640 0136 820E     		.short	3714
 6641 0138 890E     		.short	3721
 6642 013a 900E     		.short	3728
 6643 013c 970E     		.short	3735
 6644 013e 9E0E     		.short	3742
 6645 0140 A50E     		.short	3749
 6646 0142 AC0E     		.short	3756
 6647 0144 B30E     		.short	3763
 6648 0146 BA0E     		.short	3770
 6649 0148 C10E     		.short	3777
 6650 014a C80E     		.short	3784
 6651 014c CE0E     		.short	3790
 6652 014e D50E     		.short	3797
 6653 0150 DB0E     		.short	3803
 6654 0152 E20E     		.short	3810
 6655 0154 E80E     		.short	3816
 6656 0156 EE0E     		.short	3822
 6657 0158 F50E     		.short	3829
 6658 015a FB0E     		.short	3835
 6659 015c 010F     		.short	3841
 6660 015e 070F     		.short	3847
 6661 0160 0D0F     		.short	3853
 6662 0162 130F     		.short	3859
 6663 0164 180F     		.short	3864
 6664 0166 1E0F     		.short	3870
 6665 0168 240F     		.short	3876
 6666 016a 290F     		.short	3881
 6667 016c 2F0F     		.short	3887
 6668 016e 350F     		.short	3893
 6669 0170 3A0F     		.short	3898
 6670 0172 3F0F     		.short	3903
 6671 0174 450F     		.short	3909
 6672 0176 4A0F     		.short	3914
 6673 0178 4F0F     		.short	3919
 6674 017a 540F     		.short	3924
 6675 017c 590F     		.short	3929
 6676 017e 5E0F     		.short	3934
 6677 0180 630F     		.short	3939
 6678 0182 670F     		.short	3943
 6679 0184 6C0F     		.short	3948
 6680 0186 710F     		.short	3953
 6681 0188 750F     		.short	3957
 6682 018a 7A0F     		.short	3962
 6683 018c 7E0F     		.short	3966
 6684 018e 830F     		.short	3971
 6685 0190 870F     		.short	3975
 6686 0192 8B0F     		.short	3979
 6687 0194 8F0F     		.short	3983
 6688 0196 930F     		.short	3987
 6689 0198 970F     		.short	3991
ARM GAS  /var/folders/d6/h50ndp_j7xj_7552gzkj6_s40000gn/T//ccVJeyYC.s 			page 153


 6690 019a 9B0F     		.short	3995
 6691 019c 9F0F     		.short	3999
 6692 019e A30F     		.short	4003
 6693 01a0 A60F     		.short	4006
 6694 01a2 AA0F     		.short	4010
 6695 01a4 AD0F     		.short	4013
 6696 01a6 B10F     		.short	4017
 6697 01a8 B40F     		.short	4020
 6698 01aa B80F     		.short	4024
 6699 01ac BB0F     		.short	4027
 6700 01ae BE0F     		.short	4030
 6701 01b0 C10F     		.short	4033
 6702 01b2 C40F     		.short	4036
 6703 01b4 C70F     		.short	4039
 6704 01b6 CA0F     		.short	4042
 6705 01b8 CD0F     		.short	4045
 6706 01ba CF0F     		.short	4047
 6707 01bc D20F     		.short	4050
 6708 01be D50F     		.short	4053
 6709 01c0 D70F     		.short	4055
 6710 01c2 DA0F     		.short	4058
 6711 01c4 DC0F     		.short	4060
 6712 01c6 DE0F     		.short	4062
 6713 01c8 E00F     		.short	4064
 6714 01ca E20F     		.short	4066
 6715 01cc E40F     		.short	4068
 6716 01ce E60F     		.short	4070
 6717 01d0 E80F     		.short	4072
 6718 01d2 EA0F     		.short	4074
 6719 01d4 EC0F     		.short	4076
 6720 01d6 EE0F     		.short	4078
 6721 01d8 EF0F     		.short	4079
 6722 01da F10F     		.short	4081
 6723 01dc F20F     		.short	4082
 6724 01de F30F     		.short	4083
 6725 01e0 F50F     		.short	4085
 6726 01e2 F60F     		.short	4086
 6727 01e4 F70F     		.short	4087
 6728 01e6 F80F     		.short	4088
 6729 01e8 F90F     		.short	4089
 6730 01ea FA0F     		.short	4090
 6731 01ec FB0F     		.short	4091
 6732 01ee FB0F     		.short	4091
 6733 01f0 FC0F     		.short	4092
 6734 01f2 FD0F     		.short	4093
 6735 01f4 FD0F     		.short	4093
 6736 01f6 FE0F     		.short	4094
 6737 01f8 FE0F     		.short	4094
 6738 01fa FE0F     		.short	4094
 6739 01fc FE0F     		.short	4094
 6740 01fe FE0F     		.short	4094
 6741 0200 FF0F     		.short	4095
 6742 0202 FE0F     		.short	4094
 6743 0204 FE0F     		.short	4094
 6744 0206 FE0F     		.short	4094
 6745 0208 FE0F     		.short	4094
 6746 020a FE0F     		.short	4094
ARM GAS  /var/folders/d6/h50ndp_j7xj_7552gzkj6_s40000gn/T//ccVJeyYC.s 			page 154


 6747 020c FD0F     		.short	4093
 6748 020e FD0F     		.short	4093
 6749 0210 FC0F     		.short	4092
 6750 0212 FB0F     		.short	4091
 6751 0214 FB0F     		.short	4091
 6752 0216 FA0F     		.short	4090
 6753 0218 F90F     		.short	4089
 6754 021a F80F     		.short	4088
 6755 021c F70F     		.short	4087
 6756 021e F60F     		.short	4086
 6757 0220 F50F     		.short	4085
 6758 0222 F30F     		.short	4083
 6759 0224 F20F     		.short	4082
 6760 0226 F10F     		.short	4081
 6761 0228 EF0F     		.short	4079
 6762 022a EE0F     		.short	4078
 6763 022c EC0F     		.short	4076
 6764 022e EA0F     		.short	4074
 6765 0230 E80F     		.short	4072
 6766 0232 E60F     		.short	4070
 6767 0234 E40F     		.short	4068
 6768 0236 E20F     		.short	4066
 6769 0238 E00F     		.short	4064
 6770 023a DE0F     		.short	4062
 6771 023c DC0F     		.short	4060
 6772 023e DA0F     		.short	4058
 6773 0240 D70F     		.short	4055
 6774 0242 D50F     		.short	4053
 6775 0244 D20F     		.short	4050
 6776 0246 CF0F     		.short	4047
 6777 0248 CD0F     		.short	4045
 6778 024a CA0F     		.short	4042
 6779 024c C70F     		.short	4039
 6780 024e C40F     		.short	4036
 6781 0250 C10F     		.short	4033
 6782 0252 BE0F     		.short	4030
 6783 0254 BB0F     		.short	4027
 6784 0256 B80F     		.short	4024
 6785 0258 B40F     		.short	4020
 6786 025a B10F     		.short	4017
 6787 025c AD0F     		.short	4013
 6788 025e AA0F     		.short	4010
 6789 0260 A60F     		.short	4006
 6790 0262 A30F     		.short	4003
 6791 0264 9F0F     		.short	3999
 6792 0266 9B0F     		.short	3995
 6793 0268 970F     		.short	3991
 6794 026a 930F     		.short	3987
 6795 026c 8F0F     		.short	3983
 6796 026e 8B0F     		.short	3979
 6797 0270 870F     		.short	3975
 6798 0272 830F     		.short	3971
 6799 0274 7E0F     		.short	3966
 6800 0276 7A0F     		.short	3962
 6801 0278 750F     		.short	3957
 6802 027a 710F     		.short	3953
 6803 027c 6C0F     		.short	3948
ARM GAS  /var/folders/d6/h50ndp_j7xj_7552gzkj6_s40000gn/T//ccVJeyYC.s 			page 155


 6804 027e 670F     		.short	3943
 6805 0280 630F     		.short	3939
 6806 0282 5E0F     		.short	3934
 6807 0284 590F     		.short	3929
 6808 0286 540F     		.short	3924
 6809 0288 4F0F     		.short	3919
 6810 028a 4A0F     		.short	3914
 6811 028c 450F     		.short	3909
 6812 028e 3F0F     		.short	3903
 6813 0290 3A0F     		.short	3898
 6814 0292 350F     		.short	3893
 6815 0294 2F0F     		.short	3887
 6816 0296 290F     		.short	3881
 6817 0298 240F     		.short	3876
 6818 029a 1E0F     		.short	3870
 6819 029c 180F     		.short	3864
 6820 029e 130F     		.short	3859
 6821 02a0 0D0F     		.short	3853
 6822 02a2 070F     		.short	3847
 6823 02a4 010F     		.short	3841
 6824 02a6 FB0E     		.short	3835
 6825 02a8 F50E     		.short	3829
 6826 02aa EE0E     		.short	3822
 6827 02ac E80E     		.short	3816
 6828 02ae E20E     		.short	3810
 6829 02b0 DB0E     		.short	3803
 6830 02b2 D50E     		.short	3797
 6831 02b4 CE0E     		.short	3790
 6832 02b6 C80E     		.short	3784
 6833 02b8 C10E     		.short	3777
 6834 02ba BA0E     		.short	3770
 6835 02bc B30E     		.short	3763
 6836 02be AC0E     		.short	3756
 6837 02c0 A50E     		.short	3749
 6838 02c2 9E0E     		.short	3742
 6839 02c4 970E     		.short	3735
 6840 02c6 900E     		.short	3728
 6841 02c8 890E     		.short	3721
 6842 02ca 820E     		.short	3714
 6843 02cc 7A0E     		.short	3706
 6844 02ce 730E     		.short	3699
 6845 02d0 6C0E     		.short	3692
 6846 02d2 640E     		.short	3684
 6847 02d4 5C0E     		.short	3676
 6848 02d6 550E     		.short	3669
 6849 02d8 4D0E     		.short	3661
 6850 02da 450E     		.short	3653
 6851 02dc 3E0E     		.short	3646
 6852 02de 360E     		.short	3638
 6853 02e0 2E0E     		.short	3630
 6854 02e2 260E     		.short	3622
 6855 02e4 1E0E     		.short	3614
 6856 02e6 160E     		.short	3606
 6857 02e8 0D0E     		.short	3597
 6858 02ea 050E     		.short	3589
 6859 02ec FD0D     		.short	3581
 6860 02ee F50D     		.short	3573
ARM GAS  /var/folders/d6/h50ndp_j7xj_7552gzkj6_s40000gn/T//ccVJeyYC.s 			page 156


 6861 02f0 EC0D     		.short	3564
 6862 02f2 E40D     		.short	3556
 6863 02f4 DB0D     		.short	3547
 6864 02f6 D30D     		.short	3539
 6865 02f8 CA0D     		.short	3530
 6866 02fa C10D     		.short	3521
 6867 02fc B80D     		.short	3512
 6868 02fe B00D     		.short	3504
 6869 0300 A70D     		.short	3495
 6870 0302 9E0D     		.short	3486
 6871 0304 950D     		.short	3477
 6872 0306 8C0D     		.short	3468
 6873 0308 830D     		.short	3459
 6874 030a 7A0D     		.short	3450
 6875 030c 710D     		.short	3441
 6876 030e 670D     		.short	3431
 6877 0310 5E0D     		.short	3422
 6878 0312 550D     		.short	3413
 6879 0314 4B0D     		.short	3403
 6880 0316 420D     		.short	3394
 6881 0318 380D     		.short	3384
 6882 031a 2F0D     		.short	3375
 6883 031c 250D     		.short	3365
 6884 031e 1C0D     		.short	3356
 6885 0320 120D     		.short	3346
 6886 0322 080D     		.short	3336
 6887 0324 FE0C     		.short	3326
 6888 0326 F50C     		.short	3317
 6889 0328 EB0C     		.short	3307
 6890 032a E10C     		.short	3297
 6891 032c D70C     		.short	3287
 6892 032e CD0C     		.short	3277
 6893 0330 C30C     		.short	3267
 6894 0332 B90C     		.short	3257
 6895 0334 AE0C     		.short	3246
 6896 0336 A40C     		.short	3236
 6897 0338 9A0C     		.short	3226
 6898 033a 900C     		.short	3216
 6899 033c 850C     		.short	3205
 6900 033e 7B0C     		.short	3195
 6901 0340 710C     		.short	3185
 6902 0342 660C     		.short	3174
 6903 0344 5C0C     		.short	3164
 6904 0346 510C     		.short	3153
 6905 0348 460C     		.short	3142
 6906 034a 3C0C     		.short	3132
 6907 034c 310C     		.short	3121
 6908 034e 260C     		.short	3110
 6909 0350 1C0C     		.short	3100
 6910 0352 110C     		.short	3089
 6911 0354 060C     		.short	3078
 6912 0356 FB0B     		.short	3067
 6913 0358 F00B     		.short	3056
 6914 035a E50B     		.short	3045
 6915 035c DA0B     		.short	3034
 6916 035e CF0B     		.short	3023
 6917 0360 C40B     		.short	3012
ARM GAS  /var/folders/d6/h50ndp_j7xj_7552gzkj6_s40000gn/T//ccVJeyYC.s 			page 157


 6918 0362 B90B     		.short	3001
 6919 0364 AE0B     		.short	2990
 6920 0366 A30B     		.short	2979
 6921 0368 980B     		.short	2968
 6922 036a 8C0B     		.short	2956
 6923 036c 810B     		.short	2945
 6924 036e 760B     		.short	2934
 6925 0370 6A0B     		.short	2922
 6926 0372 5F0B     		.short	2911
 6927 0374 540B     		.short	2900
 6928 0376 480B     		.short	2888
 6929 0378 3D0B     		.short	2877
 6930 037a 310B     		.short	2865
 6931 037c 260B     		.short	2854
 6932 037e 1A0B     		.short	2842
 6933 0380 0F0B     		.short	2831
 6934 0382 030B     		.short	2819
 6935 0384 F70A     		.short	2807
 6936 0386 EC0A     		.short	2796
 6937 0388 E00A     		.short	2784
 6938 038a D40A     		.short	2772
 6939 038c C80A     		.short	2760
 6940 038e BD0A     		.short	2749
 6941 0390 B10A     		.short	2737
 6942 0392 A50A     		.short	2725
 6943 0394 990A     		.short	2713
 6944 0396 8D0A     		.short	2701
 6945 0398 810A     		.short	2689
 6946 039a 750A     		.short	2677
 6947 039c 690A     		.short	2665
 6948 039e 5D0A     		.short	2653
 6949 03a0 510A     		.short	2641
 6950 03a2 450A     		.short	2629
 6951 03a4 390A     		.short	2617
 6952 03a6 2D0A     		.short	2605
 6953 03a8 210A     		.short	2593
 6954 03aa 150A     		.short	2581
 6955 03ac 090A     		.short	2569
 6956 03ae FD09     		.short	2557
 6957 03b0 F109     		.short	2545
 6958 03b2 E409     		.short	2532
 6959 03b4 D809     		.short	2520
 6960 03b6 CC09     		.short	2508
 6961 03b8 C009     		.short	2496
 6962 03ba B309     		.short	2483
 6963 03bc A709     		.short	2471
 6964 03be 9B09     		.short	2459
 6965 03c0 8E09     		.short	2446
 6966 03c2 8209     		.short	2434
 6967 03c4 7609     		.short	2422
 6968 03c6 6909     		.short	2409
 6969 03c8 5D09     		.short	2397
 6970 03ca 5109     		.short	2385
 6971 03cc 4409     		.short	2372
 6972 03ce 3809     		.short	2360
 6973 03d0 2B09     		.short	2347
 6974 03d2 1F09     		.short	2335
ARM GAS  /var/folders/d6/h50ndp_j7xj_7552gzkj6_s40000gn/T//ccVJeyYC.s 			page 158


 6975 03d4 1309     		.short	2323
 6976 03d6 0609     		.short	2310
 6977 03d8 FA08     		.short	2298
 6978 03da ED08     		.short	2285
 6979 03dc E108     		.short	2273
 6980 03de D408     		.short	2260
 6981 03e0 C808     		.short	2248
 6982 03e2 BB08     		.short	2235
 6983 03e4 AF08     		.short	2223
 6984 03e6 A208     		.short	2210
 6985 03e8 9608     		.short	2198
 6986 03ea 8908     		.short	2185
 6987 03ec 7D08     		.short	2173
 6988 03ee 7008     		.short	2160
 6989 03f0 6308     		.short	2147
 6990 03f2 5708     		.short	2135
 6991 03f4 4A08     		.short	2122
 6992 03f6 3E08     		.short	2110
 6993 03f8 3108     		.short	2097
 6994 03fa 2508     		.short	2085
 6995 03fc 1808     		.short	2072
 6996 03fe 0C08     		.short	2060
 6997 0400 FF07     		.short	2047
 6998 0402 F207     		.short	2034
 6999 0404 E607     		.short	2022
 7000 0406 D907     		.short	2009
 7001 0408 CD07     		.short	1997
 7002 040a C007     		.short	1984
 7003 040c B407     		.short	1972
 7004 040e A707     		.short	1959
 7005 0410 9B07     		.short	1947
 7006 0412 8E07     		.short	1934
 7007 0414 8107     		.short	1921
 7008 0416 7507     		.short	1909
 7009 0418 6807     		.short	1896
 7010 041a 5C07     		.short	1884
 7011 041c 4F07     		.short	1871
 7012 041e 4307     		.short	1859
 7013 0420 3607     		.short	1846
 7014 0422 2A07     		.short	1834
 7015 0424 1D07     		.short	1821
 7016 0426 1107     		.short	1809
 7017 0428 0407     		.short	1796
 7018 042a F806     		.short	1784
 7019 042c EB06     		.short	1771
 7020 042e DF06     		.short	1759
 7021 0430 D306     		.short	1747
 7022 0432 C606     		.short	1734
 7023 0434 BA06     		.short	1722
 7024 0436 AD06     		.short	1709
 7025 0438 A106     		.short	1697
 7026 043a 9506     		.short	1685
 7027 043c 8806     		.short	1672
 7028 043e 7C06     		.short	1660
 7029 0440 7006     		.short	1648
 7030 0442 6306     		.short	1635
 7031 0444 5706     		.short	1623
ARM GAS  /var/folders/d6/h50ndp_j7xj_7552gzkj6_s40000gn/T//ccVJeyYC.s 			page 159


 7032 0446 4B06     		.short	1611
 7033 0448 3E06     		.short	1598
 7034 044a 3206     		.short	1586
 7035 044c 2606     		.short	1574
 7036 044e 1A06     		.short	1562
 7037 0450 0D06     		.short	1549
 7038 0452 0106     		.short	1537
 7039 0454 F505     		.short	1525
 7040 0456 E905     		.short	1513
 7041 0458 DD05     		.short	1501
 7042 045a D105     		.short	1489
 7043 045c C505     		.short	1477
 7044 045e B905     		.short	1465
 7045 0460 AD05     		.short	1453
 7046 0462 A105     		.short	1441
 7047 0464 9505     		.short	1429
 7048 0466 8905     		.short	1417
 7049 0468 7D05     		.short	1405
 7050 046a 7105     		.short	1393
 7051 046c 6505     		.short	1381
 7052 046e 5905     		.short	1369
 7053 0470 4D05     		.short	1357
 7054 0472 4105     		.short	1345
 7055 0474 3605     		.short	1334
 7056 0476 2A05     		.short	1322
 7057 0478 1E05     		.short	1310
 7058 047a 1205     		.short	1298
 7059 047c 0705     		.short	1287
 7060 047e FB04     		.short	1275
 7061 0480 EF04     		.short	1263
 7062 0482 E404     		.short	1252
 7063 0484 D804     		.short	1240
 7064 0486 CD04     		.short	1229
 7065 0488 C104     		.short	1217
 7066 048a B604     		.short	1206
 7067 048c AA04     		.short	1194
 7068 048e 9F04     		.short	1183
 7069 0490 9404     		.short	1172
 7070 0492 8804     		.short	1160
 7071 0494 7D04     		.short	1149
 7072 0496 7204     		.short	1138
 7073 0498 6604     		.short	1126
 7074 049a 5B04     		.short	1115
 7075 049c 5004     		.short	1104
 7076 049e 4504     		.short	1093
 7077 04a0 3A04     		.short	1082
 7078 04a2 2F04     		.short	1071
 7079 04a4 2404     		.short	1060
 7080 04a6 1904     		.short	1049
 7081 04a8 0E04     		.short	1038
 7082 04aa 0304     		.short	1027
 7083 04ac F803     		.short	1016
 7084 04ae ED03     		.short	1005
 7085 04b0 E203     		.short	994
 7086 04b2 D803     		.short	984
 7087 04b4 CD03     		.short	973
 7088 04b6 C203     		.short	962
ARM GAS  /var/folders/d6/h50ndp_j7xj_7552gzkj6_s40000gn/T//ccVJeyYC.s 			page 160


 7089 04b8 B803     		.short	952
 7090 04ba AD03     		.short	941
 7091 04bc A203     		.short	930
 7092 04be 9803     		.short	920
 7093 04c0 8D03     		.short	909
 7094 04c2 8303     		.short	899
 7095 04c4 7903     		.short	889
 7096 04c6 6E03     		.short	878
 7097 04c8 6403     		.short	868
 7098 04ca 5A03     		.short	858
 7099 04cc 5003     		.short	848
 7100 04ce 4503     		.short	837
 7101 04d0 3B03     		.short	827
 7102 04d2 3103     		.short	817
 7103 04d4 2703     		.short	807
 7104 04d6 1D03     		.short	797
 7105 04d8 1303     		.short	787
 7106 04da 0903     		.short	777
 7107 04dc 0003     		.short	768
 7108 04de F602     		.short	758
 7109 04e0 EC02     		.short	748
 7110 04e2 E202     		.short	738
 7111 04e4 D902     		.short	729
 7112 04e6 CF02     		.short	719
 7113 04e8 C602     		.short	710
 7114 04ea BC02     		.short	700
 7115 04ec B302     		.short	691
 7116 04ee A902     		.short	681
 7117 04f0 A002     		.short	672
 7118 04f2 9702     		.short	663
 7119 04f4 8D02     		.short	653
 7120 04f6 8402     		.short	644
 7121 04f8 7B02     		.short	635
 7122 04fa 7202     		.short	626
 7123 04fc 6902     		.short	617
 7124 04fe 6002     		.short	608
 7125 0500 5702     		.short	599
 7126 0502 4E02     		.short	590
 7127 0504 4602     		.short	582
 7128 0506 3D02     		.short	573
 7129 0508 3402     		.short	564
 7130 050a 2B02     		.short	555
 7131 050c 2302     		.short	547
 7132 050e 1A02     		.short	538
 7133 0510 1202     		.short	530
 7134 0512 0902     		.short	521
 7135 0514 0102     		.short	513
 7136 0516 F901     		.short	505
 7137 0518 F101     		.short	497
 7138 051a E801     		.short	488
 7139 051c E001     		.short	480
 7140 051e D801     		.short	472
 7141 0520 D001     		.short	464
 7142 0522 C801     		.short	456
 7143 0524 C001     		.short	448
 7144 0526 B901     		.short	441
 7145 0528 B101     		.short	433
ARM GAS  /var/folders/d6/h50ndp_j7xj_7552gzkj6_s40000gn/T//ccVJeyYC.s 			page 161


 7146 052a A901     		.short	425
 7147 052c A201     		.short	418
 7148 052e 9A01     		.short	410
 7149 0530 9201     		.short	402
 7150 0532 8B01     		.short	395
 7151 0534 8401     		.short	388
 7152 0536 7C01     		.short	380
 7153 0538 7501     		.short	373
 7154 053a 6E01     		.short	366
 7155 053c 6701     		.short	359
 7156 053e 6001     		.short	352
 7157 0540 5901     		.short	345
 7158 0542 5201     		.short	338
 7159 0544 4B01     		.short	331
 7160 0546 4401     		.short	324
 7161 0548 3D01     		.short	317
 7162 054a 3601     		.short	310
 7163 054c 3001     		.short	304
 7164 054e 2901     		.short	297
 7165 0550 2301     		.short	291
 7166 0552 1C01     		.short	284
 7167 0554 1601     		.short	278
 7168 0556 1001     		.short	272
 7169 0558 0901     		.short	265
 7170 055a 0301     		.short	259
 7171 055c FD00     		.short	253
 7172 055e F700     		.short	247
 7173 0560 F100     		.short	241
 7174 0562 EB00     		.short	235
 7175 0564 E600     		.short	230
 7176 0566 E000     		.short	224
 7177 0568 DA00     		.short	218
 7178 056a D500     		.short	213
 7179 056c CF00     		.short	207
 7180 056e C900     		.short	201
 7181 0570 C400     		.short	196
 7182 0572 BF00     		.short	191
 7183 0574 B900     		.short	185
 7184 0576 B400     		.short	180
 7185 0578 AF00     		.short	175
 7186 057a AA00     		.short	170
 7187 057c A500     		.short	165
 7188 057e A000     		.short	160
 7189 0580 9B00     		.short	155
 7190 0582 9700     		.short	151
 7191 0584 9200     		.short	146
 7192 0586 8D00     		.short	141
 7193 0588 8900     		.short	137
 7194 058a 8400     		.short	132
 7195 058c 8000     		.short	128
 7196 058e 7B00     		.short	123
 7197 0590 7700     		.short	119
 7198 0592 7300     		.short	115
 7199 0594 6F00     		.short	111
 7200 0596 6B00     		.short	107
 7201 0598 6700     		.short	103
 7202 059a 6300     		.short	99
ARM GAS  /var/folders/d6/h50ndp_j7xj_7552gzkj6_s40000gn/T//ccVJeyYC.s 			page 162


 7203 059c 5F00     		.short	95
 7204 059e 5B00     		.short	91
 7205 05a0 5800     		.short	88
 7206 05a2 5400     		.short	84
 7207 05a4 5100     		.short	81
 7208 05a6 4D00     		.short	77
 7209 05a8 4A00     		.short	74
 7210 05aa 4600     		.short	70
 7211 05ac 4300     		.short	67
 7212 05ae 4000     		.short	64
 7213 05b0 3D00     		.short	61
 7214 05b2 3A00     		.short	58
 7215 05b4 3700     		.short	55
 7216 05b6 3400     		.short	52
 7217 05b8 3100     		.short	49
 7218 05ba 2F00     		.short	47
 7219 05bc 2C00     		.short	44
 7220 05be 2900     		.short	41
 7221 05c0 2700     		.short	39
 7222 05c2 2400     		.short	36
 7223 05c4 2200     		.short	34
 7224 05c6 2000     		.short	32
 7225 05c8 1E00     		.short	30
 7226 05ca 1C00     		.short	28
 7227 05cc 1A00     		.short	26
 7228 05ce 1800     		.short	24
 7229 05d0 1600     		.short	22
 7230 05d2 1400     		.short	20
 7231 05d4 1200     		.short	18
 7232 05d6 1000     		.short	16
 7233 05d8 0F00     		.short	15
 7234 05da 0D00     		.short	13
 7235 05dc 0C00     		.short	12
 7236 05de 0B00     		.short	11
 7237 05e0 0900     		.short	9
 7238 05e2 0800     		.short	8
 7239 05e4 0700     		.short	7
 7240 05e6 0600     		.short	6
 7241 05e8 0500     		.short	5
 7242 05ea 0400     		.short	4
 7243 05ec 0300     		.short	3
 7244 05ee 0300     		.short	3
 7245 05f0 0200     		.short	2
 7246 05f2 0100     		.short	1
 7247 05f4 0100     		.short	1
 7248 05f6 0000     		.short	0
 7249 05f8 0000     		.short	0
 7250 05fa 0000     		.short	0
 7251 05fc 0000     		.short	0
 7252 05fe 0000     		.short	0
 7253 0600 0000     		.short	0
 7254 0602 0000     		.short	0
 7255 0604 0000     		.short	0
 7256 0606 0000     		.short	0
 7257 0608 0000     		.short	0
 7258 060a 0000     		.short	0
 7259 060c 0100     		.short	1
ARM GAS  /var/folders/d6/h50ndp_j7xj_7552gzkj6_s40000gn/T//ccVJeyYC.s 			page 163


 7260 060e 0100     		.short	1
 7261 0610 0200     		.short	2
 7262 0612 0300     		.short	3
 7263 0614 0300     		.short	3
 7264 0616 0400     		.short	4
 7265 0618 0500     		.short	5
 7266 061a 0600     		.short	6
 7267 061c 0700     		.short	7
 7268 061e 0800     		.short	8
 7269 0620 0900     		.short	9
 7270 0622 0B00     		.short	11
 7271 0624 0C00     		.short	12
 7272 0626 0D00     		.short	13
 7273 0628 0F00     		.short	15
 7274 062a 1000     		.short	16
 7275 062c 1200     		.short	18
 7276 062e 1400     		.short	20
 7277 0630 1600     		.short	22
 7278 0632 1800     		.short	24
 7279 0634 1A00     		.short	26
 7280 0636 1C00     		.short	28
 7281 0638 1E00     		.short	30
 7282 063a 2000     		.short	32
 7283 063c 2200     		.short	34
 7284 063e 2400     		.short	36
 7285 0640 2700     		.short	39
 7286 0642 2900     		.short	41
 7287 0644 2C00     		.short	44
 7288 0646 2F00     		.short	47
 7289 0648 3100     		.short	49
 7290 064a 3400     		.short	52
 7291 064c 3700     		.short	55
 7292 064e 3A00     		.short	58
 7293 0650 3D00     		.short	61
 7294 0652 4000     		.short	64
 7295 0654 4300     		.short	67
 7296 0656 4600     		.short	70
 7297 0658 4A00     		.short	74
 7298 065a 4D00     		.short	77
 7299 065c 5100     		.short	81
 7300 065e 5400     		.short	84
 7301 0660 5800     		.short	88
 7302 0662 5B00     		.short	91
 7303 0664 5F00     		.short	95
 7304 0666 6300     		.short	99
 7305 0668 6700     		.short	103
 7306 066a 6B00     		.short	107
 7307 066c 6F00     		.short	111
 7308 066e 7300     		.short	115
 7309 0670 7700     		.short	119
 7310 0672 7B00     		.short	123
 7311 0674 8000     		.short	128
 7312 0676 8400     		.short	132
 7313 0678 8900     		.short	137
 7314 067a 8D00     		.short	141
 7315 067c 9200     		.short	146
 7316 067e 9700     		.short	151
ARM GAS  /var/folders/d6/h50ndp_j7xj_7552gzkj6_s40000gn/T//ccVJeyYC.s 			page 164


 7317 0680 9B00     		.short	155
 7318 0682 A000     		.short	160
 7319 0684 A500     		.short	165
 7320 0686 AA00     		.short	170
 7321 0688 AF00     		.short	175
 7322 068a B400     		.short	180
 7323 068c B900     		.short	185
 7324 068e BF00     		.short	191
 7325 0690 C400     		.short	196
 7326 0692 C900     		.short	201
 7327 0694 CF00     		.short	207
 7328 0696 D500     		.short	213
 7329 0698 DA00     		.short	218
 7330 069a E000     		.short	224
 7331 069c E600     		.short	230
 7332 069e EB00     		.short	235
 7333 06a0 F100     		.short	241
 7334 06a2 F700     		.short	247
 7335 06a4 FD00     		.short	253
 7336 06a6 0301     		.short	259
 7337 06a8 0901     		.short	265
 7338 06aa 1001     		.short	272
 7339 06ac 1601     		.short	278
 7340 06ae 1C01     		.short	284
 7341 06b0 2301     		.short	291
 7342 06b2 2901     		.short	297
 7343 06b4 3001     		.short	304
 7344 06b6 3601     		.short	310
 7345 06b8 3D01     		.short	317
 7346 06ba 4401     		.short	324
 7347 06bc 4B01     		.short	331
 7348 06be 5201     		.short	338
 7349 06c0 5901     		.short	345
 7350 06c2 6001     		.short	352
 7351 06c4 6701     		.short	359
 7352 06c6 6E01     		.short	366
 7353 06c8 7501     		.short	373
 7354 06ca 7C01     		.short	380
 7355 06cc 8401     		.short	388
 7356 06ce 8B01     		.short	395
 7357 06d0 9201     		.short	402
 7358 06d2 9A01     		.short	410
 7359 06d4 A201     		.short	418
 7360 06d6 A901     		.short	425
 7361 06d8 B101     		.short	433
 7362 06da B901     		.short	441
 7363 06dc C001     		.short	448
 7364 06de C801     		.short	456
 7365 06e0 D001     		.short	464
 7366 06e2 D801     		.short	472
 7367 06e4 E001     		.short	480
 7368 06e6 E801     		.short	488
 7369 06e8 F101     		.short	497
 7370 06ea F901     		.short	505
 7371 06ec 0102     		.short	513
 7372 06ee 0902     		.short	521
 7373 06f0 1202     		.short	530
ARM GAS  /var/folders/d6/h50ndp_j7xj_7552gzkj6_s40000gn/T//ccVJeyYC.s 			page 165


 7374 06f2 1A02     		.short	538
 7375 06f4 2302     		.short	547
 7376 06f6 2B02     		.short	555
 7377 06f8 3402     		.short	564
 7378 06fa 3D02     		.short	573
 7379 06fc 4602     		.short	582
 7380 06fe 4E02     		.short	590
 7381 0700 5702     		.short	599
 7382 0702 6002     		.short	608
 7383 0704 6902     		.short	617
 7384 0706 7202     		.short	626
 7385 0708 7B02     		.short	635
 7386 070a 8402     		.short	644
 7387 070c 8D02     		.short	653
 7388 070e 9702     		.short	663
 7389 0710 A002     		.short	672
 7390 0712 A902     		.short	681
 7391 0714 B302     		.short	691
 7392 0716 BC02     		.short	700
 7393 0718 C602     		.short	710
 7394 071a CF02     		.short	719
 7395 071c D902     		.short	729
 7396 071e E202     		.short	738
 7397 0720 EC02     		.short	748
 7398 0722 F602     		.short	758
 7399 0724 0003     		.short	768
 7400 0726 0903     		.short	777
 7401 0728 1303     		.short	787
 7402 072a 1D03     		.short	797
 7403 072c 2703     		.short	807
 7404 072e 3103     		.short	817
 7405 0730 3B03     		.short	827
 7406 0732 4503     		.short	837
 7407 0734 5003     		.short	848
 7408 0736 5A03     		.short	858
 7409 0738 6403     		.short	868
 7410 073a 6E03     		.short	878
 7411 073c 7903     		.short	889
 7412 073e 8303     		.short	899
 7413 0740 8D03     		.short	909
 7414 0742 9803     		.short	920
 7415 0744 A203     		.short	930
 7416 0746 AD03     		.short	941
 7417 0748 B803     		.short	952
 7418 074a C203     		.short	962
 7419 074c CD03     		.short	973
 7420 074e D803     		.short	984
 7421 0750 E203     		.short	994
 7422 0752 ED03     		.short	1005
 7423 0754 F803     		.short	1016
 7424 0756 0304     		.short	1027
 7425 0758 0E04     		.short	1038
 7426 075a 1904     		.short	1049
 7427 075c 2404     		.short	1060
 7428 075e 2F04     		.short	1071
 7429 0760 3A04     		.short	1082
 7430 0762 4504     		.short	1093
ARM GAS  /var/folders/d6/h50ndp_j7xj_7552gzkj6_s40000gn/T//ccVJeyYC.s 			page 166


 7431 0764 5004     		.short	1104
 7432 0766 5B04     		.short	1115
 7433 0768 6604     		.short	1126
 7434 076a 7204     		.short	1138
 7435 076c 7D04     		.short	1149
 7436 076e 8804     		.short	1160
 7437 0770 9404     		.short	1172
 7438 0772 9F04     		.short	1183
 7439 0774 AA04     		.short	1194
 7440 0776 B604     		.short	1206
 7441 0778 C104     		.short	1217
 7442 077a CD04     		.short	1229
 7443 077c D804     		.short	1240
 7444 077e E404     		.short	1252
 7445 0780 EF04     		.short	1263
 7446 0782 FB04     		.short	1275
 7447 0784 0705     		.short	1287
 7448 0786 1205     		.short	1298
 7449 0788 1E05     		.short	1310
 7450 078a 2A05     		.short	1322
 7451 078c 3605     		.short	1334
 7452 078e 4105     		.short	1345
 7453 0790 4D05     		.short	1357
 7454 0792 5905     		.short	1369
 7455 0794 6505     		.short	1381
 7456 0796 7105     		.short	1393
 7457 0798 7D05     		.short	1405
 7458 079a 8905     		.short	1417
 7459 079c 9505     		.short	1429
 7460 079e A105     		.short	1441
 7461 07a0 AD05     		.short	1453
 7462 07a2 B905     		.short	1465
 7463 07a4 C505     		.short	1477
 7464 07a6 D105     		.short	1489
 7465 07a8 DD05     		.short	1501
 7466 07aa E905     		.short	1513
 7467 07ac F505     		.short	1525
 7468 07ae 0106     		.short	1537
 7469 07b0 0D06     		.short	1549
 7470 07b2 1A06     		.short	1562
 7471 07b4 2606     		.short	1574
 7472 07b6 3206     		.short	1586
 7473 07b8 3E06     		.short	1598
 7474 07ba 4B06     		.short	1611
 7475 07bc 5706     		.short	1623
 7476 07be 6306     		.short	1635
 7477 07c0 7006     		.short	1648
 7478 07c2 7C06     		.short	1660
 7479 07c4 8806     		.short	1672
 7480 07c6 9506     		.short	1685
 7481 07c8 A106     		.short	1697
 7482 07ca AD06     		.short	1709
 7483 07cc BA06     		.short	1722
 7484 07ce C606     		.short	1734
 7485 07d0 D306     		.short	1747
 7486 07d2 DF06     		.short	1759
 7487 07d4 EB06     		.short	1771
ARM GAS  /var/folders/d6/h50ndp_j7xj_7552gzkj6_s40000gn/T//ccVJeyYC.s 			page 167


 7488 07d6 F806     		.short	1784
 7489 07d8 0407     		.short	1796
 7490 07da 1107     		.short	1809
 7491 07dc 1D07     		.short	1821
 7492 07de 2A07     		.short	1834
 7493 07e0 3607     		.short	1846
 7494 07e2 4307     		.short	1859
 7495 07e4 4F07     		.short	1871
 7496 07e6 5C07     		.short	1884
 7497 07e8 6807     		.short	1896
 7498 07ea 7507     		.short	1909
 7499 07ec 8107     		.short	1921
 7500 07ee 8E07     		.short	1934
 7501 07f0 9B07     		.short	1947
 7502 07f2 A707     		.short	1959
 7503 07f4 B407     		.short	1972
 7504 07f6 C007     		.short	1984
 7505 07f8 CD07     		.short	1997
 7506 07fa D907     		.short	2009
 7507 07fc E607     		.short	2022
 7508 07fe F207     		.short	2034
 7509              		.global	hdma_tim2_ch1
 7510              		.section	.bss.hdma_tim2_ch1,"aw",%nobits
 7511              		.align	2
 7514              	hdma_tim2_ch1:
 7515 0000 00000000 		.space	96
 7515      00000000 
 7515      00000000 
 7515      00000000 
 7515      00000000 
 7516              		.global	htim3
 7517              		.section	.bss.htim3,"aw",%nobits
 7518              		.align	2
 7521              	htim3:
 7522 0000 00000000 		.space	72
 7522      00000000 
 7522      00000000 
 7522      00000000 
 7522      00000000 
 7523              		.global	htim2
 7524              		.section	.bss.htim2,"aw",%nobits
 7525              		.align	2
 7528              	htim2:
 7529 0000 00000000 		.space	72
 7529      00000000 
 7529      00000000 
 7529      00000000 
 7529      00000000 
 7530              		.text
 7531              	.Letext0:
 7532              		.file 3 "Drivers/CMSIS/Device/ST/STM32F4xx/Include/stm32f446xx.h"
 7533              		.file 4 "/Applications/STM32CubeIDE.app/Contents/Eclipse/plugins/com.st.stm32cube.ide.mcu.external
 7534              		.file 5 "/Applications/STM32CubeIDE.app/Contents/Eclipse/plugins/com.st.stm32cube.ide.mcu.external
 7535              		.file 6 "Drivers/STM32F4xx_HAL_Driver/Inc/stm32f4xx_hal_def.h"
 7536              		.file 7 "Drivers/STM32F4xx_HAL_Driver/Inc/stm32f4xx_hal_rcc_ex.h"
 7537              		.file 8 "Drivers/STM32F4xx_HAL_Driver/Inc/stm32f4xx_hal_rcc.h"
 7538              		.file 9 "Drivers/STM32F4xx_HAL_Driver/Inc/stm32f4xx_hal_gpio.h"
ARM GAS  /var/folders/d6/h50ndp_j7xj_7552gzkj6_s40000gn/T//ccVJeyYC.s 			page 168


 7539              		.file 10 "Drivers/STM32F4xx_HAL_Driver/Inc/stm32f4xx_hal_dma.h"
 7540              		.file 11 "Drivers/STM32F4xx_HAL_Driver/Inc/stm32f4xx_hal_tim.h"
 7541              		.file 12 "Core/Inc/main.h"
 7542              		.file 13 "Drivers/STM32F4xx_HAL_Driver/Inc/stm32f4xx_hal_tim_ex.h"
 7543              		.file 14 "Drivers/STM32F4xx_HAL_Driver/Inc/stm32f4xx_hal_cortex.h"
 7544              		.file 15 "Drivers/STM32F4xx_HAL_Driver/Inc/stm32f4xx_hal.h"
 7545              		.file 16 "Core/Inc/lcd_stm32f4.h"
 7546              		.file 17 "<built-in>"
ARM GAS  /var/folders/d6/h50ndp_j7xj_7552gzkj6_s40000gn/T//ccVJeyYC.s 			page 169


DEFINED SYMBOLS
                            *ABS*:00000000 main.c
/var/folders/d6/h50ndp_j7xj_7552gzkj6_s40000gn/T//ccVJeyYC.s:22     .text.calc_tim2_ticks:00000000 $t
/var/folders/d6/h50ndp_j7xj_7552gzkj6_s40000gn/T//ccVJeyYC.s:27     .text.calc_tim2_ticks:00000000 calc_tim2_ticks
/var/folders/d6/h50ndp_j7xj_7552gzkj6_s40000gn/T//ccVJeyYC.s:75     .text.calc_tim2_ticks:00000038 $d
/var/folders/d6/h50ndp_j7xj_7552gzkj6_s40000gn/T//ccVJeyYC.s:80     .text.MX_GPIO_Init:00000000 $t
/var/folders/d6/h50ndp_j7xj_7552gzkj6_s40000gn/T//ccVJeyYC.s:85     .text.MX_GPIO_Init:00000000 MX_GPIO_Init
/var/folders/d6/h50ndp_j7xj_7552gzkj6_s40000gn/T//ccVJeyYC.s:267    .text.MX_GPIO_Init:000000e8 $d
/var/folders/d6/h50ndp_j7xj_7552gzkj6_s40000gn/T//ccVJeyYC.s:275    .text.MX_DMA_Init:00000000 $t
/var/folders/d6/h50ndp_j7xj_7552gzkj6_s40000gn/T//ccVJeyYC.s:280    .text.MX_DMA_Init:00000000 MX_DMA_Init
/var/folders/d6/h50ndp_j7xj_7552gzkj6_s40000gn/T//ccVJeyYC.s:329    .text.MX_DMA_Init:00000030 $d
/var/folders/d6/h50ndp_j7xj_7552gzkj6_s40000gn/T//ccVJeyYC.s:334    .text.Error_Handler:00000000 $t
/var/folders/d6/h50ndp_j7xj_7552gzkj6_s40000gn/T//ccVJeyYC.s:340    .text.Error_Handler:00000000 Error_Handler
/var/folders/d6/h50ndp_j7xj_7552gzkj6_s40000gn/T//ccVJeyYC.s:372    .rodata.set_waveform.str1.4:00000000 $d
/var/folders/d6/h50ndp_j7xj_7552gzkj6_s40000gn/T//ccVJeyYC.s:376    .text.set_waveform:00000000 $t
/var/folders/d6/h50ndp_j7xj_7552gzkj6_s40000gn/T//ccVJeyYC.s:382    .text.set_waveform:00000000 set_waveform
/var/folders/d6/h50ndp_j7xj_7552gzkj6_s40000gn/T//ccVJeyYC.s:548    .text.set_waveform:000000b0 $d
/var/folders/d6/h50ndp_j7xj_7552gzkj6_s40000gn/T//ccVJeyYC.s:1317   .rodata.wave_lens:00000000 wave_lens
/var/folders/d6/h50ndp_j7xj_7552gzkj6_s40000gn/T//ccVJeyYC.s:1328   .rodata.waveforms:00000000 waveforms
/var/folders/d6/h50ndp_j7xj_7552gzkj6_s40000gn/T//ccVJeyYC.s:7528   .bss.htim2:00000000 htim2
/var/folders/d6/h50ndp_j7xj_7552gzkj6_s40000gn/T//ccVJeyYC.s:7514   .bss.hdma_tim2_ch1:00000000 hdma_tim2_ch1
/var/folders/d6/h50ndp_j7xj_7552gzkj6_s40000gn/T//ccVJeyYC.s:1275   .bss.TIM2_Ticks:00000000 TIM2_Ticks
/var/folders/d6/h50ndp_j7xj_7552gzkj6_s40000gn/T//ccVJeyYC.s:1281   .bss.current_wave:00000000 current_wave
/var/folders/d6/h50ndp_j7xj_7552gzkj6_s40000gn/T//ccVJeyYC.s:1306   .rodata.wave_names:00000000 wave_names
/var/folders/d6/h50ndp_j7xj_7552gzkj6_s40000gn/T//ccVJeyYC.s:561    .text.EXTI0_IRQHandler:00000000 $t
/var/folders/d6/h50ndp_j7xj_7552gzkj6_s40000gn/T//ccVJeyYC.s:567    .text.EXTI0_IRQHandler:00000000 EXTI0_IRQHandler
/var/folders/d6/h50ndp_j7xj_7552gzkj6_s40000gn/T//ccVJeyYC.s:633    .text.EXTI0_IRQHandler:00000040 $d
/var/folders/d6/h50ndp_j7xj_7552gzkj6_s40000gn/T//ccVJeyYC.s:1269   .bss.last_press_ms:00000000 last_press_ms
/var/folders/d6/h50ndp_j7xj_7552gzkj6_s40000gn/T//ccVJeyYC.s:640    .text.MX_TIM2_Init:00000000 $t
/var/folders/d6/h50ndp_j7xj_7552gzkj6_s40000gn/T//ccVJeyYC.s:645    .text.MX_TIM2_Init:00000000 MX_TIM2_Init
/var/folders/d6/h50ndp_j7xj_7552gzkj6_s40000gn/T//ccVJeyYC.s:872    .text.MX_TIM2_Init:000000f8 $d
/var/folders/d6/h50ndp_j7xj_7552gzkj6_s40000gn/T//ccVJeyYC.s:880    .text.MX_TIM3_Init:00000000 $t
/var/folders/d6/h50ndp_j7xj_7552gzkj6_s40000gn/T//ccVJeyYC.s:885    .text.MX_TIM3_Init:00000000 MX_TIM3_Init
/var/folders/d6/h50ndp_j7xj_7552gzkj6_s40000gn/T//ccVJeyYC.s:1019   .text.MX_TIM3_Init:00000088 $d
/var/folders/d6/h50ndp_j7xj_7552gzkj6_s40000gn/T//ccVJeyYC.s:7521   .bss.htim3:00000000 htim3
/var/folders/d6/h50ndp_j7xj_7552gzkj6_s40000gn/T//ccVJeyYC.s:1025   .text.SystemClock_Config:00000000 $t
/var/folders/d6/h50ndp_j7xj_7552gzkj6_s40000gn/T//ccVJeyYC.s:1031   .text.SystemClock_Config:00000000 SystemClock_Config
/var/folders/d6/h50ndp_j7xj_7552gzkj6_s40000gn/T//ccVJeyYC.s:1160   .text.SystemClock_Config:00000084 $d
/var/folders/d6/h50ndp_j7xj_7552gzkj6_s40000gn/T//ccVJeyYC.s:1166   .text.main:00000000 $t
/var/folders/d6/h50ndp_j7xj_7552gzkj6_s40000gn/T//ccVJeyYC.s:1172   .text.main:00000000 main
/var/folders/d6/h50ndp_j7xj_7552gzkj6_s40000gn/T//ccVJeyYC.s:1258   .text.main:0000005c $d
/var/folders/d6/h50ndp_j7xj_7552gzkj6_s40000gn/T//ccVJeyYC.s:1266   .bss.last_press_ms:00000000 $d
/var/folders/d6/h50ndp_j7xj_7552gzkj6_s40000gn/T//ccVJeyYC.s:1272   .bss.TIM2_Ticks:00000000 $d
/var/folders/d6/h50ndp_j7xj_7552gzkj6_s40000gn/T//ccVJeyYC.s:1278   .bss.current_wave:00000000 $d
/var/folders/d6/h50ndp_j7xj_7552gzkj6_s40000gn/T//ccVJeyYC.s:1284   .rodata.str1.4:00000000 $d
/var/folders/d6/h50ndp_j7xj_7552gzkj6_s40000gn/T//ccVJeyYC.s:1303   .rodata.wave_names:00000000 $d
/var/folders/d6/h50ndp_j7xj_7552gzkj6_s40000gn/T//ccVJeyYC.s:1314   .rodata.wave_lens:00000000 $d
/var/folders/d6/h50ndp_j7xj_7552gzkj6_s40000gn/T//ccVJeyYC.s:1325   .rodata.waveforms:00000000 $d
/var/folders/d6/h50ndp_j7xj_7552gzkj6_s40000gn/T//ccVJeyYC.s:6484   .rodata.Sin_LUT:00000000 Sin_LUT
/var/folders/d6/h50ndp_j7xj_7552gzkj6_s40000gn/T//ccVJeyYC.s:4426   .rodata.Saw_LUT:00000000 Saw_LUT
/var/folders/d6/h50ndp_j7xj_7552gzkj6_s40000gn/T//ccVJeyYC.s:5455   .rodata.Triangle_LUT:00000000 Triangle_LUT
/var/folders/d6/h50ndp_j7xj_7552gzkj6_s40000gn/T//ccVJeyYC.s:3397   .rodata.Piano_LUT:00000000 Piano_LUT
/var/folders/d6/h50ndp_j7xj_7552gzkj6_s40000gn/T//ccVJeyYC.s:2368   .rodata.Guitar_LUT:00000000 Guitar_LUT
/var/folders/d6/h50ndp_j7xj_7552gzkj6_s40000gn/T//ccVJeyYC.s:1339   .rodata.Drum_LUT:00000000 Drum_LUT
/var/folders/d6/h50ndp_j7xj_7552gzkj6_s40000gn/T//ccVJeyYC.s:1336   .rodata.Drum_LUT:00000000 $d
/var/folders/d6/h50ndp_j7xj_7552gzkj6_s40000gn/T//ccVJeyYC.s:2365   .rodata.Guitar_LUT:00000000 $d
/var/folders/d6/h50ndp_j7xj_7552gzkj6_s40000gn/T//ccVJeyYC.s:3394   .rodata.Piano_LUT:00000000 $d
ARM GAS  /var/folders/d6/h50ndp_j7xj_7552gzkj6_s40000gn/T//ccVJeyYC.s 			page 170


/var/folders/d6/h50ndp_j7xj_7552gzkj6_s40000gn/T//ccVJeyYC.s:4423   .rodata.Saw_LUT:00000000 $d
/var/folders/d6/h50ndp_j7xj_7552gzkj6_s40000gn/T//ccVJeyYC.s:5452   .rodata.Triangle_LUT:00000000 $d
/var/folders/d6/h50ndp_j7xj_7552gzkj6_s40000gn/T//ccVJeyYC.s:6481   .rodata.Sin_LUT:00000000 $d
/var/folders/d6/h50ndp_j7xj_7552gzkj6_s40000gn/T//ccVJeyYC.s:7511   .bss.hdma_tim2_ch1:00000000 $d
/var/folders/d6/h50ndp_j7xj_7552gzkj6_s40000gn/T//ccVJeyYC.s:7518   .bss.htim3:00000000 $d
/var/folders/d6/h50ndp_j7xj_7552gzkj6_s40000gn/T//ccVJeyYC.s:7525   .bss.htim2:00000000 $d

UNDEFINED SYMBOLS
__aeabi_uldivmod
HAL_GPIO_Init
HAL_GPIO_WritePin
HAL_NVIC_SetPriority
HAL_NVIC_EnableIRQ
HAL_DMA_Abort_IT
HAL_TIM_Base_Init
HAL_TIM_OC_Start
HAL_DMA_Start_IT
lcd_command
lcd_putstring
HAL_GetTick
HAL_GPIO_EXTI_IRQHandler
HAL_TIM_ConfigClockSource
HAL_TIM_OC_Init
HAL_TIM_OC_ConfigChannel
HAL_TIMEx_MasterConfigSynchronization
HAL_DMA_Init
HAL_TIM_PWM_Init
HAL_TIM_PWM_ConfigChannel
HAL_TIM_MspPostInit
memset
HAL_RCC_OscConfig
HAL_RCC_ClockConfig
HAL_Init
HAL_TIM_PWM_Start
init_LCD
HAL_Delay
