ARM GAS  /var/folders/d6/h50ndp_j7xj_7552gzkj6_s40000gn/T//cctl1r8X.s 			page 1


   1              		.cpu cortex-m4
   2              		.arch armv7e-m
   3              		.fpu fpv4-sp-d16
   4              		.eabi_attribute 27, 1
   5              		.eabi_attribute 28, 1
   6              		.eabi_attribute 20, 1
   7              		.eabi_attribute 21, 1
   8              		.eabi_attribute 23, 3
   9              		.eabi_attribute 24, 1
  10              		.eabi_attribute 25, 1
  11              		.eabi_attribute 26, 1
  12              		.eabi_attribute 30, 1
  13              		.eabi_attribute 34, 1
  14              		.eabi_attribute 18, 4
  15              		.file	"main.c"
  16              		.text
  17              	.Ltext0:
  18              		.cfi_sections	.debug_frame
  19              		.file 1 "Core/Src/main.c"
  20              		.section	.text.MX_GPIO_Init,"ax",%progbits
  21              		.align	1
  22              		.syntax unified
  23              		.thumb
  24              		.thumb_func
  26              	MX_GPIO_Init:
  27              	.LFB136:
   1:Core/Src/main.c **** /* USER CODE BEGIN Header */
   2:Core/Src/main.c **** /**
   3:Core/Src/main.c ****   ******************************************************************************
   4:Core/Src/main.c ****   * @file           : main.c
   5:Core/Src/main.c ****   * @brief          : Main program body
   6:Core/Src/main.c ****   ******************************************************************************
   7:Core/Src/main.c ****   * @attention
   8:Core/Src/main.c ****   *
   9:Core/Src/main.c ****   * Copyright (c) 2025 STMicroelectronics.
  10:Core/Src/main.c ****   * All rights reserved.
  11:Core/Src/main.c ****   *
  12:Core/Src/main.c ****   * This software is licensed under terms that can be found in the LICENSE file
  13:Core/Src/main.c ****   * in the root directory of this software component.
  14:Core/Src/main.c ****   * If no LICENSE file comes with this software, it is provided AS-IS.
  15:Core/Src/main.c ****   *
  16:Core/Src/main.c ****   ******************************************************************************
  17:Core/Src/main.c ****   */
  18:Core/Src/main.c **** /* USER CODE END Header */
  19:Core/Src/main.c **** /* Includes ------------------------------------------------------------------*/
  20:Core/Src/main.c **** #include "main.h"
  21:Core/Src/main.c **** #include <stdlib.h>
  22:Core/Src/main.c **** 
  23:Core/Src/main.c **** /* Private includes ----------------------------------------------------------*/
  24:Core/Src/main.c **** /* USER CODE BEGIN Includes */
  25:Core/Src/main.c **** 
  26:Core/Src/main.c **** /* USER CODE END Includes */
  27:Core/Src/main.c **** 
  28:Core/Src/main.c **** /* Private typedef -----------------------------------------------------------*/
  29:Core/Src/main.c **** /* USER CODE BEGIN PTD */
  30:Core/Src/main.c **** 
  31:Core/Src/main.c **** /* USER CODE END PTD */
ARM GAS  /var/folders/d6/h50ndp_j7xj_7552gzkj6_s40000gn/T//cctl1r8X.s 			page 2


  32:Core/Src/main.c **** 
  33:Core/Src/main.c **** /* Private define ------------------------------------------------------------*/
  34:Core/Src/main.c **** /* USER CODE BEGIN PD */
  35:Core/Src/main.c **** 
  36:Core/Src/main.c **** /* USER CODE END PD */
  37:Core/Src/main.c **** 
  38:Core/Src/main.c **** /* Private macro -------------------------------------------------------------*/
  39:Core/Src/main.c **** /* USER CODE BEGIN PM */
  40:Core/Src/main.c **** 
  41:Core/Src/main.c **** /* USER CODE END PM */
  42:Core/Src/main.c **** 
  43:Core/Src/main.c **** /* Private variables ---------------------------------------------------------*/
  44:Core/Src/main.c **** 
  45:Core/Src/main.c **** /* USER CODE BEGIN PV */
  46:Core/Src/main.c **** //TODO: Define variables you think you might need
  47:Core/Src/main.c **** // - Performance timing variables (e.g execution time, throughput, pixels per second, clock cycles)
  48:Core/Src/main.c **** 
  49:Core/Src/main.c **** //task 1 - port from practical 1B
  50:Core/Src/main.c **** #define MAX_ITER 100  // INITIAL ITERATIONS VALUE
  51:Core/Src/main.c **** #define SCALE 4096  // INITIAL FIXED-PT SCALE
  52:Core/Src/main.c **** #define MAX_W 1920
  53:Core/Src/main.c **** #define MAX_H 1080
  54:Core/Src/main.c **** #define MAX_TILE 128
  55:Core/Src/main.c **** 
  56:Core/Src/main.c **** uint32_t start_time = 0;
  57:Core/Src/main.c **** uint32_t end_time = 0;
  58:Core/Src/main.c **** uint32_t execution_time = 0;
  59:Core/Src/main.c **** uint64_t checksum = 0;
  60:Core/Src/main.c **** uint32_t start_cycles = 0;
  61:Core/Src/main.c **** uint32_t elapsed_cycles = 0;
  62:Core/Src/main.c **** uint32_t pixels_s = 0;
  63:Core/Src/main.c **** 
  64:Core/Src/main.c **** int32_t height = 0;
  65:Core/Src/main.c **** int32_t width = 0;
  66:Core/Src/main.c **** 
  67:Core/Src/main.c **** int32_t max_iter = 0; // for task 2
  68:Core/Src/main.c **** int32_t scale = 0; // for task 7
  69:Core/Src/main.c **** 
  70:Core/Src/main.c **** const int scales[] = {1000, 10000, 1000000};
  71:Core/Src/main.c **** const int max_iter_values[] = {100, 250, 500, 750, 1000};
  72:Core/Src/main.c **** const int image_dimensions[] = {128, 160, 192, 224, 256};
  73:Core/Src/main.c **** 
  74:Core/Src/main.c **** // for task 4
  75:Core/Src/main.c **** typedef struct {
  76:Core/Src/main.c ****     uint16_t width;
  77:Core/Src/main.c ****     uint16_t height;
  78:Core/Src/main.c **** } image_size_t;
  79:Core/Src/main.c **** 
  80:Core/Src/main.c **** typedef struct {
  81:Core/Src/main.c ****     uint16_t start_x, start_y;
  82:Core/Src/main.c ****     uint16_t width, height;
  83:Core/Src/main.c **** } tile_t;
  84:Core/Src/main.c **** 
  85:Core/Src/main.c **** typedef struct {
  86:Core/Src/main.c ****     uint16_t width, height;
  87:Core/Src/main.c ****     uint32_t execution_time_ms;
  88:Core/Src/main.c ****     uint64_t checksum;
ARM GAS  /var/folders/d6/h50ndp_j7xj_7552gzkj6_s40000gn/T//cctl1r8X.s 			page 3


  89:Core/Src/main.c ****     uint32_t throughput_pixels_per_sec;
  90:Core/Src/main.c ****     // bool used_tiling;
  91:Core/Src/main.c ****     uint16_t num_tiles;
  92:Core/Src/main.c **** } performance_result_t;
  93:Core/Src/main.c **** 
  94:Core/Src/main.c **** image_size_t test_sizes[] = {
  95:Core/Src/main.c ****     {128, 128},    // from prac 1B
  96:Core/Src/main.c ****     {256, 256},    // from prac 1B
  97:Core/Src/main.c ****     {320, 240},    // QVGA
  98:Core/Src/main.c ****     {640, 480},    // VGA
  99:Core/Src/main.c ****     {800, 600},    // SVGA
 100:Core/Src/main.c ****     {1024, 768},   // XGA
 101:Core/Src/main.c ****     {1280, 720},   // HD
 102:Core/Src/main.c ****     {1920, 1080}   // Full HD
 103:Core/Src/main.c **** };
 104:Core/Src/main.c **** 
 105:Core/Src/main.c **** /* USER CODE END PV */
 106:Core/Src/main.c **** 
 107:Core/Src/main.c **** /* Private function prototypes -----------------------------------------------*/
 108:Core/Src/main.c **** void SystemClock_Config(void);
 109:Core/Src/main.c **** static void MX_GPIO_Init(void);
 110:Core/Src/main.c **** /* USER CODE BEGIN PFP */
 111:Core/Src/main.c **** //TODO: Define any function prototypes you might need such as the calculate Mandelbrot function amo
 112:Core/Src/main.c **** uint64_t calculate_mandelbrot_fixed_point_arithmetic(int width, int height, int max_iterations);
 113:Core/Src/main.c **** uint64_t calculate_mandelbrot_fixed_point_arithmetic_custom(int width, int height, int max_iteratio
 114:Core/Src/main.c **** uint64_t calculate_mandelbrot_double(int width, int height, int max_iterations);
 115:Core/Src/main.c **** uint64_t calculate_mandelbrot_float(int width, int height, int max_iterations);
 116:Core/Src/main.c **** // bool can_allocate_image(uint16_t width, uint16_t height);
 117:Core/Src/main.c **** 
 118:Core/Src/main.c **** /* USER CODE END PFP */
 119:Core/Src/main.c **** 
 120:Core/Src/main.c **** /* Private user code ---------------------------------------------------------*/
 121:Core/Src/main.c **** /* USER CODE BEGIN 0 */
 122:Core/Src/main.c **** 
 123:Core/Src/main.c **** /* USER CODE END 0 */
 124:Core/Src/main.c **** 
 125:Core/Src/main.c **** /**
 126:Core/Src/main.c ****   * @brief  The application entry point.
 127:Core/Src/main.c ****   * @retval int
 128:Core/Src/main.c ****   */
 129:Core/Src/main.c **** int main(void)
 130:Core/Src/main.c **** {
 131:Core/Src/main.c **** 
 132:Core/Src/main.c ****   /* USER CODE BEGIN 1 */
 133:Core/Src/main.c **** 
 134:Core/Src/main.c ****   /* USER CODE END 1 */
 135:Core/Src/main.c **** 
 136:Core/Src/main.c ****   /* MCU Configuration--------------------------------------------------------*/
 137:Core/Src/main.c **** 
 138:Core/Src/main.c ****   /* Reset of all peripherals, Initializes the Flash interface and the Systick. */
 139:Core/Src/main.c ****   HAL_Init();
 140:Core/Src/main.c **** 
 141:Core/Src/main.c **** 
 142:Core/Src/main.c ****   /* USER CODE BEGIN Init */
 143:Core/Src/main.c **** 
 144:Core/Src/main.c ****   /* USER CODE END Init */
 145:Core/Src/main.c **** 
ARM GAS  /var/folders/d6/h50ndp_j7xj_7552gzkj6_s40000gn/T//cctl1r8X.s 			page 4


 146:Core/Src/main.c ****   /* Configure the system clock */
 147:Core/Src/main.c ****   SystemClock_Config();
 148:Core/Src/main.c **** 
 149:Core/Src/main.c ****   /* USER CODE BEGIN SysInit */
 150:Core/Src/main.c **** 
 151:Core/Src/main.c ****   /* USER CODE END SysInit */
 152:Core/Src/main.c **** 
 153:Core/Src/main.c ****   /* Initialize all configured peripherals */
 154:Core/Src/main.c ****   MX_GPIO_Init();
 155:Core/Src/main.c ****   /* USER CODE BEGIN 2 */
 156:Core/Src/main.c **** 
 157:Core/Src/main.c ****   // DWT cycle counter setup
 158:Core/Src/main.c ****   CoreDebug->DEMCR |= CoreDebug_DEMCR_TRCENA_Msk; // Enable trace and debug
 159:Core/Src/main.c ****   DWT->CYCCNT = 0;                                // Reset counter
 160:Core/Src/main.c ****   DWT->CTRL |= DWT_CTRL_CYCCNTENA_Msk;            // Enable cycle counter
 161:Core/Src/main.c **** 
 162:Core/Src/main.c ****   /* USER CODE END 2 */
 163:Core/Src/main.c **** 
 164:Core/Src/main.c ****   /* Infinite loop */
 165:Core/Src/main.c ****   /* USER CODE BEGIN WHILE */
 166:Core/Src/main.c ****   while (1)
 167:Core/Src/main.c ****   {
 168:Core/Src/main.c **** //	  // TASK 2: =============================== //
 169:Core/Src/main.c **** //	  for (int i = 0; i < 5; i++) {             // image sizes
 170:Core/Src/main.c **** //		  width = image_dimensions[i];
 171:Core/Src/main.c **** //		  height = image_dimensions[i];
 172:Core/Src/main.c **** //
 173:Core/Src/main.c **** //		  for (int j = 0; j < 5; j++) {         // MAX_ITER values
 174:Core/Src/main.c **** //			  max_iter = max_iter_values[j];
 175:Core/Src/main.c **** //
 176:Core/Src/main.c **** //			  // --- FIXED-POINT version ---
 177:Core/Src/main.c **** //			  start_cycles = DWT->CYCCNT;
 178:Core/Src/main.c **** //			  checksum = calculate_mandelbrot_fixed_point_arithmetic(width, height, max_iter);
 179:Core/Src/main.c **** //			  elapsed_cycles = DWT->CYCCNT - start_cycles;
 180:Core/Src/main.c **** //			  execution_time = (double)elapsed_cycles / ((double)SystemCoreClock/1000); // in ms
 181:Core/Src/main.c **** //
 182:Core/Src/main.c **** //			  // --- DOUBLE version ---
 183:Core/Src/main.c **** //			  start_cycles = DWT->CYCCNT;
 184:Core/Src/main.c **** //			  checksum = calculate_mandelbrot_double(width, height, max_iter);
 185:Core/Src/main.c **** //			  elapsed_cycles = DWT->CYCCNT - start_cycles;
 186:Core/Src/main.c **** //			  execution_time = (double)elapsed_cycles / ((double)SystemCoreClock/1000); // in ms
 187:Core/Src/main.c **** //
 188:Core/Src/main.c **** //			  HAL_GPIO_TogglePin(GPIOB, GPIO_PIN_0); // blink to show progress
 189:Core/Src/main.c **** //			  HAL_Delay(200);
 190:Core/Src/main.c **** //		  }
 191:Core/Src/main.c **** //	  }
 192:Core/Src/main.c **** //
 193:Core/Src/main.c **** //	  while(1); // stop after one sweep
 194:Core/Src/main.c **** 
 195:Core/Src/main.c **** 
 196:Core/Src/main.c **** //	  // TASK 4: =============================== //
 197:Core/Src/main.c **** //	  checksum = calculate_mandelbrot_fixed_point_arithmetic(MAX_W, MAX_H, MAX_ITER);
 198:Core/Src/main.c **** 
 199:Core/Src/main.c **** 
 200:Core/Src/main.c **** //	  // TASK 7: =============================== //
 201:Core/Src/main.c **** //	  	  for (int i = 0; i < 5; i++) {             // image sizes
 202:Core/Src/main.c **** //	  		  width = image_dimensions[i];
ARM GAS  /var/folders/d6/h50ndp_j7xj_7552gzkj6_s40000gn/T//cctl1r8X.s 			page 5


 203:Core/Src/main.c **** //	  		  height = image_dimensions[i];
 204:Core/Src/main.c **** //
 205:Core/Src/main.c **** //	  		  for (int j = 0; j < 3; j++) {
 206:Core/Src/main.c **** //	  			  scale = scales[j];
 207:Core/Src/main.c **** //
 208:Core/Src/main.c **** //	  			  // --- FIXED-POINT version ---
 209:Core/Src/main.c **** //	  			  start_cycles = DWT->CYCCNT;
 210:Core/Src/main.c **** //	  			  checksum = calculate_mandelbrot_fixed_point_arithmetic_custom(width, height, MAX_ITER, sc
 211:Core/Src/main.c **** //	  			  elapsed_cycles = DWT->CYCCNT - start_cycles;
 212:Core/Src/main.c **** //	  			  execution_time = (double)elapsed_cycles / ((double)SystemCoreClock/1000); // in ms
 213:Core/Src/main.c **** //	  			  pixels_s = (width * height) / (execution_time / 1000);
 214:Core/Src/main.c **** //
 215:Core/Src/main.c **** ////	  			  // --- DOUBLE version ---
 216:Core/Src/main.c **** ////	  			  start_cycles = DWT->CYCCNT;
 217:Core/Src/main.c **** ////	  			  checksum = calculate_mandelbrot_double(width, height, MAX_ITER);
 218:Core/Src/main.c **** ////	  			  elapsed_cycles = DWT->CYCCNT - start_cycles;
 219:Core/Src/main.c **** ////	  			  execution_time = (double)elapsed_cycles / ((double)SystemCoreClock/1000); // in ms
 220:Core/Src/main.c **** ////	  			  pixels_s = (width * height) / (execution_time * 1000);
 221:Core/Src/main.c **** //
 222:Core/Src/main.c **** //	  			  HAL_GPIO_TogglePin(GPIOB, GPIO_PIN_0); // blink to show progress
 223:Core/Src/main.c **** //	  			  HAL_Delay(200);
 224:Core/Src/main.c **** //	  		  }
 225:Core/Src/main.c **** //	  	  }
 226:Core/Src/main.c **** //
 227:Core/Src/main.c **** //	  	  while(1); // stop after one sweep
 228:Core/Src/main.c **** 
 229:Core/Src/main.c **** 
 230:Core/Src/main.c **** 	  // TASK 8: =============================== //
 231:Core/Src/main.c **** 	  HAL_GPIO_TogglePin(GPIOB, GPIO_PIN_0);
 232:Core/Src/main.c **** 	  checksum = calculate_mandelbrot_fixed_point_arithmetic(128, 128, MAX_ITER);
 233:Core/Src/main.c **** 	  HAL_GPIO_TogglePin(GPIOB, GPIO_PIN_1);
 234:Core/Src/main.c **** 	  HAL_Delay(200);
 235:Core/Src/main.c **** 	  HAL_GPIO_TogglePin(GPIOB, GPIO_PIN_2);
 236:Core/Src/main.c **** 
 237:Core/Src/main.c **** 
 238:Core/Src/main.c **** //    /* USER CODE END WHILE */
 239:Core/Src/main.c **** //	  for (int i = 0; i < 5; i++) {
 240:Core/Src/main.c **** //	       width = image_dimensions[i];
 241:Core/Src/main.c **** //	       height = image_dimensions[i];
 242:Core/Src/main.c **** //
 243:Core/Src/main.c **** //    /* USER CODE BEGIN 3 */
 244:Core/Src/main.c **** //	  //TODO: Visual indicator: Turn on LED0 to signal processing start
 245:Core/Src/main.c **** //	  HAL_GPIO_WritePin(GPIOB, GPIO_PIN_0, GPIO_PIN_SET);
 246:Core/Src/main.c **** //
 247:Core/Src/main.c **** //	  /* commenting out fixed-point implementation for task 5
 248:Core/Src/main.c **** //	  //TODO: Benchmark and Profile Performance
 249:Core/Src/main.c **** //      // Fixed-point benchmark:
 250:Core/Src/main.c **** //      //TODO: Record the start number of cycles
 251:Core/Src/main.c **** //      start_cycles = DWT->CYCCNT;
 252:Core/Src/main.c **** //      //TODO: Call the Mandelbrot Function and store the output in the checksum variable defined 
 253:Core/Src/main.c **** //      checksum = calculate_mandelbrot_fixed_point_arithmetic(width, height, MAX_ITER);
 254:Core/Src/main.c **** //      //TODO: Calculate elapsed cycles
 255:Core/Src/main.c **** //      elapsed_cycles = DWT->CYCCNT - start_cycles;
 256:Core/Src/main.c **** //      // convert cycles to seconds
 257:Core/Src/main.c **** //      execution_time = elapsed_cycles / SystemCoreClock; //SystemCoreClock => HAL variable that s
 258:Core/Src/main.c **** //
 259:Core/Src/main.c **** //      */
ARM GAS  /var/folders/d6/h50ndp_j7xj_7552gzkj6_s40000gn/T//cctl1r8X.s 			page 6


 260:Core/Src/main.c **** //
 261:Core/Src/main.c **** //      // Double benchmark:
 262:Core/Src/main.c **** //      //TODO: Record the start number of cycles
 263:Core/Src/main.c **** //      start_cycles = DWT->CYCCNT;
 264:Core/Src/main.c **** //      //TODO: Call the Mandelbrot Function and store the output in the checksum variable defined 
 265:Core/Src/main.c **** //      checksum = calculate_mandelbrot_double(width, height, MAX_ITER);
 266:Core/Src/main.c **** //      //TODO: Calculate elapsed cycles
 267:Core/Src/main.c **** //      elapsed_cycles = DWT->CYCCNT - start_cycles;
 268:Core/Src/main.c **** //      // convert cycles to seconds
 269:Core/Src/main.c **** //      execution_time = elapsed_cycles / SystemCoreClock;
 270:Core/Src/main.c **** //
 271:Core/Src/main.c **** //      /*
 272:Core/Src/main.c **** //      // floating point benchmark:
 273:Core/Src/main.c **** //      // record start number of cycles
 274:Core/Src/main.c **** //      start_cycles = DWT -> CYCCNT;
 275:Core/Src/main.c **** //      // call Mandelbrot Function and store the output in the checksum variable
 276:Core/Src/main.c **** //      checksum = calculate_mandelbrot_float(width, height, MAX_ITER);
 277:Core/Src/main.c **** //      // calculate elapsed cycles
 278:Core/Src/main.c **** //      elapsed_cycles = DWT ->CYCCNT - start_cycles;
 279:Core/Src/main.c **** //      //convert cycles to seconds
 280:Core/Src/main.c **** //      execution_time = elapsed_cycles / SystemCoreClock;
 281:Core/Src/main.c **** //	  */
 282:Core/Src/main.c **** //
 283:Core/Src/main.c **** //	  //TODO: Visual indicator: Turn on LED1 to signal processing start
 284:Core/Src/main.c **** //      HAL_GPIO_WritePin(GPIOB, GPIO_PIN_1, GPIO_PIN_SET);
 285:Core/Src/main.c **** //
 286:Core/Src/main.c **** //	  //TODO: Keep the LEDs ON for 2s
 287:Core/Src/main.c **** //      HAL_Delay(2000);
 288:Core/Src/main.c **** //
 289:Core/Src/main.c **** //	  //TODO: Turn OFF LEDs
 290:Core/Src/main.c **** //      HAL_GPIO_WritePin(GPIOB, GPIO_PIN_0 | GPIO_PIN_1, GPIO_PIN_RESET);
 291:Core/Src/main.c **** //	  }
 292:Core/Src/main.c ****   }
 293:Core/Src/main.c ****   /* USER CODE END 3 */
 294:Core/Src/main.c **** }
 295:Core/Src/main.c **** 
 296:Core/Src/main.c **** /**
 297:Core/Src/main.c ****   * @brief System Clock Configuration
 298:Core/Src/main.c ****   * @retval None
 299:Core/Src/main.c ****   */
 300:Core/Src/main.c **** void SystemClock_Config(void)
 301:Core/Src/main.c **** {
 302:Core/Src/main.c ****   RCC_OscInitTypeDef RCC_OscInitStruct = {0};
 303:Core/Src/main.c ****   RCC_ClkInitTypeDef RCC_ClkInitStruct = {0};
 304:Core/Src/main.c **** 
 305:Core/Src/main.c ****   /** Configure the main internal regulator output voltage
 306:Core/Src/main.c ****   */
 307:Core/Src/main.c ****   __HAL_RCC_PWR_CLK_ENABLE();
 308:Core/Src/main.c ****   __HAL_PWR_VOLTAGESCALING_CONFIG(PWR_REGULATOR_VOLTAGE_SCALE3);
 309:Core/Src/main.c **** 
 310:Core/Src/main.c ****   /** Initializes the RCC Oscillators according to the specified parameters
 311:Core/Src/main.c ****   * in the RCC_OscInitTypeDef structure.
 312:Core/Src/main.c ****   */
 313:Core/Src/main.c ****   RCC_OscInitStruct.OscillatorType = RCC_OSCILLATORTYPE_HSE;
 314:Core/Src/main.c ****   RCC_OscInitStruct.HSEState = RCC_HSE_ON;
 315:Core/Src/main.c ****   RCC_OscInitStruct.PLL.PLLState = RCC_PLL_ON;
 316:Core/Src/main.c ****   RCC_OscInitStruct.PLL.PLLSource = RCC_PLLSOURCE_HSE;
ARM GAS  /var/folders/d6/h50ndp_j7xj_7552gzkj6_s40000gn/T//cctl1r8X.s 			page 7


 317:Core/Src/main.c ****   RCC_OscInitStruct.PLL.PLLM = 15;
 318:Core/Src/main.c ****   RCC_OscInitStruct.PLL.PLLN = 144;
 319:Core/Src/main.c ****   RCC_OscInitStruct.PLL.PLLP = RCC_PLLP_DIV2;
 320:Core/Src/main.c ****   RCC_OscInitStruct.PLL.PLLQ = 2;
 321:Core/Src/main.c ****   RCC_OscInitStruct.PLL.PLLR = 2;
 322:Core/Src/main.c ****   if (HAL_RCC_OscConfig(&RCC_OscInitStruct) != HAL_OK)
 323:Core/Src/main.c ****   {
 324:Core/Src/main.c ****     Error_Handler();
 325:Core/Src/main.c ****   }
 326:Core/Src/main.c **** 
 327:Core/Src/main.c ****   /** Initializes the CPU, AHB and APB buses clocks
 328:Core/Src/main.c ****   */
 329:Core/Src/main.c ****   RCC_ClkInitStruct.ClockType = RCC_CLOCKTYPE_HCLK|RCC_CLOCKTYPE_SYSCLK
 330:Core/Src/main.c ****                               |RCC_CLOCKTYPE_PCLK1|RCC_CLOCKTYPE_PCLK2;
 331:Core/Src/main.c ****   RCC_ClkInitStruct.SYSCLKSource = RCC_SYSCLKSOURCE_PLLCLK;
 332:Core/Src/main.c ****   RCC_ClkInitStruct.AHBCLKDivider = RCC_SYSCLK_DIV1;
 333:Core/Src/main.c ****   RCC_ClkInitStruct.APB1CLKDivider = RCC_HCLK_DIV4;
 334:Core/Src/main.c ****   RCC_ClkInitStruct.APB2CLKDivider = RCC_HCLK_DIV2;
 335:Core/Src/main.c **** 
 336:Core/Src/main.c ****   if (HAL_RCC_ClockConfig(&RCC_ClkInitStruct, FLASH_LATENCY_3) != HAL_OK)
 337:Core/Src/main.c ****   {
 338:Core/Src/main.c ****     Error_Handler();
 339:Core/Src/main.c ****   }
 340:Core/Src/main.c **** }
 341:Core/Src/main.c **** 
 342:Core/Src/main.c **** /**
 343:Core/Src/main.c ****   * @brief GPIO Initialization Function
 344:Core/Src/main.c ****   * @param None
 345:Core/Src/main.c ****   * @retval None
 346:Core/Src/main.c ****   */
 347:Core/Src/main.c **** static void MX_GPIO_Init(void)
 348:Core/Src/main.c **** {
  28              		.loc 1 348 1 view -0
  29              		.cfi_startproc
  30              		@ args = 0, pretend = 0, frame = 32
  31              		@ frame_needed = 0, uses_anonymous_args = 0
  32 0000 30B5     		push	{r4, r5, lr}
  33              	.LCFI0:
  34              		.cfi_def_cfa_offset 12
  35              		.cfi_offset 4, -12
  36              		.cfi_offset 5, -8
  37              		.cfi_offset 14, -4
  38 0002 89B0     		sub	sp, sp, #36
  39              	.LCFI1:
  40              		.cfi_def_cfa_offset 48
 349:Core/Src/main.c ****   GPIO_InitTypeDef GPIO_InitStruct = {0};
  41              		.loc 1 349 3 view .LVU1
  42              		.loc 1 349 20 is_stmt 0 view .LVU2
  43 0004 0024     		movs	r4, #0
  44 0006 0394     		str	r4, [sp, #12]
  45 0008 0494     		str	r4, [sp, #16]
  46 000a 0594     		str	r4, [sp, #20]
  47 000c 0694     		str	r4, [sp, #24]
  48 000e 0794     		str	r4, [sp, #28]
 350:Core/Src/main.c ****   /* USER CODE BEGIN MX_GPIO_Init_1 */
 351:Core/Src/main.c **** 
 352:Core/Src/main.c ****   /* USER CODE END MX_GPIO_Init_1 */
ARM GAS  /var/folders/d6/h50ndp_j7xj_7552gzkj6_s40000gn/T//cctl1r8X.s 			page 8


 353:Core/Src/main.c **** 
 354:Core/Src/main.c ****   /* GPIO Ports Clock Enable */
 355:Core/Src/main.c ****   __HAL_RCC_GPIOC_CLK_ENABLE();
  49              		.loc 1 355 3 is_stmt 1 view .LVU3
  50              	.LBB4:
  51              		.loc 1 355 3 view .LVU4
  52 0010 0094     		str	r4, [sp]
  53              		.loc 1 355 3 view .LVU5
  54 0012 184B     		ldr	r3, .L3
  55 0014 1A6B     		ldr	r2, [r3, #48]
  56 0016 42F00402 		orr	r2, r2, #4
  57 001a 1A63     		str	r2, [r3, #48]
  58              		.loc 1 355 3 view .LVU6
  59 001c 1A6B     		ldr	r2, [r3, #48]
  60 001e 02F00402 		and	r2, r2, #4
  61 0022 0092     		str	r2, [sp]
  62              		.loc 1 355 3 view .LVU7
  63 0024 009A     		ldr	r2, [sp]
  64              	.LBE4:
  65              		.loc 1 355 3 view .LVU8
 356:Core/Src/main.c ****   __HAL_RCC_GPIOH_CLK_ENABLE();
  66              		.loc 1 356 3 view .LVU9
  67              	.LBB5:
  68              		.loc 1 356 3 view .LVU10
  69 0026 0194     		str	r4, [sp, #4]
  70              		.loc 1 356 3 view .LVU11
  71 0028 1A6B     		ldr	r2, [r3, #48]
  72 002a 42F08002 		orr	r2, r2, #128
  73 002e 1A63     		str	r2, [r3, #48]
  74              		.loc 1 356 3 view .LVU12
  75 0030 1A6B     		ldr	r2, [r3, #48]
  76 0032 02F08002 		and	r2, r2, #128
  77 0036 0192     		str	r2, [sp, #4]
  78              		.loc 1 356 3 view .LVU13
  79 0038 019A     		ldr	r2, [sp, #4]
  80              	.LBE5:
  81              		.loc 1 356 3 view .LVU14
 357:Core/Src/main.c ****   __HAL_RCC_GPIOB_CLK_ENABLE();
  82              		.loc 1 357 3 view .LVU15
  83              	.LBB6:
  84              		.loc 1 357 3 view .LVU16
  85 003a 0294     		str	r4, [sp, #8]
  86              		.loc 1 357 3 view .LVU17
  87 003c 1A6B     		ldr	r2, [r3, #48]
  88 003e 42F00202 		orr	r2, r2, #2
  89 0042 1A63     		str	r2, [r3, #48]
  90              		.loc 1 357 3 view .LVU18
  91 0044 1B6B     		ldr	r3, [r3, #48]
  92 0046 03F00203 		and	r3, r3, #2
  93 004a 0293     		str	r3, [sp, #8]
  94              		.loc 1 357 3 view .LVU19
  95 004c 029B     		ldr	r3, [sp, #8]
  96              	.LBE6:
  97              		.loc 1 357 3 view .LVU20
 358:Core/Src/main.c **** 
 359:Core/Src/main.c ****   /*Configure GPIO pin Output Level */
 360:Core/Src/main.c ****   HAL_GPIO_WritePin(GPIOB, GPIO_PIN_0|GPIO_PIN_1|GPIO_PIN_2|GPIO_PIN_3
ARM GAS  /var/folders/d6/h50ndp_j7xj_7552gzkj6_s40000gn/T//cctl1r8X.s 			page 9


  98              		.loc 1 360 3 view .LVU21
  99 004e 0A4D     		ldr	r5, .L3+4
 100 0050 2246     		mov	r2, r4
 101 0052 FF21     		movs	r1, #255
 102 0054 2846     		mov	r0, r5
 103 0056 FFF7FEFF 		bl	HAL_GPIO_WritePin
 104              	.LVL0:
 361:Core/Src/main.c ****                           |GPIO_PIN_4|GPIO_PIN_5|GPIO_PIN_6|GPIO_PIN_7, GPIO_PIN_RESET);
 362:Core/Src/main.c **** 
 363:Core/Src/main.c ****   /*Configure GPIO pins : PB0 PB1 PB2 PB3
 364:Core/Src/main.c ****                            PB4 PB5 PB6 PB7 */
 365:Core/Src/main.c ****   GPIO_InitStruct.Pin = GPIO_PIN_0|GPIO_PIN_1|GPIO_PIN_2|GPIO_PIN_3
 105              		.loc 1 365 3 view .LVU22
 106              		.loc 1 365 23 is_stmt 0 view .LVU23
 107 005a FF23     		movs	r3, #255
 108 005c 0393     		str	r3, [sp, #12]
 366:Core/Src/main.c ****                           |GPIO_PIN_4|GPIO_PIN_5|GPIO_PIN_6|GPIO_PIN_7;
 367:Core/Src/main.c ****   GPIO_InitStruct.Mode = GPIO_MODE_OUTPUT_PP;
 109              		.loc 1 367 3 is_stmt 1 view .LVU24
 110              		.loc 1 367 24 is_stmt 0 view .LVU25
 111 005e 0123     		movs	r3, #1
 112 0060 0493     		str	r3, [sp, #16]
 368:Core/Src/main.c ****   GPIO_InitStruct.Pull = GPIO_NOPULL;
 113              		.loc 1 368 3 is_stmt 1 view .LVU26
 114              		.loc 1 368 24 is_stmt 0 view .LVU27
 115 0062 0594     		str	r4, [sp, #20]
 369:Core/Src/main.c ****   GPIO_InitStruct.Speed = GPIO_SPEED_FREQ_LOW;
 116              		.loc 1 369 3 is_stmt 1 view .LVU28
 117              		.loc 1 369 25 is_stmt 0 view .LVU29
 118 0064 0694     		str	r4, [sp, #24]
 370:Core/Src/main.c ****   HAL_GPIO_Init(GPIOB, &GPIO_InitStruct);
 119              		.loc 1 370 3 is_stmt 1 view .LVU30
 120 0066 03A9     		add	r1, sp, #12
 121 0068 2846     		mov	r0, r5
 122 006a FFF7FEFF 		bl	HAL_GPIO_Init
 123              	.LVL1:
 371:Core/Src/main.c **** 
 372:Core/Src/main.c ****   /* USER CODE BEGIN MX_GPIO_Init_2 */
 373:Core/Src/main.c **** 
 374:Core/Src/main.c ****   /* USER CODE END MX_GPIO_Init_2 */
 375:Core/Src/main.c **** }
 124              		.loc 1 375 1 is_stmt 0 view .LVU31
 125 006e 09B0     		add	sp, sp, #36
 126              	.LCFI2:
 127              		.cfi_def_cfa_offset 12
 128              		@ sp needed
 129 0070 30BD     		pop	{r4, r5, pc}
 130              	.L4:
 131 0072 00BF     		.align	2
 132              	.L3:
 133 0074 00380240 		.word	1073887232
 134 0078 00040240 		.word	1073873920
 135              		.cfi_endproc
 136              	.LFE136:
 138              		.global	__aeabi_ldivmod
 139              		.section	.text.calculate_mandelbrot_fixed_point_arithmetic,"ax",%progbits
 140              		.align	1
ARM GAS  /var/folders/d6/h50ndp_j7xj_7552gzkj6_s40000gn/T//cctl1r8X.s 			page 10


 141              		.global	calculate_mandelbrot_fixed_point_arithmetic
 142              		.syntax unified
 143              		.thumb
 144              		.thumb_func
 146              	calculate_mandelbrot_fixed_point_arithmetic:
 147              	.LVL2:
 148              	.LFB137:
 376:Core/Src/main.c **** 
 377:Core/Src/main.c **** /* USER CODE BEGIN 4 */
 378:Core/Src/main.c **** //TODO: Function signatures you defined previously , implement them here
 379:Core/Src/main.c **** 	//fixed point implementation
 380:Core/Src/main.c **** 	// MAX_ITER=4096
 381:Core/Src/main.c **** 	uint64_t calculate_mandelbrot_fixed_point_arithmetic(int width, int height, int max_iterations) {
 149              		.loc 1 381 98 is_stmt 1 view -0
 150              		.cfi_startproc
 151              		@ args = 0, pretend = 0, frame = 24
 152              		@ frame_needed = 0, uses_anonymous_args = 0
 153              		.loc 1 381 98 is_stmt 0 view .LVU33
 154 0000 2DE9F04F 		push	{r4, r5, r6, r7, r8, r9, r10, fp, lr}
 155              	.LCFI3:
 156              		.cfi_def_cfa_offset 36
 157              		.cfi_offset 4, -36
 158              		.cfi_offset 5, -32
 159              		.cfi_offset 6, -28
 160              		.cfi_offset 7, -24
 161              		.cfi_offset 8, -20
 162              		.cfi_offset 9, -16
 163              		.cfi_offset 10, -12
 164              		.cfi_offset 11, -8
 165              		.cfi_offset 14, -4
 166 0004 87B0     		sub	sp, sp, #28
 167              	.LCFI4:
 168              		.cfi_def_cfa_offset 64
 169 0006 8246     		mov	r10, r0
 170 0008 1646     		mov	r6, r2
 382:Core/Src/main.c **** 		uint64_t mandelbrot_sum = 0;
 171              		.loc 1 382 3 is_stmt 1 view .LVU34
 172              	.LVL3:
 383:Core/Src/main.c **** 
 384:Core/Src/main.c **** 		for(int y = 0; y < height; y++){
 173              		.loc 1 384 3 view .LVU35
 174              	.LBB7:
 175              		.loc 1 384 7 view .LVU36
 176              		.loc 1 384 11 is_stmt 0 view .LVU37
 177 000a 4FF00008 		mov	r8, #0
 178              	.LBE7:
 382:Core/Src/main.c **** 		uint64_t mandelbrot_sum = 0;
 179              		.loc 1 382 12 view .LVU38
 180 000e CDF80480 		str	r8, [sp, #4]
 181 0012 C346     		mov	fp, r8
 182 0014 4746     		mov	r7, r8
 183 0016 0591     		str	r1, [sp, #20]
 184              	.LBB16:
 185              		.loc 1 384 3 view .LVU39
 186 0018 96E0     		b	.L6
 187              	.LVL4:
 188              	.L17:
ARM GAS  /var/folders/d6/h50ndp_j7xj_7552gzkj6_s40000gn/T//cctl1r8X.s 			page 11


 189              	.LBB8:
 190              	.LBB9:
 191              	.LBB10:
 385:Core/Src/main.c **** 			for(int x = 0; x < width; x++){
 386:Core/Src/main.c **** 				// convert pixel coordinates to fixed point complex plane coordinates
 387:Core/Src/main.c **** 				int32_t x0 = ((int64_t)x*SCALE*35/(width*10))-(SCALE*25)/10; // making sure all numbers are int
 388:Core/Src/main.c **** 				int32_t y0 = ((int64_t)y * SCALE * 2/ height)-SCALE;
 389:Core/Src/main.c **** 
 390:Core/Src/main.c **** 				int32_t xi = 0;
 391:Core/Src/main.c **** 				int32_t yi = 0;
 392:Core/Src/main.c **** 				int i = 0;
 393:Core/Src/main.c **** 
 394:Core/Src/main.c **** 				while (i < max_iterations){
 395:Core/Src/main.c **** 					int64_t xi_sq = ((int64_t)xi * xi) / SCALE;
 192              		.loc 1 395 14 view .LVU40
 193 001a 40F6FF73 		movw	r3, #4095
 194 001e D318     		adds	r3, r2, r3
 195 0020 1A46     		mov	r2, r3
 196 0022 45F10003 		adc	r3, r5, #0
 197 0026 1CE0     		b	.L8
 198              	.LVL5:
 199              	.L18:
 396:Core/Src/main.c **** 					int64_t yi_sq = ((int64_t)yi * yi) / SCALE;
 200              		.loc 1 396 14 view .LVU41
 201 0028 40F6FF77 		movw	r7, #4095
 202 002c D719     		adds	r7, r2, r7
 203 002e 3A46     		mov	r2, r7
 204 0030 4AF10007 		adc	r7, r10, #0
 205 0034 27E0     		b	.L9
 206              	.LVL6:
 207              	.L11:
 208              	.LBB11:
 397:Core/Src/main.c **** 
 398:Core/Src/main.c **** 					if(xi_sq + yi_sq <= 4 * SCALE){
 399:Core/Src/main.c **** 						int32_t temp = (int32_t)(xi_sq - yi_sq);
 400:Core/Src/main.c **** 						int64_t xy = ((int64_t)xi * yi) / SCALE;
 209              		.loc 1 400 15 view .LVU42
 210 0036 090B     		lsrs	r1, r1, #12
 211 0038 41EA0251 		orr	r1, r1, r2, lsl #20
 212              	.LVL7:
 401:Core/Src/main.c **** 
 402:Core/Src/main.c **** 						yi  =(int32_t)(2*xy + y0);
 213              		.loc 1 402 7 is_stmt 1 view .LVU43
 214              		.loc 1 402 27 is_stmt 0 view .LVU44
 215 003c 00EB4107 		add	r7, r0, r1, lsl #1
 216              	.LVL8:
 403:Core/Src/main.c **** 						xi = temp + x0;
 217              		.loc 1 403 7 is_stmt 1 view .LVU45
 218              		.loc 1 403 10 is_stmt 0 view .LVU46
 219 0040 2344     		add	r3, r3, r4
 220              	.LVL9:
 404:Core/Src/main.c **** 
 405:Core/Src/main.c **** 						i++;
 221              		.loc 1 405 7 is_stmt 1 view .LVU47
 222              		.loc 1 405 8 is_stmt 0 view .LVU48
 223 0042 08F10108 		add	r8, r8, #1
 224              	.LVL10:
ARM GAS  /var/folders/d6/h50ndp_j7xj_7552gzkj6_s40000gn/T//cctl1r8X.s 			page 12


 225              	.L7:
 226              		.loc 1 405 8 view .LVU49
 227              	.LBE11:
 228              	.LBE10:
 394:Core/Src/main.c **** 					int64_t xi_sq = ((int64_t)xi * xi) / SCALE;
 229              		.loc 1 394 14 is_stmt 1 view .LVU50
 230 0046 B045     		cmp	r8, r6
 231 0048 3BDA     		bge	.L10
 232              	.LBB13:
 395:Core/Src/main.c **** 					int64_t yi_sq = ((int64_t)yi * yi) / SCALE;
 233              		.loc 1 395 6 view .LVU51
 395:Core/Src/main.c **** 					int64_t yi_sq = ((int64_t)yi * yi) / SCALE;
 234              		.loc 1 395 23 is_stmt 0 view .LVU52
 235 004a 4FEAE379 		asr	r9, r3, #31
 236 004e 1946     		mov	r1, r3
 395:Core/Src/main.c **** 					int64_t yi_sq = ((int64_t)yi * yi) / SCALE;
 237              		.loc 1 395 35 view .LVU53
 238 0050 03FB09F3 		mul	r3, r3, r9
 239              	.LVL11:
 395:Core/Src/main.c **** 					int64_t yi_sq = ((int64_t)yi * yi) / SCALE;
 240              		.loc 1 395 35 view .LVU54
 241 0054 A1FB0125 		umull	r2, r5, r1, r1
 242 0058 05EB4305 		add	r5, r5, r3, lsl #1
 395:Core/Src/main.c **** 					int64_t yi_sq = ((int64_t)yi * yi) / SCALE;
 243              		.loc 1 395 14 view .LVU55
 244 005c 2B46     		mov	r3, r5
 245 005e 002D     		cmp	r5, #0
 246 0060 DBDB     		blt	.L17
 247              	.L8:
 248 0062 120B     		lsrs	r2, r2, #12
 249 0064 4FEA233E 		asr	lr, r3, #12
 250 0068 42EA0353 		orr	r3, r2, r3, lsl #20
 251              	.LVL12:
 396:Core/Src/main.c **** 
 252              		.loc 1 396 6 is_stmt 1 view .LVU56
 396:Core/Src/main.c **** 
 253              		.loc 1 396 23 is_stmt 0 view .LVU57
 254 006c 4FEAE77C 		asr	ip, r7, #31
 255 0070 3D46     		mov	r5, r7
 396:Core/Src/main.c **** 
 256              		.loc 1 396 35 view .LVU58
 257 0072 07FB0CF7 		mul	r7, r7, ip
 258              	.LVL13:
 396:Core/Src/main.c **** 
 259              		.loc 1 396 35 view .LVU59
 260 0076 A5FB052A 		umull	r2, r10, r5, r5
 261 007a 0AEB470A 		add	r10, r10, r7, lsl #1
 396:Core/Src/main.c **** 
 262              		.loc 1 396 14 view .LVU60
 263 007e 5746     		mov	r7, r10
 264 0080 BAF1000F 		cmp	r10, #0
 265 0084 D0DB     		blt	.L18
 266              	.L9:
 396:Core/Src/main.c **** 
 267              		.loc 1 396 14 view .LVU61
 268 0086 120B     		lsrs	r2, r2, #12
 269 0088 42EA0752 		orr	r2, r2, r7, lsl #20
ARM GAS  /var/folders/d6/h50ndp_j7xj_7552gzkj6_s40000gn/T//cctl1r8X.s 			page 13


 270              	.LVL14:
 398:Core/Src/main.c **** 						int32_t temp = (int32_t)(xi_sq - yi_sq);
 271              		.loc 1 398 6 is_stmt 1 view .LVU62
 398:Core/Src/main.c **** 						int32_t temp = (int32_t)(xi_sq - yi_sq);
 272              		.loc 1 398 15 is_stmt 0 view .LVU63
 273 008c 13EB020A 		adds	r10, r3, r2
 274 0090 4EEB273E 		adc	lr, lr, r7, asr #12
 275              	.LVL15:
 398:Core/Src/main.c **** 						int32_t temp = (int32_t)(xi_sq - yi_sq);
 276              		.loc 1 398 8 view .LVU64
 277 0094 44F20107 		movw	r7, #16385
 278              	.LVL16:
 398:Core/Src/main.c **** 						int32_t temp = (int32_t)(xi_sq - yi_sq);
 279              		.loc 1 398 8 view .LVU65
 280 0098 BA45     		cmp	r10, r7
 281 009a 7EF1000E 		sbcs	lr, lr, #0
 282 009e 10DA     		bge	.L10
 283              	.LBB12:
 399:Core/Src/main.c **** 						int64_t xy = ((int64_t)xi * yi) / SCALE;
 284              		.loc 1 399 7 is_stmt 1 view .LVU66
 399:Core/Src/main.c **** 						int64_t xy = ((int64_t)xi * yi) / SCALE;
 285              		.loc 1 399 38 is_stmt 0 view .LVU67
 286 00a0 9B1A     		subs	r3, r3, r2
 287              	.LVL17:
 400:Core/Src/main.c **** 
 288              		.loc 1 400 7 is_stmt 1 view .LVU68
 400:Core/Src/main.c **** 
 289              		.loc 1 400 33 is_stmt 0 view .LVU69
 290 00a2 01FB0CFC 		mul	ip, r1, ip
 291 00a6 05FB09CC 		mla	ip, r5, r9, ip
 292 00aa A1FB0515 		umull	r1, r5, r1, r5
 293              	.LVL18:
 400:Core/Src/main.c **** 
 294              		.loc 1 400 33 view .LVU70
 295 00ae 6544     		add	r5, r5, ip
 400:Core/Src/main.c **** 
 296              		.loc 1 400 15 view .LVU71
 297 00b0 2A46     		mov	r2, r5
 400:Core/Src/main.c **** 
 298              		.loc 1 400 15 view .LVU72
 299 00b2 002D     		cmp	r5, #0
 300 00b4 BFDA     		bge	.L11
 301 00b6 40F6FF72 		movw	r2, #4095
 302 00ba 8918     		adds	r1, r1, r2
 303 00bc 45F10002 		adc	r2, r5, #0
 304 00c0 B9E7     		b	.L11
 305              	.LVL19:
 306              	.L10:
 400:Core/Src/main.c **** 
 307              		.loc 1 400 15 view .LVU73
 308              	.LBE12:
 309              	.LBE13:
 406:Core/Src/main.c **** 					}
 407:Core/Src/main.c **** 
 408:Core/Src/main.c **** 					else{
 409:Core/Src/main.c **** 						break;
 410:Core/Src/main.c **** 					}
ARM GAS  /var/folders/d6/h50ndp_j7xj_7552gzkj6_s40000gn/T//cctl1r8X.s 			page 14


 411:Core/Src/main.c **** 				}
 412:Core/Src/main.c **** 				mandelbrot_sum += i;
 310              		.loc 1 412 20 view .LVU74
 311 00c2 DDF80890 		ldr	r9, [sp, #8]
 312 00c6 039D     		ldr	r5, [sp, #12]
 313 00c8 049F     		ldr	r7, [sp, #16]
 314              		.loc 1 412 5 is_stmt 1 view .LVU75
 315              		.loc 1 412 20 is_stmt 0 view .LVU76
 316 00ca 019B     		ldr	r3, [sp, #4]
 317 00cc 18EB0303 		adds	r3, r8, r3
 318 00d0 0193     		str	r3, [sp, #4]
 319              	.LVL20:
 320              		.loc 1 412 20 view .LVU77
 321 00d2 4BEBE87B 		adc	fp, fp, r8, asr #31
 322              	.LVL21:
 323              		.loc 1 412 20 view .LVU78
 324              	.LBE9:
 385:Core/Src/main.c **** 				// convert pixel coordinates to fixed point complex plane coordinates
 325              		.loc 1 385 31 is_stmt 1 discriminator 2 view .LVU79
 326 00d6 0135     		adds	r5, r5, #1
 327              	.LVL22:
 328              	.L14:
 385:Core/Src/main.c **** 				// convert pixel coordinates to fixed point complex plane coordinates
 329              		.loc 1 385 21 discriminator 1 view .LVU80
 330 00d8 BD42     		cmp	r5, r7
 331 00da 32DA     		bge	.L19
 332              	.LBB14:
 387:Core/Src/main.c **** 				int32_t y0 = ((int64_t)y * SCALE * 2/ height)-SCALE;
 333              		.loc 1 387 5 view .LVU81
 387:Core/Src/main.c **** 				int32_t y0 = ((int64_t)y * SCALE * 2/ height)-SCALE;
 334              		.loc 1 387 19 is_stmt 0 view .LVU82
 335 00dc E917     		asrs	r1, r5, #31
 387:Core/Src/main.c **** 				int32_t y0 = ((int64_t)y * SCALE * 2/ height)-SCALE;
 336              		.loc 1 387 35 view .LVU83
 337 00de CB00     		lsls	r3, r1, #3
 338 00e0 43EA5573 		orr	r3, r3, r5, lsr #29
 339 00e4 EA00     		lsls	r2, r5, #3
 340 00e6 5419     		adds	r4, r2, r5
 341 00e8 41EB0303 		adc	r3, r1, r3
 342 00ec 9B00     		lsls	r3, r3, #2
 343 00ee 43EA9473 		orr	r3, r3, r4, lsr #30
 344 00f2 A400     		lsls	r4, r4, #2
 345 00f4 641B     		subs	r4, r4, r5
 346 00f6 63EB0103 		sbc	r3, r3, r1
 347 00fa 1903     		lsls	r1, r3, #12
 387:Core/Src/main.c **** 				int32_t y0 = ((int64_t)y * SCALE * 2/ height)-SCALE;
 348              		.loc 1 387 45 view .LVU84
 349 00fc 07EB8703 		add	r3, r7, r7, lsl #2
 387:Core/Src/main.c **** 				int32_t y0 = ((int64_t)y * SCALE * 2/ height)-SCALE;
 350              		.loc 1 387 38 view .LVU85
 351 0100 5A00     		lsls	r2, r3, #1
 352 0102 43F38073 		sbfx	r3, r3, #30, #1
 353 0106 2003     		lsls	r0, r4, #12
 354 0108 41EA1451 		orr	r1, r1, r4, lsr #20
 355 010c FFF7FEFF 		bl	__aeabi_ldivmod
 356              	.LVL23:
 387:Core/Src/main.c **** 				int32_t y0 = ((int64_t)y * SCALE * 2/ height)-SCALE;
ARM GAS  /var/folders/d6/h50ndp_j7xj_7552gzkj6_s40000gn/T//cctl1r8X.s 			page 15


 357              		.loc 1 387 50 view .LVU86
 358 0110 A0F52054 		sub	r4, r0, #10240
 359              	.LVL24:
 388:Core/Src/main.c **** 
 360              		.loc 1 388 5 is_stmt 1 view .LVU87
 388:Core/Src/main.c **** 
 361              		.loc 1 388 19 is_stmt 0 view .LVU88
 362 0114 4FEAE971 		asr	r1, r9, #31
 388:Core/Src/main.c **** 
 363              		.loc 1 388 38 view .LVU89
 364 0118 4903     		lsls	r1, r1, #13
 388:Core/Src/main.c **** 
 365              		.loc 1 388 41 view .LVU90
 366 011a 059B     		ldr	r3, [sp, #20]
 367 011c 1A46     		mov	r2, r3
 368 011e DB17     		asrs	r3, r3, #31
 369 0120 4FEA4930 		lsl	r0, r9, #13
 370 0124 41EAD941 		orr	r1, r1, r9, lsr #19
 371 0128 FFF7FEFF 		bl	__aeabi_ldivmod
 372              	.LVL25:
 388:Core/Src/main.c **** 
 373              		.loc 1 388 50 view .LVU91
 374 012c A0F58050 		sub	r0, r0, #4096
 375              	.LVL26:
 390:Core/Src/main.c **** 				int32_t yi = 0;
 376              		.loc 1 390 5 is_stmt 1 view .LVU92
 391:Core/Src/main.c **** 				int i = 0;
 377              		.loc 1 391 5 view .LVU93
 392:Core/Src/main.c **** 
 378              		.loc 1 392 5 view .LVU94
 394:Core/Src/main.c **** 					int64_t xi_sq = ((int64_t)xi * xi) / SCALE;
 379              		.loc 1 394 5 view .LVU95
 392:Core/Src/main.c **** 
 380              		.loc 1 392 9 is_stmt 0 view .LVU96
 381 0130 4FF00008 		mov	r8, #0
 390:Core/Src/main.c **** 				int32_t yi = 0;
 382              		.loc 1 390 13 view .LVU97
 383 0134 4346     		mov	r3, r8
 384 0136 CDF80890 		str	r9, [sp, #8]
 385 013a 0395     		str	r5, [sp, #12]
 386 013c 0497     		str	r7, [sp, #16]
 387 013e 4746     		mov	r7, r8
 394:Core/Src/main.c **** 					int64_t xi_sq = ((int64_t)xi * xi) / SCALE;
 388              		.loc 1 394 11 view .LVU98
 389 0140 81E7     		b	.L7
 390              	.LVL27:
 391              	.L19:
 394:Core/Src/main.c **** 					int64_t xi_sq = ((int64_t)xi * xi) / SCALE;
 392              		.loc 1 394 11 view .LVU99
 393              	.LBE14:
 394              	.LBE8:
 384:Core/Src/main.c **** 			for(int x = 0; x < width; x++){
 395              		.loc 1 384 31 discriminator 2 view .LVU100
 396 0142 BA46     		mov	r10, r7
 397 0144 4F46     		mov	r7, r9
 384:Core/Src/main.c **** 			for(int x = 0; x < width; x++){
 398              		.loc 1 384 31 is_stmt 1 discriminator 2 view .LVU101
ARM GAS  /var/folders/d6/h50ndp_j7xj_7552gzkj6_s40000gn/T//cctl1r8X.s 			page 16


 399 0146 0137     		adds	r7, r7, #1
 400              	.LVL28:
 401              	.L6:
 384:Core/Src/main.c **** 			for(int x = 0; x < width; x++){
 402              		.loc 1 384 20 discriminator 1 view .LVU102
 403 0148 059B     		ldr	r3, [sp, #20]
 404 014a 9F42     		cmp	r7, r3
 405 014c 03DA     		bge	.L20
 406              	.LBB15:
 385:Core/Src/main.c **** 				// convert pixel coordinates to fixed point complex plane coordinates
 407              		.loc 1 385 12 is_stmt 0 view .LVU103
 408 014e 0025     		movs	r5, #0
 409 0150 B946     		mov	r9, r7
 410 0152 5746     		mov	r7, r10
 411              	.LVL29:
 385:Core/Src/main.c **** 				// convert pixel coordinates to fixed point complex plane coordinates
 412              		.loc 1 385 12 view .LVU104
 413 0154 C0E7     		b	.L14
 414              	.LVL30:
 415              	.L20:
 385:Core/Src/main.c **** 				// convert pixel coordinates to fixed point complex plane coordinates
 416              		.loc 1 385 12 view .LVU105
 417              	.LBE15:
 418              	.LBE16:
 413:Core/Src/main.c **** 			}
 414:Core/Src/main.c **** 		}
 415:Core/Src/main.c **** 		return mandelbrot_sum;
 419              		.loc 1 415 3 is_stmt 1 view .LVU106
 416:Core/Src/main.c **** 	}
 420              		.loc 1 416 2 is_stmt 0 view .LVU107
 421 0156 0198     		ldr	r0, [sp, #4]
 422 0158 5946     		mov	r1, fp
 423 015a 07B0     		add	sp, sp, #28
 424              	.LCFI5:
 425              		.cfi_def_cfa_offset 36
 426              		@ sp needed
 427 015c BDE8F08F 		pop	{r4, r5, r6, r7, r8, r9, r10, fp, pc}
 428              		.loc 1 416 2 view .LVU108
 429              		.cfi_endproc
 430              	.LFE137:
 432              		.section	.text.calculate_mandelbrot_fixed_point_arithmetic_custom,"ax",%progbits
 433              		.align	1
 434              		.global	calculate_mandelbrot_fixed_point_arithmetic_custom
 435              		.syntax unified
 436              		.thumb
 437              		.thumb_func
 439              	calculate_mandelbrot_fixed_point_arithmetic_custom:
 440              	.LVL31:
 441              	.LFB138:
 417:Core/Src/main.c **** 
 418:Core/Src/main.c **** 	uint64_t calculate_mandelbrot_fixed_point_arithmetic_custom(int width, int height, int max_iterati
 442              		.loc 1 418 120 is_stmt 1 view -0
 443              		.cfi_startproc
 444              		@ args = 0, pretend = 0, frame = 56
 445              		@ frame_needed = 0, uses_anonymous_args = 0
 446              		.loc 1 418 120 is_stmt 0 view .LVU110
 447 0000 2DE9F04F 		push	{r4, r5, r6, r7, r8, r9, r10, fp, lr}
ARM GAS  /var/folders/d6/h50ndp_j7xj_7552gzkj6_s40000gn/T//cctl1r8X.s 			page 17


 448              	.LCFI6:
 449              		.cfi_def_cfa_offset 36
 450              		.cfi_offset 4, -36
 451              		.cfi_offset 5, -32
 452              		.cfi_offset 6, -28
 453              		.cfi_offset 7, -24
 454              		.cfi_offset 8, -20
 455              		.cfi_offset 9, -16
 456              		.cfi_offset 10, -12
 457              		.cfi_offset 11, -8
 458              		.cfi_offset 14, -4
 459 0004 8FB0     		sub	sp, sp, #60
 460              	.LCFI7:
 461              		.cfi_def_cfa_offset 96
 462 0006 0546     		mov	r5, r0
 463 0008 0D91     		str	r1, [sp, #52]
 464 000a 0592     		str	r2, [sp, #20]
 465 000c 9946     		mov	r9, r3
 419:Core/Src/main.c **** 		uint64_t mandelbrot_sum = 0;
 466              		.loc 1 419 3 is_stmt 1 view .LVU111
 467              	.LVL32:
 420:Core/Src/main.c **** 
 421:Core/Src/main.c **** 		for(int y = 0; y < height; y++){
 468              		.loc 1 421 3 view .LVU112
 469              	.LBB17:
 470              		.loc 1 421 7 view .LVU113
 471              		.loc 1 421 11 is_stmt 0 view .LVU114
 472 000e 0027     		movs	r7, #0
 473              	.LBE17:
 419:Core/Src/main.c **** 		uint64_t mandelbrot_sum = 0;
 474              		.loc 1 419 12 view .LVU115
 475 0010 0897     		str	r7, [sp, #32]
 476 0012 0997     		str	r7, [sp, #36]
 477              	.LBB25:
 478              		.loc 1 421 3 view .LVU116
 479 0014 98E0     		b	.L22
 480              	.LVL33:
 481              	.L30:
 482              	.LBB18:
 483              	.LBB19:
 484              	.LBB20:
 485              	.LBB21:
 422:Core/Src/main.c **** 			for(int x = 0; x < width; x++){
 423:Core/Src/main.c **** 				// convert pixel coordinates to fixed point complex plane coordinates
 424:Core/Src/main.c **** 				int32_t x0 = ((int64_t)x*scale*35/(width*10))-(scale*25)/10; // making sure all numbers are int
 425:Core/Src/main.c **** 				int32_t y0 = ((int64_t)y * scale * 2/ height)-scale;
 426:Core/Src/main.c **** 
 427:Core/Src/main.c **** 				int32_t xi = 0;
 428:Core/Src/main.c **** 				int32_t yi = 0;
 429:Core/Src/main.c **** 				int i = 0;
 430:Core/Src/main.c **** 
 431:Core/Src/main.c **** 				while (i < max_iterations){
 432:Core/Src/main.c **** 					int64_t xi_sq = ((int64_t)xi * xi) / scale;
 433:Core/Src/main.c **** 					int64_t yi_sq = ((int64_t)yi * yi) / scale;
 434:Core/Src/main.c **** 
 435:Core/Src/main.c **** 					if(xi_sq + yi_sq <= 4 * scale){
 436:Core/Src/main.c **** 						int32_t temp = (int32_t)(xi_sq - yi_sq);
ARM GAS  /var/folders/d6/h50ndp_j7xj_7552gzkj6_s40000gn/T//cctl1r8X.s 			page 18


 486              		.loc 1 436 7 is_stmt 1 view .LVU117
 487              		.loc 1 436 38 is_stmt 0 view .LVU118
 488 0016 0499     		ldr	r1, [sp, #16]
 489 0018 0E1A     		subs	r6, r1, r0
 490              	.LVL34:
 437:Core/Src/main.c **** 						int64_t xy = ((int64_t)xi * yi) / scale;
 491              		.loc 1 437 7 is_stmt 1 view .LVU119
 492              		.loc 1 437 33 is_stmt 0 view .LVU120
 493 001a 039A     		ldr	r2, [sp, #12]
 494 001c 08FB02F1 		mul	r1, r8, r2
 495 0020 07FB0B11 		mla	r1, r7, fp, r1
 496 0024 A8FB0704 		umull	r0, r4, r8, r7
 497              		.loc 1 437 15 view .LVU121
 498 0028 4A46     		mov	r2, r9
 499 002a 019B     		ldr	r3, [sp, #4]
 500 002c 2144     		add	r1, r1, r4
 501 002e FFF7FEFF 		bl	__aeabi_ldivmod
 502              	.LVL35:
 438:Core/Src/main.c **** 
 439:Core/Src/main.c **** 						yi  =(int32_t)(2*xy + y0);
 503              		.loc 1 439 7 is_stmt 1 view .LVU122
 504              		.loc 1 439 27 is_stmt 0 view .LVU123
 505 0032 069B     		ldr	r3, [sp, #24]
 506 0034 03EB4007 		add	r7, r3, r0, lsl #1
 507              	.LVL36:
 440:Core/Src/main.c **** 						xi = temp + x0;
 508              		.loc 1 440 7 is_stmt 1 view .LVU124
 509              		.loc 1 440 10 is_stmt 0 view .LVU125
 510 0038 079B     		ldr	r3, [sp, #28]
 511 003a 03EB0608 		add	r8, r3, r6
 512              	.LVL37:
 441:Core/Src/main.c **** 
 442:Core/Src/main.c **** 						i++;
 513              		.loc 1 442 7 is_stmt 1 view .LVU126
 514              		.loc 1 442 8 is_stmt 0 view .LVU127
 515 003e 0AF1010A 		add	r10, r10, #1
 516              	.LVL38:
 517              	.L23:
 518              		.loc 1 442 8 view .LVU128
 519              	.LBE21:
 520              	.LBE20:
 431:Core/Src/main.c **** 					int64_t xi_sq = ((int64_t)xi * xi) / scale;
 521              		.loc 1 431 14 is_stmt 1 view .LVU129
 522 0042 059B     		ldr	r3, [sp, #20]
 523 0044 9A45     		cmp	r10, r3
 524 0046 25DA     		bge	.L24
 525              	.LBB22:
 432:Core/Src/main.c **** 					int64_t yi_sq = ((int64_t)yi * yi) / scale;
 526              		.loc 1 432 6 view .LVU130
 432:Core/Src/main.c **** 					int64_t yi_sq = ((int64_t)yi * yi) / scale;
 527              		.loc 1 432 23 is_stmt 0 view .LVU131
 528 0048 4FEAE87B 		asr	fp, r8, #31
 432:Core/Src/main.c **** 					int64_t yi_sq = ((int64_t)yi * yi) / scale;
 529              		.loc 1 432 35 view .LVU132
 530 004c 08FB0BF4 		mul	r4, r8, fp
 531 0050 A8FB0801 		umull	r0, r1, r8, r8
 432:Core/Src/main.c **** 					int64_t yi_sq = ((int64_t)yi * yi) / scale;
ARM GAS  /var/folders/d6/h50ndp_j7xj_7552gzkj6_s40000gn/T//cctl1r8X.s 			page 19


 532              		.loc 1 432 14 view .LVU133
 533 0054 4A46     		mov	r2, r9
 534 0056 019B     		ldr	r3, [sp, #4]
 535 0058 01EB4401 		add	r1, r1, r4, lsl #1
 536 005c FFF7FEFF 		bl	__aeabi_ldivmod
 537              	.LVL39:
 538 0060 0291     		str	r1, [sp, #8]
 539 0062 0490     		str	r0, [sp, #16]
 540 0064 0646     		mov	r6, r0
 541              	.LVL40:
 433:Core/Src/main.c **** 
 542              		.loc 1 433 6 is_stmt 1 view .LVU134
 433:Core/Src/main.c **** 
 543              		.loc 1 433 23 is_stmt 0 view .LVU135
 544 0066 FA17     		asrs	r2, r7, #31
 433:Core/Src/main.c **** 
 545              		.loc 1 433 35 view .LVU136
 546 0068 0392     		str	r2, [sp, #12]
 547 006a 07FB02FC 		mul	ip, r7, r2
 548 006e A7FB0701 		umull	r0, r1, r7, r7
 549              	.LVL41:
 433:Core/Src/main.c **** 
 550              		.loc 1 433 14 view .LVU137
 551 0072 4A46     		mov	r2, r9
 552 0074 019B     		ldr	r3, [sp, #4]
 553 0076 01EB4C01 		add	r1, r1, ip, lsl #1
 554 007a FFF7FEFF 		bl	__aeabi_ldivmod
 555              	.LVL42:
 435:Core/Src/main.c **** 						int32_t temp = (int32_t)(xi_sq - yi_sq);
 556              		.loc 1 435 6 is_stmt 1 view .LVU138
 435:Core/Src/main.c **** 						int32_t temp = (int32_t)(xi_sq - yi_sq);
 557              		.loc 1 435 15 is_stmt 0 view .LVU139
 558 007e 3618     		adds	r6, r6, r0
 559              	.LVL43:
 435:Core/Src/main.c **** 						int32_t temp = (int32_t)(xi_sq - yi_sq);
 560              		.loc 1 435 15 view .LVU140
 561 0080 029B     		ldr	r3, [sp, #8]
 562 0082 43EB0101 		adc	r1, r3, r1
 563              	.LVL44:
 435:Core/Src/main.c **** 						int32_t temp = (int32_t)(xi_sq - yi_sq);
 564              		.loc 1 435 28 view .LVU141
 565 0086 4FEA8902 		lsl	r2, r9, #2
 566 008a 49F34073 		sbfx	r3, r9, #29, #1
 435:Core/Src/main.c **** 						int32_t temp = (int32_t)(xi_sq - yi_sq);
 567              		.loc 1 435 8 view .LVU142
 568 008e B242     		cmp	r2, r6
 569 0090 8B41     		sbcs	r3, r3, r1
 570 0092 C0DA     		bge	.L30
 571              	.LVL45:
 572              	.L24:
 435:Core/Src/main.c **** 						int32_t temp = (int32_t)(xi_sq - yi_sq);
 573              		.loc 1 435 8 view .LVU143
 574              	.LBE22:
 443:Core/Src/main.c **** 					}
 444:Core/Src/main.c **** 
 445:Core/Src/main.c **** 					else{
 446:Core/Src/main.c **** 						break;
ARM GAS  /var/folders/d6/h50ndp_j7xj_7552gzkj6_s40000gn/T//cctl1r8X.s 			page 20


 447:Core/Src/main.c **** 					}
 448:Core/Src/main.c **** 				}
 449:Core/Src/main.c **** 				mandelbrot_sum += i;
 575              		.loc 1 449 20 view .LVU144
 576 0094 0A9E     		ldr	r6, [sp, #40]
 577 0096 DDF82CB0 		ldr	fp, [sp, #44]
 578 009a 0C9D     		ldr	r5, [sp, #48]
 579              		.loc 1 449 5 is_stmt 1 view .LVU145
 580              		.loc 1 449 20 is_stmt 0 view .LVU146
 581 009c 089B     		ldr	r3, [sp, #32]
 582 009e 1AEB0302 		adds	r2, r10, r3
 583 00a2 0892     		str	r2, [sp, #32]
 584              	.LVL46:
 585              		.loc 1 449 20 view .LVU147
 586 00a4 099B     		ldr	r3, [sp, #36]
 587 00a6 43EBEA73 		adc	r3, r3, r10, asr #31
 588 00aa 0993     		str	r3, [sp, #36]
 589              	.LVL47:
 590              		.loc 1 449 20 view .LVU148
 591              	.LBE19:
 422:Core/Src/main.c **** 				// convert pixel coordinates to fixed point complex plane coordinates
 592              		.loc 1 422 31 is_stmt 1 discriminator 2 view .LVU149
 593 00ac 0BF1010B 		add	fp, fp, #1
 594              	.LVL48:
 595              	.L27:
 422:Core/Src/main.c **** 				// convert pixel coordinates to fixed point complex plane coordinates
 596              		.loc 1 422 21 discriminator 1 view .LVU150
 597 00b0 AB45     		cmp	fp, r5
 598 00b2 47DA     		bge	.L31
 599              	.LBB23:
 424:Core/Src/main.c **** 				int32_t y0 = ((int64_t)y * scale * 2/ height)-scale;
 600              		.loc 1 424 5 view .LVU151
 424:Core/Src/main.c **** 				int32_t y0 = ((int64_t)y * scale * 2/ height)-scale;
 601              		.loc 1 424 19 is_stmt 0 view .LVU152
 602 00b4 4FEAEB73 		asr	r3, fp, #31
 424:Core/Src/main.c **** 				int32_t y0 = ((int64_t)y * scale * 2/ height)-scale;
 603              		.loc 1 424 29 view .LVU153
 604 00b8 4FEAE977 		asr	r7, r9, #31
 605 00bc 0197     		str	r7, [sp, #4]
 606 00be 0BFB07F1 		mul	r1, fp, r7
 607 00c2 09FB0311 		mla	r1, r9, r3, r1
 608 00c6 ABFB0923 		umull	r2, r3, fp, r9
 609 00ca 1944     		add	r1, r1, r3
 424:Core/Src/main.c **** 				int32_t y0 = ((int64_t)y * scale * 2/ height)-scale;
 610              		.loc 1 424 35 view .LVU154
 611 00cc 0C01     		lsls	r4, r1, #4
 612 00ce 44EA1274 		orr	r4, r4, r2, lsr #28
 613 00d2 1301     		lsls	r3, r2, #4
 614 00d4 9B18     		adds	r3, r3, r2
 615 00d6 41EB0404 		adc	r4, r1, r4
 616 00da DB18     		adds	r3, r3, r3
 617 00dc 6441     		adcs	r4, r4, r4
 618 00de 9818     		adds	r0, r3, r2
 424:Core/Src/main.c **** 				int32_t y0 = ((int64_t)y * scale * 2/ height)-scale;
 619              		.loc 1 424 45 view .LVU155
 620 00e0 05EB8503 		add	r3, r5, r5, lsl #2
 424:Core/Src/main.c **** 				int32_t y0 = ((int64_t)y * scale * 2/ height)-scale;
ARM GAS  /var/folders/d6/h50ndp_j7xj_7552gzkj6_s40000gn/T//cctl1r8X.s 			page 21


 621              		.loc 1 424 38 view .LVU156
 622 00e4 4FEA4302 		lsl	r2, r3, #1
 623 00e8 43F38073 		sbfx	r3, r3, #30, #1
 624 00ec 41EB0401 		adc	r1, r1, r4
 625 00f0 FFF7FEFF 		bl	__aeabi_ldivmod
 626              	.LVL49:
 424:Core/Src/main.c **** 				int32_t y0 = ((int64_t)y * scale * 2/ height)-scale;
 627              		.loc 1 424 57 view .LVU157
 628 00f4 09EB8903 		add	r3, r9, r9, lsl #2
 629 00f8 03EB8303 		add	r3, r3, r3, lsl #2
 424:Core/Src/main.c **** 				int32_t y0 = ((int64_t)y * scale * 2/ height)-scale;
 630              		.loc 1 424 61 view .LVU158
 631 00fc 194A     		ldr	r2, .L33
 632 00fe 82FB0312 		smull	r1, r2, r2, r3
 633 0102 DB17     		asrs	r3, r3, #31
 634 0104 C3EBA203 		rsb	r3, r3, r2, asr #2
 424:Core/Src/main.c **** 				int32_t y0 = ((int64_t)y * scale * 2/ height)-scale;
 635              		.loc 1 424 50 view .LVU159
 636 0108 C31A     		subs	r3, r0, r3
 637 010a 0793     		str	r3, [sp, #28]
 638              	.LVL50:
 425:Core/Src/main.c **** 
 639              		.loc 1 425 5 is_stmt 1 view .LVU160
 425:Core/Src/main.c **** 
 640              		.loc 1 425 19 is_stmt 0 view .LVU161
 641 010c F117     		asrs	r1, r6, #31
 425:Core/Src/main.c **** 
 642              		.loc 1 425 30 view .LVU162
 643 010e 09FB01F1 		mul	r1, r9, r1
 644 0112 06FB0711 		mla	r1, r6, r7, r1
 645 0116 A9FB0603 		umull	r0, r3, r9, r6
 646              	.LVL51:
 425:Core/Src/main.c **** 
 647              		.loc 1 425 30 view .LVU163
 648 011a 1944     		add	r1, r1, r3
 425:Core/Src/main.c **** 
 649              		.loc 1 425 38 view .LVU164
 650 011c 0018     		adds	r0, r0, r0
 425:Core/Src/main.c **** 
 651              		.loc 1 425 41 view .LVU165
 652 011e 0D9B     		ldr	r3, [sp, #52]
 653 0120 1A46     		mov	r2, r3
 654 0122 4FEAE373 		asr	r3, r3, #31
 655 0126 4941     		adcs	r1, r1, r1
 656 0128 FFF7FEFF 		bl	__aeabi_ldivmod
 657              	.LVL52:
 425:Core/Src/main.c **** 
 658              		.loc 1 425 50 view .LVU166
 659 012c A0EB0903 		sub	r3, r0, r9
 660 0130 0693     		str	r3, [sp, #24]
 661              	.LVL53:
 427:Core/Src/main.c **** 				int32_t yi = 0;
 662              		.loc 1 427 5 is_stmt 1 view .LVU167
 428:Core/Src/main.c **** 				int i = 0;
 663              		.loc 1 428 5 view .LVU168
 429:Core/Src/main.c **** 
 664              		.loc 1 429 5 view .LVU169
ARM GAS  /var/folders/d6/h50ndp_j7xj_7552gzkj6_s40000gn/T//cctl1r8X.s 			page 22


 431:Core/Src/main.c **** 					int64_t xi_sq = ((int64_t)xi * xi) / scale;
 665              		.loc 1 431 5 view .LVU170
 429:Core/Src/main.c **** 
 666              		.loc 1 429 9 is_stmt 0 view .LVU171
 667 0132 4FF0000A 		mov	r10, #0
 428:Core/Src/main.c **** 				int i = 0;
 668              		.loc 1 428 13 view .LVU172
 669 0136 5746     		mov	r7, r10
 427:Core/Src/main.c **** 				int32_t yi = 0;
 670              		.loc 1 427 13 view .LVU173
 671 0138 D046     		mov	r8, r10
 672 013a 0A96     		str	r6, [sp, #40]
 673 013c CDF82CB0 		str	fp, [sp, #44]
 674 0140 0C95     		str	r5, [sp, #48]
 431:Core/Src/main.c **** 					int64_t xi_sq = ((int64_t)xi * xi) / scale;
 675              		.loc 1 431 11 view .LVU174
 676 0142 7EE7     		b	.L23
 677              	.LVL54:
 678              	.L31:
 431:Core/Src/main.c **** 					int64_t xi_sq = ((int64_t)xi * xi) / scale;
 679              		.loc 1 431 11 view .LVU175
 680              	.LBE23:
 681              	.LBE18:
 421:Core/Src/main.c **** 			for(int x = 0; x < width; x++){
 682              		.loc 1 421 31 discriminator 2 view .LVU176
 683 0144 3746     		mov	r7, r6
 421:Core/Src/main.c **** 			for(int x = 0; x < width; x++){
 684              		.loc 1 421 31 is_stmt 1 discriminator 2 view .LVU177
 685 0146 0137     		adds	r7, r7, #1
 686              	.LVL55:
 687              	.L22:
 421:Core/Src/main.c **** 			for(int x = 0; x < width; x++){
 688              		.loc 1 421 20 discriminator 1 view .LVU178
 689 0148 0D9B     		ldr	r3, [sp, #52]
 690 014a 9F42     		cmp	r7, r3
 691 014c 03DA     		bge	.L32
 692              	.LBB24:
 422:Core/Src/main.c **** 				// convert pixel coordinates to fixed point complex plane coordinates
 693              		.loc 1 422 12 is_stmt 0 view .LVU179
 694 014e 4FF0000B 		mov	fp, #0
 695 0152 3E46     		mov	r6, r7
 696 0154 ACE7     		b	.L27
 697              	.L32:
 422:Core/Src/main.c **** 				// convert pixel coordinates to fixed point complex plane coordinates
 698              		.loc 1 422 12 view .LVU180
 699              	.LBE24:
 700              	.LBE25:
 450:Core/Src/main.c **** 			}
 451:Core/Src/main.c **** 		}
 452:Core/Src/main.c **** 		return mandelbrot_sum;
 453:Core/Src/main.c **** 	}
 701              		.loc 1 453 2 view .LVU181
 702 0156 099E     		ldr	r6, [sp, #36]
 452:Core/Src/main.c **** 	}
 703              		.loc 1 452 3 is_stmt 1 view .LVU182
 704              		.loc 1 453 2 is_stmt 0 view .LVU183
 705 0158 0898     		ldr	r0, [sp, #32]
ARM GAS  /var/folders/d6/h50ndp_j7xj_7552gzkj6_s40000gn/T//cctl1r8X.s 			page 23


 706 015a 3146     		mov	r1, r6
 707 015c 0FB0     		add	sp, sp, #60
 708              	.LCFI8:
 709              		.cfi_def_cfa_offset 36
 710              		@ sp needed
 711 015e BDE8F08F 		pop	{r4, r5, r6, r7, r8, r9, r10, fp, pc}
 712              	.LVL56:
 713              	.L34:
 714              		.loc 1 453 2 view .LVU184
 715 0162 00BF     		.align	2
 716              	.L33:
 717 0164 67666666 		.word	1717986919
 718              		.cfi_endproc
 719              	.LFE138:
 721              		.section	.text.calculate_mandelbrot_tile_fixed_point,"ax",%progbits
 722              		.align	1
 723              		.global	calculate_mandelbrot_tile_fixed_point
 724              		.syntax unified
 725              		.thumb
 726              		.thumb_func
 728              	calculate_mandelbrot_tile_fixed_point:
 729              	.LVL57:
 730              	.LFB139:
 454:Core/Src/main.c **** 
 455:Core/Src/main.c **** 	// fixed-pt Mandelbrot calculation for a single tile
 456:Core/Src/main.c **** 	uint64_t calculate_mandelbrot_tile_fixed_point(uint16_t tile_x, uint16_t tile_y,
 457:Core/Src/main.c **** 												  uint16_t tile_width, uint16_t tile_height,
 458:Core/Src/main.c **** 												  uint16_t total_width, uint16_t total_height,
 459:Core/Src/main.c **** 												  int max_iterations) {
 731              		.loc 1 459 35 is_stmt 1 view -0
 732              		.cfi_startproc
 733              		@ args = 12, pretend = 0, frame = 40
 734              		@ frame_needed = 0, uses_anonymous_args = 0
 735              		.loc 1 459 35 is_stmt 0 view .LVU186
 736 0000 2DE9F04F 		push	{r4, r5, r6, r7, r8, r9, r10, fp, lr}
 737              	.LCFI9:
 738              		.cfi_def_cfa_offset 36
 739              		.cfi_offset 4, -36
 740              		.cfi_offset 5, -32
 741              		.cfi_offset 6, -28
 742              		.cfi_offset 7, -24
 743              		.cfi_offset 8, -20
 744              		.cfi_offset 9, -16
 745              		.cfi_offset 10, -12
 746              		.cfi_offset 11, -8
 747              		.cfi_offset 14, -4
 748 0004 8BB0     		sub	sp, sp, #44
 749              	.LCFI10:
 750              		.cfi_def_cfa_offset 80
 751 0006 0690     		str	r0, [sp, #24]
 752 0008 0791     		str	r1, [sp, #28]
 753 000a 0592     		str	r2, [sp, #20]
 754 000c 1C46     		mov	r4, r3
 755 000e BDF85080 		ldrh	r8, [sp, #80]
 756 0012 BDF85430 		ldrh	r3, [sp, #84]
 757              	.LVL58:
 758              		.loc 1 459 35 view .LVU187
ARM GAS  /var/folders/d6/h50ndp_j7xj_7552gzkj6_s40000gn/T//cctl1r8X.s 			page 24


 759 0016 0893     		str	r3, [sp, #32]
 760 0018 169D     		ldr	r5, [sp, #88]
 460:Core/Src/main.c **** 		uint64_t mandelbrot_sum = 0;
 761              		.loc 1 460 3 is_stmt 1 view .LVU188
 762              	.LVL59:
 461:Core/Src/main.c **** 
 462:Core/Src/main.c **** 		for(int py = 0; py < tile_height; py++){
 763              		.loc 1 462 3 view .LVU189
 764              	.LBB26:
 765              		.loc 1 462 7 view .LVU190
 766              		.loc 1 462 11 is_stmt 0 view .LVU191
 767 001a 4FF0000C 		mov	ip, #0
 768              	.LBE26:
 460:Core/Src/main.c **** 		uint64_t mandelbrot_sum = 0;
 769              		.loc 1 460 12 view .LVU192
 770 001e CDF804C0 		str	ip, [sp, #4]
 771 0022 E346     		mov	fp, ip
 772 0024 E246     		mov	r10, ip
 773 0026 0994     		str	r4, [sp, #36]
 774 0028 C146     		mov	r9, r8
 775              	.LBB35:
 776              		.loc 1 462 3 view .LVU193
 777 002a 9AE0     		b	.L36
 778              	.LVL60:
 779              	.L47:
 780              	.LBB27:
 781              	.LBB28:
 782              	.LBB29:
 463:Core/Src/main.c **** 			for(int px = 0; px < tile_width; px++){
 464:Core/Src/main.c **** 				// Calculate actual coordinates in the full image
 465:Core/Src/main.c **** 				int actual_x = tile_x + px;
 466:Core/Src/main.c **** 				int actual_y = tile_y + py;
 467:Core/Src/main.c **** 
 468:Core/Src/main.c **** 				// Convert pixel coordinates to fixed point complex plane coordinates
 469:Core/Src/main.c **** 				// Using the full image dimensions for coordinate mapping
 470:Core/Src/main.c **** 				int32_t x0 = ((int64_t)actual_x*SCALE*35/(total_width*10))-(SCALE*25)/10;
 471:Core/Src/main.c **** 				int32_t y0 = ((int64_t)actual_y * SCALE * 2/ total_height)-SCALE;
 472:Core/Src/main.c **** 
 473:Core/Src/main.c **** 				int32_t xi = 0;
 474:Core/Src/main.c **** 				int32_t yi = 0;
 475:Core/Src/main.c **** 				int i = 0;
 476:Core/Src/main.c **** 
 477:Core/Src/main.c **** 				while (i < max_iterations){
 478:Core/Src/main.c **** 					int64_t xi_sq = ((int64_t)xi * xi) / SCALE;
 783              		.loc 1 478 14 view .LVU194
 784 002c 40F6FF73 		movw	r3, #4095
 785 0030 F318     		adds	r3, r6, r3
 786 0032 1E46     		mov	r6, r3
 787 0034 47F10003 		adc	r3, r7, #0
 788 0038 1CE0     		b	.L38
 789              	.LVL61:
 790              	.L48:
 479:Core/Src/main.c **** 					int64_t yi_sq = ((int64_t)yi * yi) / SCALE;
 791              		.loc 1 479 14 view .LVU195
 792 003a 40F6FF72 		movw	r2, #4095
 793 003e 9A18     		adds	r2, r3, r2
 794 0040 1346     		mov	r3, r2
ARM GAS  /var/folders/d6/h50ndp_j7xj_7552gzkj6_s40000gn/T//cctl1r8X.s 			page 25


 795 0042 4AF10002 		adc	r2, r10, #0
 796 0046 26E0     		b	.L39
 797              	.LVL62:
 798              	.L41:
 799              	.LBB30:
 480:Core/Src/main.c **** 
 481:Core/Src/main.c **** 					if(xi_sq + yi_sq <= 4 * SCALE){
 482:Core/Src/main.c **** 						int32_t temp = (int32_t)(xi_sq - yi_sq);
 483:Core/Src/main.c **** 						int64_t xy = ((int64_t)xi * yi) / SCALE;
 800              		.loc 1 483 15 view .LVU196
 801 0048 090B     		lsrs	r1, r1, #12
 802 004a 41EA0251 		orr	r1, r1, r2, lsl #20
 803              	.LVL63:
 484:Core/Src/main.c **** 
 485:Core/Src/main.c **** 						yi = (int32_t)(2*xy + y0);
 804              		.loc 1 485 7 is_stmt 1 view .LVU197
 805              		.loc 1 485 27 is_stmt 0 view .LVU198
 806 004e 00EB4102 		add	r2, r0, r1, lsl #1
 807              	.LVL64:
 486:Core/Src/main.c **** 						xi = temp + x0;
 808              		.loc 1 486 7 is_stmt 1 view .LVU199
 809              		.loc 1 486 10 is_stmt 0 view .LVU200
 810 0052 2344     		add	r3, r3, r4
 811              	.LVL65:
 487:Core/Src/main.c **** 
 488:Core/Src/main.c **** 						i++;
 812              		.loc 1 488 7 is_stmt 1 view .LVU201
 813              		.loc 1 488 8 is_stmt 0 view .LVU202
 814 0054 08F10108 		add	r8, r8, #1
 815              	.LVL66:
 816              	.L37:
 817              		.loc 1 488 8 view .LVU203
 818              	.LBE30:
 819              	.LBE29:
 477:Core/Src/main.c **** 					int64_t xi_sq = ((int64_t)xi * xi) / SCALE;
 820              		.loc 1 477 14 is_stmt 1 view .LVU204
 821 0058 A845     		cmp	r8, r5
 822 005a 3BDA     		bge	.L40
 823              	.LBB32:
 478:Core/Src/main.c **** 					int64_t yi_sq = ((int64_t)yi * yi) / SCALE;
 824              		.loc 1 478 6 view .LVU205
 478:Core/Src/main.c **** 					int64_t yi_sq = ((int64_t)yi * yi) / SCALE;
 825              		.loc 1 478 23 is_stmt 0 view .LVU206
 826 005c 4FEAE379 		asr	r9, r3, #31
 827 0060 1946     		mov	r1, r3
 478:Core/Src/main.c **** 					int64_t yi_sq = ((int64_t)yi * yi) / SCALE;
 828              		.loc 1 478 35 view .LVU207
 829 0062 03FB09F3 		mul	r3, r3, r9
 830              	.LVL67:
 478:Core/Src/main.c **** 					int64_t yi_sq = ((int64_t)yi * yi) / SCALE;
 831              		.loc 1 478 35 view .LVU208
 832 0066 A1FB0167 		umull	r6, r7, r1, r1
 833 006a 07EB4307 		add	r7, r7, r3, lsl #1
 478:Core/Src/main.c **** 					int64_t yi_sq = ((int64_t)yi * yi) / SCALE;
 834              		.loc 1 478 14 view .LVU209
 835 006e 3B46     		mov	r3, r7
 836 0070 002F     		cmp	r7, #0
ARM GAS  /var/folders/d6/h50ndp_j7xj_7552gzkj6_s40000gn/T//cctl1r8X.s 			page 26


 837 0072 DBDB     		blt	.L47
 838              	.L38:
 839 0074 360B     		lsrs	r6, r6, #12
 840 0076 1F13     		asrs	r7, r3, #12
 841 0078 46EA0356 		orr	r6, r6, r3, lsl #20
 842              	.LVL68:
 479:Core/Src/main.c **** 
 843              		.loc 1 479 6 is_stmt 1 view .LVU210
 479:Core/Src/main.c **** 
 844              		.loc 1 479 23 is_stmt 0 view .LVU211
 845 007c 4FEAE27C 		asr	ip, r2, #31
 846 0080 9646     		mov	lr, r2
 479:Core/Src/main.c **** 
 847              		.loc 1 479 35 view .LVU212
 848 0082 02FB0CF2 		mul	r2, r2, ip
 849              	.LVL69:
 479:Core/Src/main.c **** 
 850              		.loc 1 479 35 view .LVU213
 851 0086 AEFB0E3A 		umull	r3, r10, lr, lr
 852 008a 0AEB420A 		add	r10, r10, r2, lsl #1
 479:Core/Src/main.c **** 
 853              		.loc 1 479 14 view .LVU214
 854 008e 5246     		mov	r2, r10
 855 0090 BAF1000F 		cmp	r10, #0
 856 0094 D1DB     		blt	.L48
 857              	.L39:
 479:Core/Src/main.c **** 
 858              		.loc 1 479 14 view .LVU215
 859 0096 1B0B     		lsrs	r3, r3, #12
 860 0098 43EA0253 		orr	r3, r3, r2, lsl #20
 861              	.LVL70:
 481:Core/Src/main.c **** 						int32_t temp = (int32_t)(xi_sq - yi_sq);
 862              		.loc 1 481 6 is_stmt 1 view .LVU216
 481:Core/Src/main.c **** 						int32_t temp = (int32_t)(xi_sq - yi_sq);
 863              		.loc 1 481 15 is_stmt 0 view .LVU217
 864 009c 16EB030A 		adds	r10, r6, r3
 865 00a0 47EB2237 		adc	r7, r7, r2, asr #12
 866              	.LVL71:
 481:Core/Src/main.c **** 						int32_t temp = (int32_t)(xi_sq - yi_sq);
 867              		.loc 1 481 8 view .LVU218
 868 00a4 44F20102 		movw	r2, #16385
 869              	.LVL72:
 481:Core/Src/main.c **** 						int32_t temp = (int32_t)(xi_sq - yi_sq);
 870              		.loc 1 481 8 view .LVU219
 871 00a8 9245     		cmp	r10, r2
 872 00aa 77F10007 		sbcs	r7, r7, #0
 873 00ae 11DA     		bge	.L40
 874              	.LBB31:
 482:Core/Src/main.c **** 						int64_t xy = ((int64_t)xi * yi) / SCALE;
 875              		.loc 1 482 7 is_stmt 1 view .LVU220
 482:Core/Src/main.c **** 						int64_t xy = ((int64_t)xi * yi) / SCALE;
 876              		.loc 1 482 38 is_stmt 0 view .LVU221
 877 00b0 F31A     		subs	r3, r6, r3
 878              	.LVL73:
 483:Core/Src/main.c **** 
 879              		.loc 1 483 7 is_stmt 1 view .LVU222
 483:Core/Src/main.c **** 
ARM GAS  /var/folders/d6/h50ndp_j7xj_7552gzkj6_s40000gn/T//cctl1r8X.s 			page 27


 880              		.loc 1 483 33 is_stmt 0 view .LVU223
 881 00b2 01FB0CFC 		mul	ip, r1, ip
 882 00b6 0EFB09CC 		mla	ip, lr, r9, ip
 883 00ba A1FB0E1E 		umull	r1, lr, r1, lr
 884              	.LVL74:
 483:Core/Src/main.c **** 
 885              		.loc 1 483 33 view .LVU224
 886 00be F444     		add	ip, ip, lr
 483:Core/Src/main.c **** 
 887              		.loc 1 483 15 view .LVU225
 888 00c0 6246     		mov	r2, ip
 889 00c2 BCF1000F 		cmp	ip, #0
 890 00c6 BFDA     		bge	.L41
 891 00c8 40F6FF72 		movw	r2, #4095
 892 00cc 8918     		adds	r1, r1, r2
 893 00ce 4CF10002 		adc	r2, ip, #0
 894 00d2 B9E7     		b	.L41
 895              	.LVL75:
 896              	.L40:
 483:Core/Src/main.c **** 
 897              		.loc 1 483 15 view .LVU226
 898              	.LBE31:
 899              	.LBE32:
 489:Core/Src/main.c **** 					} else {
 490:Core/Src/main.c **** 						break;
 491:Core/Src/main.c **** 					}
 492:Core/Src/main.c **** 				}
 493:Core/Src/main.c **** 				mandelbrot_sum += i;
 900              		.loc 1 493 20 view .LVU227
 901 00d4 029E     		ldr	r6, [sp, #8]
 902 00d6 DDF80C90 		ldr	r9, [sp, #12]
 903              		.loc 1 493 5 is_stmt 1 view .LVU228
 904              		.loc 1 493 20 is_stmt 0 view .LVU229
 905 00da 019B     		ldr	r3, [sp, #4]
 906 00dc 18EB0303 		adds	r3, r8, r3
 907 00e0 0193     		str	r3, [sp, #4]
 908              	.LVL76:
 909              		.loc 1 493 20 view .LVU230
 910 00e2 4BEBE87B 		adc	fp, fp, r8, asr #31
 911              	.LVL77:
 912              		.loc 1 493 20 view .LVU231
 913              	.LBE28:
 463:Core/Src/main.c **** 				// Calculate actual coordinates in the full image
 914              		.loc 1 463 39 is_stmt 1 discriminator 2 view .LVU232
 915 00e6 0136     		adds	r6, r6, #1
 916              	.LVL78:
 917              	.L44:
 463:Core/Src/main.c **** 				// Calculate actual coordinates in the full image
 918              		.loc 1 463 23 discriminator 1 view .LVU233
 919 00e8 059B     		ldr	r3, [sp, #20]
 920 00ea B342     		cmp	r3, r6
 921 00ec 35DD     		ble	.L49
 922              	.LBB33:
 465:Core/Src/main.c **** 				int actual_y = tile_y + py;
 923              		.loc 1 465 5 view .LVU234
 465:Core/Src/main.c **** 				int actual_y = tile_y + py;
 924              		.loc 1 465 9 is_stmt 0 view .LVU235
ARM GAS  /var/folders/d6/h50ndp_j7xj_7552gzkj6_s40000gn/T//cctl1r8X.s 			page 28


 925 00ee 069B     		ldr	r3, [sp, #24]
 926 00f0 9A19     		adds	r2, r3, r6
 466:Core/Src/main.c **** 
 927              		.loc 1 466 5 is_stmt 1 view .LVU236
 466:Core/Src/main.c **** 
 928              		.loc 1 466 9 is_stmt 0 view .LVU237
 929 00f2 079B     		ldr	r3, [sp, #28]
 930 00f4 0499     		ldr	r1, [sp, #16]
 931 00f6 5F18     		adds	r7, r3, r1
 470:Core/Src/main.c **** 				int32_t y0 = ((int64_t)actual_y * SCALE * 2/ total_height)-SCALE;
 932              		.loc 1 470 5 is_stmt 1 view .LVU238
 470:Core/Src/main.c **** 				int32_t y0 = ((int64_t)actual_y * SCALE * 2/ total_height)-SCALE;
 933              		.loc 1 470 19 is_stmt 0 view .LVU239
 934 00f8 D117     		asrs	r1, r2, #31
 470:Core/Src/main.c **** 				int32_t y0 = ((int64_t)actual_y * SCALE * 2/ total_height)-SCALE;
 935              		.loc 1 470 42 view .LVU240
 936 00fa CB00     		lsls	r3, r1, #3
 937 00fc 43EA5273 		orr	r3, r3, r2, lsr #29
 938 0100 D400     		lsls	r4, r2, #3
 939 0102 A418     		adds	r4, r4, r2
 940 0104 41EB0303 		adc	r3, r1, r3
 941 0108 9B00     		lsls	r3, r3, #2
 942 010a 43EA9473 		orr	r3, r3, r4, lsr #30
 943 010e A400     		lsls	r4, r4, #2
 944 0110 A41A     		subs	r4, r4, r2
 945 0112 63EB0101 		sbc	r1, r3, r1
 946 0116 0903     		lsls	r1, r1, #12
 470:Core/Src/main.c **** 				int32_t y0 = ((int64_t)actual_y * SCALE * 2/ total_height)-SCALE;
 947              		.loc 1 470 58 view .LVU241
 948 0118 09EB8902 		add	r2, r9, r9, lsl #2
 470:Core/Src/main.c **** 				int32_t y0 = ((int64_t)actual_y * SCALE * 2/ total_height)-SCALE;
 949              		.loc 1 470 45 view .LVU242
 950 011c 5200     		lsls	r2, r2, #1
 951 011e 0023     		movs	r3, #0
 952 0120 2003     		lsls	r0, r4, #12
 953 0122 41EA1451 		orr	r1, r1, r4, lsr #20
 954 0126 FFF7FEFF 		bl	__aeabi_ldivmod
 955              	.LVL79:
 470:Core/Src/main.c **** 				int32_t y0 = ((int64_t)actual_y * SCALE * 2/ total_height)-SCALE;
 956              		.loc 1 470 63 view .LVU243
 957 012a A0F52054 		sub	r4, r0, #10240
 958              	.LVL80:
 471:Core/Src/main.c **** 
 959              		.loc 1 471 5 is_stmt 1 view .LVU244
 471:Core/Src/main.c **** 
 960              		.loc 1 471 19 is_stmt 0 view .LVU245
 961 012e 3946     		mov	r1, r7
 962 0130 4FEAE77C 		asr	ip, r7, #31
 471:Core/Src/main.c **** 
 963              		.loc 1 471 45 view .LVU246
 964 0134 4FEA4C3C 		lsl	ip, ip, #13
 471:Core/Src/main.c **** 
 965              		.loc 1 471 48 view .LVU247
 966 0138 0027     		movs	r7, #0
 967 013a 089A     		ldr	r2, [sp, #32]
 968 013c 3B46     		mov	r3, r7
 969 013e 4803     		lsls	r0, r1, #13
ARM GAS  /var/folders/d6/h50ndp_j7xj_7552gzkj6_s40000gn/T//cctl1r8X.s 			page 29


 970 0140 4CEAD141 		orr	r1, ip, r1, lsr #19
 971 0144 FFF7FEFF 		bl	__aeabi_ldivmod
 972              	.LVL81:
 471:Core/Src/main.c **** 
 973              		.loc 1 471 63 view .LVU248
 974 0148 A0F58050 		sub	r0, r0, #4096
 975              	.LVL82:
 473:Core/Src/main.c **** 				int32_t yi = 0;
 976              		.loc 1 473 5 is_stmt 1 view .LVU249
 474:Core/Src/main.c **** 				int i = 0;
 977              		.loc 1 474 5 view .LVU250
 475:Core/Src/main.c **** 
 978              		.loc 1 475 5 view .LVU251
 477:Core/Src/main.c **** 					int64_t xi_sq = ((int64_t)xi * xi) / SCALE;
 979              		.loc 1 477 5 view .LVU252
 475:Core/Src/main.c **** 
 980              		.loc 1 475 9 is_stmt 0 view .LVU253
 981 014c B846     		mov	r8, r7
 474:Core/Src/main.c **** 				int i = 0;
 982              		.loc 1 474 13 view .LVU254
 983 014e 3A46     		mov	r2, r7
 984 0150 0296     		str	r6, [sp, #8]
 985 0152 3B46     		mov	r3, r7
 986 0154 CDF80C90 		str	r9, [sp, #12]
 477:Core/Src/main.c **** 					int64_t xi_sq = ((int64_t)xi * xi) / SCALE;
 987              		.loc 1 477 11 view .LVU255
 988 0158 7EE7     		b	.L37
 989              	.LVL83:
 990              	.L49:
 477:Core/Src/main.c **** 					int64_t xi_sq = ((int64_t)xi * xi) / SCALE;
 991              		.loc 1 477 11 view .LVU256
 992              	.LBE33:
 993              	.LBE27:
 462:Core/Src/main.c **** 			for(int px = 0; px < tile_width; px++){
 994              		.loc 1 462 39 discriminator 2 view .LVU257
 995 015a DDF810A0 		ldr	r10, [sp, #16]
 462:Core/Src/main.c **** 			for(int px = 0; px < tile_width; px++){
 996              		.loc 1 462 39 is_stmt 1 discriminator 2 view .LVU258
 997 015e 0AF1010A 		add	r10, r10, #1
 998              	.LVL84:
 999              	.L36:
 462:Core/Src/main.c **** 			for(int px = 0; px < tile_width; px++){
 1000              		.loc 1 462 22 discriminator 1 view .LVU259
 1001 0162 099B     		ldr	r3, [sp, #36]
 1002 0164 5345     		cmp	r3, r10
 1003 0166 03DD     		ble	.L50
 1004              	.LBB34:
 463:Core/Src/main.c **** 				// Calculate actual coordinates in the full image
 1005              		.loc 1 463 12 is_stmt 0 view .LVU260
 1006 0168 0026     		movs	r6, #0
 1007 016a CDF810A0 		str	r10, [sp, #16]
 1008 016e BBE7     		b	.L44
 1009              	.L50:
 463:Core/Src/main.c **** 				// Calculate actual coordinates in the full image
 1010              		.loc 1 463 12 view .LVU261
 1011              	.LBE34:
 1012              	.LBE35:
ARM GAS  /var/folders/d6/h50ndp_j7xj_7552gzkj6_s40000gn/T//cctl1r8X.s 			page 30


 494:Core/Src/main.c **** 			}
 495:Core/Src/main.c **** 		}
 496:Core/Src/main.c **** 		return mandelbrot_sum;
 1013              		.loc 1 496 3 is_stmt 1 view .LVU262
 497:Core/Src/main.c **** 	}
 1014              		.loc 1 497 2 is_stmt 0 view .LVU263
 1015 0170 0198     		ldr	r0, [sp, #4]
 1016 0172 5946     		mov	r1, fp
 1017 0174 0BB0     		add	sp, sp, #44
 1018              	.LCFI11:
 1019              		.cfi_def_cfa_offset 36
 1020              		@ sp needed
 1021 0176 BDE8F08F 		pop	{r4, r5, r6, r7, r8, r9, r10, fp, pc}
 1022              		.loc 1 497 2 view .LVU264
 1023              		.cfi_endproc
 1024              	.LFE139:
 1026              		.global	__aeabi_i2d
 1027              		.global	__aeabi_ddiv
 1028              		.global	__aeabi_dadd
 1029              		.global	__aeabi_dsub
 1030              		.global	__aeabi_dmul
 1031              		.global	__aeabi_dcmple
 1032              		.section	.text.calculate_mandelbrot_double,"ax",%progbits
 1033              		.align	1
 1034              		.global	calculate_mandelbrot_double
 1035              		.syntax unified
 1036              		.thumb
 1037              		.thumb_func
 1039              	calculate_mandelbrot_double:
 1040              	.LVL85:
 1041              	.LFB140:
 498:Core/Src/main.c **** 
 499:Core/Src/main.c **** 
 500:Core/Src/main.c **** 	//double precision implementation
 501:Core/Src/main.c **** 	uint64_t calculate_mandelbrot_double(int width, int height, int max_iterations){
 1042              		.loc 1 501 81 is_stmt 1 view -0
 1043              		.cfi_startproc
 1044              		@ args = 0, pretend = 0, frame = 56
 1045              		@ frame_needed = 0, uses_anonymous_args = 0
 1046              		.loc 1 501 81 is_stmt 0 view .LVU266
 1047 0000 2DE9F04F 		push	{r4, r5, r6, r7, r8, r9, r10, fp, lr}
 1048              	.LCFI12:
 1049              		.cfi_def_cfa_offset 36
 1050              		.cfi_offset 4, -36
 1051              		.cfi_offset 5, -32
 1052              		.cfi_offset 6, -28
 1053              		.cfi_offset 7, -24
 1054              		.cfi_offset 8, -20
 1055              		.cfi_offset 9, -16
 1056              		.cfi_offset 10, -12
 1057              		.cfi_offset 11, -8
 1058              		.cfi_offset 14, -4
 1059 0004 8FB0     		sub	sp, sp, #60
 1060              	.LCFI13:
 1061              		.cfi_def_cfa_offset 96
 1062 0006 0790     		str	r0, [sp, #28]
 1063 0008 0F46     		mov	r7, r1
ARM GAS  /var/folders/d6/h50ndp_j7xj_7552gzkj6_s40000gn/T//cctl1r8X.s 			page 31


 1064 000a 0B92     		str	r2, [sp, #44]
 502:Core/Src/main.c **** 	    uint64_t mandelbrot_sum = 0;
 1065              		.loc 1 502 6 is_stmt 1 view .LVU267
 1066              	.LVL86:
 503:Core/Src/main.c **** 		for (int y = 0; y < height; ++y) {
 1067              		.loc 1 503 3 view .LVU268
 1068              	.LBB36:
 1069              		.loc 1 503 8 view .LVU269
 1070              		.loc 1 503 12 is_stmt 0 view .LVU270
 1071 000c 4FF00008 		mov	r8, #0
 1072              	.LBE36:
 502:Core/Src/main.c **** 	    uint64_t mandelbrot_sum = 0;
 1073              		.loc 1 502 15 view .LVU271
 1074 0010 CDF82080 		str	r8, [sp, #32]
 1075 0014 C346     		mov	fp, r8
 1076 0016 C146     		mov	r9, r8
 1077              	.LBB44:
 1078              		.loc 1 503 3 view .LVU272
 1079 0018 79E0     		b	.L52
 1080              	.LVL87:
 1081              	.L56:
 1082              	.LBB37:
 1083              	.LBB38:
 1084              	.LBB39:
 1085              	.LBB40:
 504:Core/Src/main.c **** 			double y0 = ((double)y / (double)height) * 2.0 - 1.0;      // map y -> [-1, +1]
 505:Core/Src/main.c **** 			for (int x = 0; x < width; ++x) {
 506:Core/Src/main.c **** 				double x0 = ((double)x / (double)width) * 3.5 - 2.5;  // map x -> [-2.5, 1.0]
 507:Core/Src/main.c **** 				double xi = 0.0;
 508:Core/Src/main.c **** 				double yi = 0.0;
 509:Core/Src/main.c **** 				int i = 0;
 510:Core/Src/main.c **** 
 511:Core/Src/main.c **** 				while (i < max_iterations && (xi*xi + yi*yi) <= 4.0) {
 512:Core/Src/main.c **** 					double tmp = xi*xi - yi*yi + x0;
 1086              		.loc 1 512 6 is_stmt 1 view .LVU273
 1087              		.loc 1 512 25 is_stmt 0 view .LVU274
 1088 001a 4246     		mov	r2, r8
 1089 001c 4B46     		mov	r3, r9
 1090 001e DDE90001 		ldrd	r0, [sp]
 1091 0022 FFF7FEFF 		bl	__aeabi_dsub
 1092              	.LVL88:
 1093              		.loc 1 512 13 view .LVU275
 1094 0026 DDE90223 		ldrd	r2, [sp, #8]
 1095 002a FFF7FEFF 		bl	__aeabi_dadd
 1096              	.LVL89:
 1097 002e 8046     		mov	r8, r0
 1098 0030 8946     		mov	r9, r1
 1099              	.LVL90:
 513:Core/Src/main.c **** 					yi = 2.0 * xi * yi + y0;
 1100              		.loc 1 513 6 is_stmt 1 view .LVU276
 1101              		.loc 1 513 15 is_stmt 0 view .LVU277
 1102 0032 2246     		mov	r2, r4
 1103 0034 2B46     		mov	r3, r5
 1104 0036 2046     		mov	r0, r4
 1105 0038 2946     		mov	r1, r5
 1106 003a FFF7FEFF 		bl	__aeabi_dadd
 1107              	.LVL91:
ARM GAS  /var/folders/d6/h50ndp_j7xj_7552gzkj6_s40000gn/T//cctl1r8X.s 			page 32


 1108              		.loc 1 513 20 view .LVU278
 1109 003e 3246     		mov	r2, r6
 1110 0040 3B46     		mov	r3, r7
 1111 0042 FFF7FEFF 		bl	__aeabi_dmul
 1112              	.LVL92:
 1113              		.loc 1 513 9 view .LVU279
 1114 0046 DDE90423 		ldrd	r2, [sp, #16]
 1115 004a FFF7FEFF 		bl	__aeabi_dadd
 1116              	.LVL93:
 1117 004e 0646     		mov	r6, r0
 1118              	.LVL94:
 1119              		.loc 1 513 9 view .LVU280
 1120 0050 0F46     		mov	r7, r1
 1121              	.LVL95:
 514:Core/Src/main.c **** 					xi = tmp;
 1122              		.loc 1 514 6 is_stmt 1 view .LVU281
 515:Core/Src/main.c **** 					++i;
 1123              		.loc 1 515 6 view .LVU282
 1124 0052 0AF1010A 		add	r10, r10, #1
 1125              	.LVL96:
 514:Core/Src/main.c **** 					xi = tmp;
 1126              		.loc 1 514 9 is_stmt 0 view .LVU283
 1127 0056 4446     		mov	r4, r8
 1128 0058 4D46     		mov	r5, r9
 1129              	.LVL97:
 1130              	.L54:
 514:Core/Src/main.c **** 					xi = tmp;
 1131              		.loc 1 514 9 view .LVU284
 1132              	.LBE40:
 511:Core/Src/main.c **** 					double tmp = xi*xi - yi*yi + x0;
 1133              		.loc 1 511 31 is_stmt 1 view .LVU285
 1134 005a DA45     		cmp	r10, fp
 1135 005c 1BDA     		bge	.L55
 511:Core/Src/main.c **** 					double tmp = xi*xi - yi*yi + x0;
 1136              		.loc 1 511 37 is_stmt 0 discriminator 1 view .LVU286
 1137 005e 2246     		mov	r2, r4
 1138 0060 2B46     		mov	r3, r5
 1139 0062 2046     		mov	r0, r4
 1140 0064 2946     		mov	r1, r5
 1141 0066 FFF7FEFF 		bl	__aeabi_dmul
 1142              	.LVL98:
 1143 006a CDE90001 		strd	r0, [sp]
 511:Core/Src/main.c **** 					double tmp = xi*xi - yi*yi + x0;
 1144              		.loc 1 511 45 discriminator 1 view .LVU287
 1145 006e 3246     		mov	r2, r6
 1146 0070 3B46     		mov	r3, r7
 1147 0072 3046     		mov	r0, r6
 1148 0074 3946     		mov	r1, r7
 1149 0076 FFF7FEFF 		bl	__aeabi_dmul
 1150              	.LVL99:
 1151 007a 8046     		mov	r8, r0
 1152 007c 8946     		mov	r9, r1
 511:Core/Src/main.c **** 					double tmp = xi*xi - yi*yi + x0;
 1153              		.loc 1 511 41 discriminator 1 view .LVU288
 1154 007e 0246     		mov	r2, r0
 1155 0080 0B46     		mov	r3, r1
 1156 0082 DDE90001 		ldrd	r0, [sp]
ARM GAS  /var/folders/d6/h50ndp_j7xj_7552gzkj6_s40000gn/T//cctl1r8X.s 			page 33


 1157 0086 FFF7FEFF 		bl	__aeabi_dadd
 1158              	.LVL100:
 511:Core/Src/main.c **** 					double tmp = xi*xi - yi*yi + x0;
 1159              		.loc 1 511 31 discriminator 1 view .LVU289
 1160 008a 0022     		movs	r2, #0
 1161 008c 334B     		ldr	r3, .L62
 1162 008e FFF7FEFF 		bl	__aeabi_dcmple
 1163              	.LVL101:
 1164 0092 0028     		cmp	r0, #0
 1165 0094 C1D1     		bne	.L56
 1166              	.L55:
 516:Core/Src/main.c **** 				}
 517:Core/Src/main.c **** 				mandelbrot_sum += (uint64_t)i;
 1167              		.loc 1 517 20 view .LVU290
 1168 0096 D146     		mov	r9, r10
 1169 0098 DDF824A0 		ldr	r10, [sp, #36]
 1170              	.LVL102:
 1171              		.loc 1 517 20 view .LVU291
 1172 009c DDF82880 		ldr	r8, [sp, #40]
 1173              		.loc 1 517 5 is_stmt 1 view .LVU292
 1174              		.loc 1 517 20 is_stmt 0 view .LVU293
 1175 00a0 089B     		ldr	r3, [sp, #32]
 1176 00a2 19EB0302 		adds	r2, r9, r3
 1177 00a6 0892     		str	r2, [sp, #32]
 1178              	.LVL103:
 1179              		.loc 1 517 20 view .LVU294
 1180 00a8 48EBE978 		adc	r8, r8, r9, asr #31
 1181              	.LVL104:
 1182              		.loc 1 517 20 view .LVU295
 1183              	.LBE39:
 505:Core/Src/main.c **** 				double x0 = ((double)x / (double)width) * 3.5 - 2.5;  // map x -> [-2.5, 1.0]
 1184              		.loc 1 505 31 is_stmt 1 discriminator 2 view .LVU296
 1185 00ac 0AF1010A 		add	r10, r10, #1
 1186              	.LVL105:
 1187              	.L53:
 505:Core/Src/main.c **** 				double x0 = ((double)x / (double)width) * 3.5 - 2.5;  // map x -> [-2.5, 1.0]
 1188              		.loc 1 505 22 discriminator 1 view .LVU297
 1189 00b0 079B     		ldr	r3, [sp, #28]
 1190 00b2 9A45     		cmp	r10, r3
 1191 00b4 25DA     		bge	.L60
 1192              	.LBB41:
 506:Core/Src/main.c **** 				double xi = 0.0;
 1193              		.loc 1 506 5 view .LVU298
 506:Core/Src/main.c **** 				double xi = 0.0;
 1194              		.loc 1 506 18 is_stmt 0 view .LVU299
 1195 00b6 5046     		mov	r0, r10
 1196 00b8 FFF7FEFF 		bl	__aeabi_i2d
 1197              	.LVL106:
 1198 00bc 0446     		mov	r4, r0
 1199 00be 0D46     		mov	r5, r1
 506:Core/Src/main.c **** 				double xi = 0.0;
 1200              		.loc 1 506 30 view .LVU300
 1201 00c0 0798     		ldr	r0, [sp, #28]
 1202 00c2 FFF7FEFF 		bl	__aeabi_i2d
 1203              	.LVL107:
 1204 00c6 0246     		mov	r2, r0
 1205 00c8 0B46     		mov	r3, r1
ARM GAS  /var/folders/d6/h50ndp_j7xj_7552gzkj6_s40000gn/T//cctl1r8X.s 			page 34


 506:Core/Src/main.c **** 				double xi = 0.0;
 1206              		.loc 1 506 28 view .LVU301
 1207 00ca 2046     		mov	r0, r4
 1208 00cc 2946     		mov	r1, r5
 1209 00ce FFF7FEFF 		bl	__aeabi_ddiv
 1210              	.LVL108:
 506:Core/Src/main.c **** 				double xi = 0.0;
 1211              		.loc 1 506 45 view .LVU302
 1212 00d2 0022     		movs	r2, #0
 1213 00d4 224B     		ldr	r3, .L62+4
 1214 00d6 FFF7FEFF 		bl	__aeabi_dmul
 1215              	.LVL109:
 506:Core/Src/main.c **** 				double xi = 0.0;
 1216              		.loc 1 506 12 view .LVU303
 1217 00da 0022     		movs	r2, #0
 1218 00dc 214B     		ldr	r3, .L62+8
 1219 00de FFF7FEFF 		bl	__aeabi_dsub
 1220              	.LVL110:
 1221 00e2 CDE90201 		strd	r0, [sp, #8]
 1222              	.LVL111:
 507:Core/Src/main.c **** 				double yi = 0.0;
 1223              		.loc 1 507 5 is_stmt 1 view .LVU304
 508:Core/Src/main.c **** 				int i = 0;
 1224              		.loc 1 508 5 view .LVU305
 509:Core/Src/main.c **** 
 1225              		.loc 1 509 5 view .LVU306
 511:Core/Src/main.c **** 					double tmp = xi*xi - yi*yi + x0;
 1226              		.loc 1 511 5 view .LVU307
 509:Core/Src/main.c **** 
 1227              		.loc 1 509 9 is_stmt 0 view .LVU308
 1228 00e6 4FF00009 		mov	r9, #0
 508:Core/Src/main.c **** 				int i = 0;
 1229              		.loc 1 508 12 view .LVU309
 1230 00ea 0026     		movs	r6, #0
 1231 00ec 0027     		movs	r7, #0
 507:Core/Src/main.c **** 				double yi = 0.0;
 1232              		.loc 1 507 12 view .LVU310
 1233 00ee 3446     		mov	r4, r6
 1234 00f0 3D46     		mov	r5, r7
 1235 00f2 CDF824A0 		str	r10, [sp, #36]
 1236 00f6 CA46     		mov	r10, r9
 1237              	.LVL112:
 507:Core/Src/main.c **** 				double yi = 0.0;
 1238              		.loc 1 507 12 view .LVU311
 1239 00f8 DDF82CB0 		ldr	fp, [sp, #44]
 1240 00fc CDF82880 		str	r8, [sp, #40]
 511:Core/Src/main.c **** 					double tmp = xi*xi - yi*yi + x0;
 1241              		.loc 1 511 11 view .LVU312
 1242 0100 ABE7     		b	.L54
 1243              	.LVL113:
 1244              	.L60:
 511:Core/Src/main.c **** 					double tmp = xi*xi - yi*yi + x0;
 1245              		.loc 1 511 11 view .LVU313
 1246              	.LBE41:
 1247              	.LBE38:
 1248              	.LBE37:
 503:Core/Src/main.c **** 			double y0 = ((double)y / (double)height) * 2.0 - 1.0;      // map y -> [-1, +1]
ARM GAS  /var/folders/d6/h50ndp_j7xj_7552gzkj6_s40000gn/T//cctl1r8X.s 			page 35


 1249              		.loc 1 503 31 discriminator 2 view .LVU314
 1250 0102 DDF83090 		ldr	r9, [sp, #48]
 1251 0106 0D9F     		ldr	r7, [sp, #52]
 1252 0108 C346     		mov	fp, r8
 503:Core/Src/main.c **** 			double y0 = ((double)y / (double)height) * 2.0 - 1.0;      // map y -> [-1, +1]
 1253              		.loc 1 503 31 is_stmt 1 discriminator 2 view .LVU315
 1254 010a 09F10109 		add	r9, r9, #1
 1255              	.LVL114:
 1256              	.L52:
 503:Core/Src/main.c **** 			double y0 = ((double)y / (double)height) * 2.0 - 1.0;      // map y -> [-1, +1]
 1257              		.loc 1 503 21 discriminator 1 view .LVU316
 1258 010e B945     		cmp	r9, r7
 1259 0110 1EDA     		bge	.L61
 1260              	.LBB43:
 504:Core/Src/main.c **** 			for (int x = 0; x < width; ++x) {
 1261              		.loc 1 504 4 view .LVU317
 504:Core/Src/main.c **** 			for (int x = 0; x < width; ++x) {
 1262              		.loc 1 504 17 is_stmt 0 view .LVU318
 1263 0112 4846     		mov	r0, r9
 1264 0114 FFF7FEFF 		bl	__aeabi_i2d
 1265              	.LVL115:
 1266 0118 0446     		mov	r4, r0
 1267 011a 0D46     		mov	r5, r1
 504:Core/Src/main.c **** 			for (int x = 0; x < width; ++x) {
 1268              		.loc 1 504 29 view .LVU319
 1269 011c 3846     		mov	r0, r7
 1270 011e FFF7FEFF 		bl	__aeabi_i2d
 1271              	.LVL116:
 1272 0122 0246     		mov	r2, r0
 1273 0124 0B46     		mov	r3, r1
 504:Core/Src/main.c **** 			for (int x = 0; x < width; ++x) {
 1274              		.loc 1 504 27 view .LVU320
 1275 0126 2046     		mov	r0, r4
 1276 0128 2946     		mov	r1, r5
 1277 012a FFF7FEFF 		bl	__aeabi_ddiv
 1278              	.LVL117:
 1279 012e 0246     		mov	r2, r0
 1280 0130 0B46     		mov	r3, r1
 504:Core/Src/main.c **** 			for (int x = 0; x < width; ++x) {
 1281              		.loc 1 504 45 view .LVU321
 1282 0132 FFF7FEFF 		bl	__aeabi_dadd
 1283              	.LVL118:
 504:Core/Src/main.c **** 			for (int x = 0; x < width; ++x) {
 1284              		.loc 1 504 11 view .LVU322
 1285 0136 0022     		movs	r2, #0
 1286 0138 0B4B     		ldr	r3, .L62+12
 1287 013a FFF7FEFF 		bl	__aeabi_dsub
 1288              	.LVL119:
 1289 013e CDE90401 		strd	r0, [sp, #16]
 1290              	.LVL120:
 505:Core/Src/main.c **** 				double x0 = ((double)x / (double)width) * 3.5 - 2.5;  // map x -> [-2.5, 1.0]
 1291              		.loc 1 505 4 is_stmt 1 view .LVU323
 1292              	.LBB42:
 505:Core/Src/main.c **** 				double x0 = ((double)x / (double)width) * 3.5 - 2.5;  // map x -> [-2.5, 1.0]
 1293              		.loc 1 505 9 view .LVU324
 505:Core/Src/main.c **** 				double x0 = ((double)x / (double)width) * 3.5 - 2.5;  // map x -> [-2.5, 1.0]
 1294              		.loc 1 505 13 is_stmt 0 view .LVU325
ARM GAS  /var/folders/d6/h50ndp_j7xj_7552gzkj6_s40000gn/T//cctl1r8X.s 			page 36


 1295 0142 4FF0000A 		mov	r10, #0
 1296 0146 CDF83090 		str	r9, [sp, #48]
 1297 014a 0D97     		str	r7, [sp, #52]
 1298 014c D846     		mov	r8, fp
 505:Core/Src/main.c **** 				double x0 = ((double)x / (double)width) * 3.5 - 2.5;  // map x -> [-2.5, 1.0]
 1299              		.loc 1 505 4 view .LVU326
 1300 014e AFE7     		b	.L53
 1301              	.LVL121:
 1302              	.L61:
 505:Core/Src/main.c **** 				double x0 = ((double)x / (double)width) * 3.5 - 2.5;  // map x -> [-2.5, 1.0]
 1303              		.loc 1 505 4 view .LVU327
 1304              	.LBE42:
 1305              	.LBE43:
 1306              	.LBE44:
 518:Core/Src/main.c **** 			}
 519:Core/Src/main.c **** 		}
 520:Core/Src/main.c **** 	    return mandelbrot_sum;
 1307              		.loc 1 520 6 is_stmt 1 view .LVU328
 521:Core/Src/main.c **** 	}
 1308              		.loc 1 521 2 is_stmt 0 view .LVU329
 1309 0150 0898     		ldr	r0, [sp, #32]
 1310 0152 5946     		mov	r1, fp
 1311 0154 0FB0     		add	sp, sp, #60
 1312              	.LCFI14:
 1313              		.cfi_def_cfa_offset 36
 1314              		@ sp needed
 1315 0156 BDE8F08F 		pop	{r4, r5, r6, r7, r8, r9, r10, fp, pc}
 1316              	.LVL122:
 1317              	.L63:
 1318              		.loc 1 521 2 view .LVU330
 1319 015a 00BF     		.align	2
 1320              	.L62:
 1321 015c 00001040 		.word	1074790400
 1322 0160 00000C40 		.word	1074528256
 1323 0164 00000440 		.word	1074003968
 1324 0168 0000F03F 		.word	1072693248
 1325              		.cfi_endproc
 1326              	.LFE140:
 1328              		.section	.text.calculate_mandelbrot_float,"ax",%progbits
 1329              		.align	1
 1330              		.global	calculate_mandelbrot_float
 1331              		.syntax unified
 1332              		.thumb
 1333              		.thumb_func
 1335              	calculate_mandelbrot_float:
 1336              	.LVL123:
 1337              	.LFB141:
 522:Core/Src/main.c **** 
 523:Core/Src/main.c **** 
 524:Core/Src/main.c **** 	//float implementation
 525:Core/Src/main.c **** 	uint64_t calculate_mandelbrot_float(int width, int height, int max_iterations){
 1338              		.loc 1 525 80 is_stmt 1 view -0
 1339              		.cfi_startproc
 1340              		@ args = 0, pretend = 0, frame = 0
 1341              		@ frame_needed = 0, uses_anonymous_args = 0
 1342              		.loc 1 525 80 is_stmt 0 view .LVU332
 1343 0000 30B5     		push	{r4, r5, lr}
ARM GAS  /var/folders/d6/h50ndp_j7xj_7552gzkj6_s40000gn/T//cctl1r8X.s 			page 37


 1344              	.LCFI15:
 1345              		.cfi_def_cfa_offset 12
 1346              		.cfi_offset 4, -12
 1347              		.cfi_offset 5, -8
 1348              		.cfi_offset 14, -4
 1349 0002 8646     		mov	lr, r0
 1350 0004 0D46     		mov	r5, r1
 526:Core/Src/main.c **** 		uint64_t mandelbrot_sum = 0;
 1351              		.loc 1 526 3 is_stmt 1 view .LVU333
 1352              	.LVL124:
 527:Core/Src/main.c **** 		for(int y = 0; y < height; y++){
 1353              		.loc 1 527 3 view .LVU334
 1354              	.LBB45:
 1355              		.loc 1 527 7 view .LVU335
 1356              		.loc 1 527 11 is_stmt 0 view .LVU336
 1357 0006 0024     		movs	r4, #0
 1358              	.LBE45:
 526:Core/Src/main.c **** 		uint64_t mandelbrot_sum = 0;
 1359              		.loc 1 526 12 view .LVU337
 1360 0008 2046     		mov	r0, r4
 1361              	.LVL125:
 526:Core/Src/main.c **** 		uint64_t mandelbrot_sum = 0;
 1362              		.loc 1 526 12 view .LVU338
 1363 000a 2146     		mov	r1, r4
 1364              	.LVL126:
 1365              	.LBB53:
 1366              		.loc 1 527 3 view .LVU339
 1367 000c 3BE0     		b	.L65
 1368              	.LVL127:
 1369              	.L69:
 1370              	.LBB46:
 1371              	.LBB47:
 1372              	.LBB48:
 1373              	.LBB49:
 528:Core/Src/main.c **** 			float y0 = ((float)y / (float)height) * 2.0f - 1.0f;
 529:Core/Src/main.c **** 			for(int x = 0; x < width; ++x){
 530:Core/Src/main.c **** 				float x0 = ((float)x / (float)width) * 3.5f - 2.5f;
 531:Core/Src/main.c **** 				float xi = 0.0f;
 532:Core/Src/main.c **** 				float yi = 0.0f;
 533:Core/Src/main.c **** 				int i = 0;
 534:Core/Src/main.c **** 
 535:Core/Src/main.c **** 				while (i < max_iterations && (xi*xi* + yi*yi) <= 4.0f){
 536:Core/Src/main.c **** 					float tmp = xi*xi - yi*yi + x0;
 1374              		.loc 1 536 6 is_stmt 1 view .LVU340
 1375              		.loc 1 536 28 is_stmt 0 view .LVU341
 1376 000e 27EEA76A 		vmul.f32	s12, s15, s15
 1377              		.loc 1 536 24 view .LVU342
 1378 0012 76EEC66A 		vsub.f32	s13, s13, s12
 1379              	.LVL128:
 537:Core/Src/main.c **** 					yi = 2.0f * xi * yi + y0;
 1380              		.loc 1 537 6 is_stmt 1 view .LVU343
 1381              		.loc 1 537 16 is_stmt 0 view .LVU344
 1382 0016 37EE077A 		vadd.f32	s14, s14, s14
 1383              	.LVL129:
 1384              		.loc 1 537 21 view .LVU345
 1385 001a 67EE277A 		vmul.f32	s15, s14, s15
 1386              	.LVL130:
ARM GAS  /var/folders/d6/h50ndp_j7xj_7552gzkj6_s40000gn/T//cctl1r8X.s 			page 38


 1387              		.loc 1 537 9 view .LVU346
 1388 001e 77EEA47A 		vadd.f32	s15, s15, s9
 1389              	.LVL131:
 538:Core/Src/main.c **** 					xi = tmp;
 1390              		.loc 1 538 6 is_stmt 1 view .LVU347
 539:Core/Src/main.c **** 					++i;
 1391              		.loc 1 539 6 view .LVU348
 1392 0022 0133     		adds	r3, r3, #1
 1393              	.LVL132:
 538:Core/Src/main.c **** 					xi = tmp;
 1394              		.loc 1 538 9 is_stmt 0 view .LVU349
 1395 0024 36EE857A 		vadd.f32	s14, s13, s10
 1396              	.LVL133:
 1397              	.L67:
 538:Core/Src/main.c **** 					xi = tmp;
 1398              		.loc 1 538 9 view .LVU350
 1399              	.LBE49:
 535:Core/Src/main.c **** 					float tmp = xi*xi - yi*yi + x0;
 1400              		.loc 1 535 31 is_stmt 1 view .LVU351
 1401 0028 9342     		cmp	r3, r2
 1402 002a 0CDA     		bge	.L68
 535:Core/Src/main.c **** 					float tmp = xi*xi - yi*yi + x0;
 1403              		.loc 1 535 37 is_stmt 0 discriminator 1 view .LVU352
 1404 002c 67EE076A 		vmul.f32	s13, s14, s14
 535:Core/Src/main.c **** 					float tmp = xi*xi - yi*yi + x0;
 1405              		.loc 1 535 40 discriminator 1 view .LVU353
 1406 0030 26EEA76A 		vmul.f32	s12, s13, s15
 535:Core/Src/main.c **** 					float tmp = xi*xi - yi*yi + x0;
 1407              		.loc 1 535 46 discriminator 1 view .LVU354
 1408 0034 26EE276A 		vmul.f32	s12, s12, s15
 535:Core/Src/main.c **** 					float tmp = xi*xi - yi*yi + x0;
 1409              		.loc 1 535 31 discriminator 1 view .LVU355
 1410 0038 F1EE005A 		vmov.f32	s11, #4.0e+0
 1411 003c B4EEE56A 		vcmpe.f32	s12, s11
 1412 0040 F1EE10FA 		vmrs	APSR_nzcv, FPSCR
 1413 0044 E3D9     		bls	.L69
 1414              	.L68:
 540:Core/Src/main.c **** 				}
 541:Core/Src/main.c **** 				mandelbrot_sum += (uint64_t)i;
 1415              		.loc 1 541 5 is_stmt 1 view .LVU356
 1416              		.loc 1 541 20 is_stmt 0 view .LVU357
 1417 0046 1818     		adds	r0, r3, r0
 1418              	.LVL134:
 1419              		.loc 1 541 20 view .LVU358
 1420 0048 41EBE371 		adc	r1, r1, r3, asr #31
 1421              	.LVL135:
 1422              		.loc 1 541 20 view .LVU359
 1423              	.LBE48:
 529:Core/Src/main.c **** 				float x0 = ((float)x / (float)width) * 3.5f - 2.5f;
 1424              		.loc 1 529 30 is_stmt 1 discriminator 2 view .LVU360
 1425 004c 0CF1010C 		add	ip, ip, #1
 1426              	.LVL136:
 1427              	.L66:
 529:Core/Src/main.c **** 				float x0 = ((float)x / (float)width) * 3.5f - 2.5f;
 1428              		.loc 1 529 21 discriminator 1 view .LVU361
 1429 0050 F445     		cmp	ip, lr
 1430 0052 17DA     		bge	.L73
ARM GAS  /var/folders/d6/h50ndp_j7xj_7552gzkj6_s40000gn/T//cctl1r8X.s 			page 39


 1431              	.LBB50:
 530:Core/Src/main.c **** 				float xi = 0.0f;
 1432              		.loc 1 530 5 view .LVU362
 530:Core/Src/main.c **** 				float xi = 0.0f;
 1433              		.loc 1 530 17 is_stmt 0 view .LVU363
 1434 0054 07EE90CA 		vmov	s15, ip	@ int
 1435 0058 F8EEE77A 		vcvt.f32.s32	s15, s15
 530:Core/Src/main.c **** 				float xi = 0.0f;
 1436              		.loc 1 530 28 view .LVU364
 1437 005c 07EE10EA 		vmov	s14, lr	@ int
 1438 0060 B8EEC77A 		vcvt.f32.s32	s14, s14
 530:Core/Src/main.c **** 				float xi = 0.0f;
 1439              		.loc 1 530 26 view .LVU365
 1440 0064 87EE875A 		vdiv.f32	s10, s15, s14
 530:Core/Src/main.c **** 				float xi = 0.0f;
 1441              		.loc 1 530 42 view .LVU366
 1442 0068 F0EE0C7A 		vmov.f32	s15, #3.5e+0
 1443 006c 25EE275A 		vmul.f32	s10, s10, s15
 530:Core/Src/main.c **** 				float xi = 0.0f;
 1444              		.loc 1 530 11 view .LVU367
 1445 0070 F0EE047A 		vmov.f32	s15, #2.5e+0
 1446 0074 35EE675A 		vsub.f32	s10, s10, s15
 1447              	.LVL137:
 531:Core/Src/main.c **** 				float yi = 0.0f;
 1448              		.loc 1 531 5 is_stmt 1 view .LVU368
 532:Core/Src/main.c **** 				int i = 0;
 1449              		.loc 1 532 5 view .LVU369
 533:Core/Src/main.c **** 
 1450              		.loc 1 533 5 view .LVU370
 535:Core/Src/main.c **** 					float tmp = xi*xi - yi*yi + x0;
 1451              		.loc 1 535 5 view .LVU371
 533:Core/Src/main.c **** 
 1452              		.loc 1 533 9 is_stmt 0 view .LVU372
 1453 0078 0023     		movs	r3, #0
 532:Core/Src/main.c **** 				int i = 0;
 1454              		.loc 1 532 11 view .LVU373
 1455 007a DFED0E7A 		vldr.32	s15, .L75
 531:Core/Src/main.c **** 				float yi = 0.0f;
 1456              		.loc 1 531 11 view .LVU374
 1457 007e B0EE677A 		vmov.f32	s14, s15
 535:Core/Src/main.c **** 					float tmp = xi*xi - yi*yi + x0;
 1458              		.loc 1 535 11 view .LVU375
 1459 0082 D1E7     		b	.L67
 1460              	.LVL138:
 1461              	.L73:
 535:Core/Src/main.c **** 					float tmp = xi*xi - yi*yi + x0;
 1462              		.loc 1 535 11 view .LVU376
 1463              	.LBE50:
 1464              	.LBE47:
 1465              	.LBE46:
 527:Core/Src/main.c **** 			float y0 = ((float)y / (float)height) * 2.0f - 1.0f;
 1466              		.loc 1 527 31 is_stmt 1 discriminator 2 view .LVU377
 1467 0084 0134     		adds	r4, r4, #1
 1468              	.LVL139:
 1469              	.L65:
 527:Core/Src/main.c **** 			float y0 = ((float)y / (float)height) * 2.0f - 1.0f;
 1470              		.loc 1 527 20 discriminator 1 view .LVU378
ARM GAS  /var/folders/d6/h50ndp_j7xj_7552gzkj6_s40000gn/T//cctl1r8X.s 			page 40


 1471 0086 AC42     		cmp	r4, r5
 1472 0088 12DA     		bge	.L74
 1473              	.LBB52:
 528:Core/Src/main.c **** 			for(int x = 0; x < width; ++x){
 1474              		.loc 1 528 4 view .LVU379
 528:Core/Src/main.c **** 			for(int x = 0; x < width; ++x){
 1475              		.loc 1 528 16 is_stmt 0 view .LVU380
 1476 008a 07EE904A 		vmov	s15, r4	@ int
 1477 008e F8EEE77A 		vcvt.f32.s32	s15, s15
 528:Core/Src/main.c **** 			for(int x = 0; x < width; ++x){
 1478              		.loc 1 528 27 view .LVU381
 1479 0092 07EE105A 		vmov	s14, r5	@ int
 1480 0096 B8EEC77A 		vcvt.f32.s32	s14, s14
 528:Core/Src/main.c **** 			for(int x = 0; x < width; ++x){
 1481              		.loc 1 528 25 view .LVU382
 1482 009a C7EE874A 		vdiv.f32	s9, s15, s14
 528:Core/Src/main.c **** 			for(int x = 0; x < width; ++x){
 1483              		.loc 1 528 42 view .LVU383
 1484 009e 74EEA44A 		vadd.f32	s9, s9, s9
 528:Core/Src/main.c **** 			for(int x = 0; x < width; ++x){
 1485              		.loc 1 528 10 view .LVU384
 1486 00a2 F7EE007A 		vmov.f32	s15, #1.0e+0
 1487 00a6 74EEE74A 		vsub.f32	s9, s9, s15
 1488              	.LVL140:
 529:Core/Src/main.c **** 				float x0 = ((float)x / (float)width) * 3.5f - 2.5f;
 1489              		.loc 1 529 4 is_stmt 1 view .LVU385
 1490              	.LBB51:
 529:Core/Src/main.c **** 				float x0 = ((float)x / (float)width) * 3.5f - 2.5f;
 1491              		.loc 1 529 8 view .LVU386
 529:Core/Src/main.c **** 				float x0 = ((float)x / (float)width) * 3.5f - 2.5f;
 1492              		.loc 1 529 12 is_stmt 0 view .LVU387
 1493 00aa 4FF0000C 		mov	ip, #0
 529:Core/Src/main.c **** 				float x0 = ((float)x / (float)width) * 3.5f - 2.5f;
 1494              		.loc 1 529 4 view .LVU388
 1495 00ae CFE7     		b	.L66
 1496              	.LVL141:
 1497              	.L74:
 529:Core/Src/main.c **** 				float x0 = ((float)x / (float)width) * 3.5f - 2.5f;
 1498              		.loc 1 529 4 view .LVU389
 1499              	.LBE51:
 1500              	.LBE52:
 1501              	.LBE53:
 542:Core/Src/main.c **** 			}
 543:Core/Src/main.c **** 		}
 544:Core/Src/main.c **** 		return mandelbrot_sum;
 1502              		.loc 1 544 3 is_stmt 1 view .LVU390
 545:Core/Src/main.c **** 	}
 1503              		.loc 1 545 2 is_stmt 0 view .LVU391
 1504 00b0 30BD     		pop	{r4, r5, pc}
 1505              	.LVL142:
 1506              	.L76:
 1507              		.loc 1 545 2 view .LVU392
 1508 00b2 00BF     		.align	2
 1509              	.L75:
 1510 00b4 00000000 		.word	0
 1511              		.cfi_endproc
 1512              	.LFE141:
ARM GAS  /var/folders/d6/h50ndp_j7xj_7552gzkj6_s40000gn/T//cctl1r8X.s 			page 41


 1514              		.section	.text.Error_Handler,"ax",%progbits
 1515              		.align	1
 1516              		.global	Error_Handler
 1517              		.syntax unified
 1518              		.thumb
 1519              		.thumb_func
 1521              	Error_Handler:
 1522              	.LFB142:
 546:Core/Src/main.c **** 
 547:Core/Src/main.c **** 	// for task 4: test if can allocate memory for a given size
 548:Core/Src/main.c **** //	bool can_allocate_image(uint16_t width, uint16_t height) {
 549:Core/Src/main.c **** //	    uint32_t required_bytes = (uint32_t)width * height;
 550:Core/Src/main.c **** //
 551:Core/Src/main.c **** //	    // Try to allocate memory
 552:Core/Src/main.c **** //	    uint8_t* test_buffer = malloc(required_bytes);
 553:Core/Src/main.c **** //	    if (test_buffer == NULL) {
 554:Core/Src/main.c **** //	        return false;
 555:Core/Src/main.c **** //	    }
 556:Core/Src/main.c **** //
 557:Core/Src/main.c **** //	    free(test_buffer);
 558:Core/Src/main.c **** //
 559:Core/Src/main.c **** //	    if (required_bytes > 65536) return false; // 64KB limit for F4
 560:Core/Src/main.c **** //	    return true;
 561:Core/Src/main.c **** //	}
 562:Core/Src/main.c **** 
 563:Core/Src/main.c **** /* USER CODE END 4 */
 564:Core/Src/main.c **** 
 565:Core/Src/main.c **** /**
 566:Core/Src/main.c ****   * @brief  This function is executed in case of error occurrence.
 567:Core/Src/main.c ****   * @retval None
 568:Core/Src/main.c ****   */
 569:Core/Src/main.c **** void Error_Handler(void)
 570:Core/Src/main.c **** {
 1523              		.loc 1 570 1 is_stmt 1 view -0
 1524              		.cfi_startproc
 1525              		@ Volatile: function does not return.
 1526              		@ args = 0, pretend = 0, frame = 0
 1527              		@ frame_needed = 0, uses_anonymous_args = 0
 1528              		@ link register save eliminated.
 571:Core/Src/main.c ****   /* USER CODE BEGIN Error_Handler_Debug */
 572:Core/Src/main.c ****   /* User can add his own implementation to report the HAL error return state */
 573:Core/Src/main.c ****   __disable_irq();
 1529              		.loc 1 573 3 view .LVU394
 1530              	.LBB54:
 1531              	.LBI54:
 1532              		.file 2 "Drivers/CMSIS/Include/cmsis_gcc.h"
   1:Drivers/CMSIS/Include/cmsis_gcc.h **** /**************************************************************************//**
   2:Drivers/CMSIS/Include/cmsis_gcc.h ****  * @file     cmsis_gcc.h
   3:Drivers/CMSIS/Include/cmsis_gcc.h ****  * @brief    CMSIS compiler GCC header file
   4:Drivers/CMSIS/Include/cmsis_gcc.h ****  * @version  V5.4.1
   5:Drivers/CMSIS/Include/cmsis_gcc.h ****  * @date     27. May 2021
   6:Drivers/CMSIS/Include/cmsis_gcc.h ****  ******************************************************************************/
   7:Drivers/CMSIS/Include/cmsis_gcc.h **** /*
   8:Drivers/CMSIS/Include/cmsis_gcc.h ****  * Copyright (c) 2009-2021 Arm Limited. All rights reserved.
   9:Drivers/CMSIS/Include/cmsis_gcc.h ****  *
  10:Drivers/CMSIS/Include/cmsis_gcc.h ****  * SPDX-License-Identifier: Apache-2.0
  11:Drivers/CMSIS/Include/cmsis_gcc.h ****  *
ARM GAS  /var/folders/d6/h50ndp_j7xj_7552gzkj6_s40000gn/T//cctl1r8X.s 			page 42


  12:Drivers/CMSIS/Include/cmsis_gcc.h ****  * Licensed under the Apache License, Version 2.0 (the License); you may
  13:Drivers/CMSIS/Include/cmsis_gcc.h ****  * not use this file except in compliance with the License.
  14:Drivers/CMSIS/Include/cmsis_gcc.h ****  * You may obtain a copy of the License at
  15:Drivers/CMSIS/Include/cmsis_gcc.h ****  *
  16:Drivers/CMSIS/Include/cmsis_gcc.h ****  * www.apache.org/licenses/LICENSE-2.0
  17:Drivers/CMSIS/Include/cmsis_gcc.h ****  *
  18:Drivers/CMSIS/Include/cmsis_gcc.h ****  * Unless required by applicable law or agreed to in writing, software
  19:Drivers/CMSIS/Include/cmsis_gcc.h ****  * distributed under the License is distributed on an AS IS BASIS, WITHOUT
  20:Drivers/CMSIS/Include/cmsis_gcc.h ****  * WARRANTIES OR CONDITIONS OF ANY KIND, either express or implied.
  21:Drivers/CMSIS/Include/cmsis_gcc.h ****  * See the License for the specific language governing permissions and
  22:Drivers/CMSIS/Include/cmsis_gcc.h ****  * limitations under the License.
  23:Drivers/CMSIS/Include/cmsis_gcc.h ****  */
  24:Drivers/CMSIS/Include/cmsis_gcc.h **** 
  25:Drivers/CMSIS/Include/cmsis_gcc.h **** #ifndef __CMSIS_GCC_H
  26:Drivers/CMSIS/Include/cmsis_gcc.h **** #define __CMSIS_GCC_H
  27:Drivers/CMSIS/Include/cmsis_gcc.h **** 
  28:Drivers/CMSIS/Include/cmsis_gcc.h **** /* ignore some GCC warnings */
  29:Drivers/CMSIS/Include/cmsis_gcc.h **** #pragma GCC diagnostic push
  30:Drivers/CMSIS/Include/cmsis_gcc.h **** #pragma GCC diagnostic ignored "-Wsign-conversion"
  31:Drivers/CMSIS/Include/cmsis_gcc.h **** #pragma GCC diagnostic ignored "-Wconversion"
  32:Drivers/CMSIS/Include/cmsis_gcc.h **** #pragma GCC diagnostic ignored "-Wunused-parameter"
  33:Drivers/CMSIS/Include/cmsis_gcc.h **** 
  34:Drivers/CMSIS/Include/cmsis_gcc.h **** /* Fallback for __has_builtin */
  35:Drivers/CMSIS/Include/cmsis_gcc.h **** #ifndef __has_builtin
  36:Drivers/CMSIS/Include/cmsis_gcc.h ****   #define __has_builtin(x) (0)
  37:Drivers/CMSIS/Include/cmsis_gcc.h **** #endif
  38:Drivers/CMSIS/Include/cmsis_gcc.h **** 
  39:Drivers/CMSIS/Include/cmsis_gcc.h **** /* CMSIS compiler specific defines */
  40:Drivers/CMSIS/Include/cmsis_gcc.h **** #ifndef   __ASM
  41:Drivers/CMSIS/Include/cmsis_gcc.h ****   #define __ASM                                  __asm
  42:Drivers/CMSIS/Include/cmsis_gcc.h **** #endif
  43:Drivers/CMSIS/Include/cmsis_gcc.h **** #ifndef   __INLINE
  44:Drivers/CMSIS/Include/cmsis_gcc.h ****   #define __INLINE                               inline
  45:Drivers/CMSIS/Include/cmsis_gcc.h **** #endif
  46:Drivers/CMSIS/Include/cmsis_gcc.h **** #ifndef   __STATIC_INLINE
  47:Drivers/CMSIS/Include/cmsis_gcc.h ****   #define __STATIC_INLINE                        static inline
  48:Drivers/CMSIS/Include/cmsis_gcc.h **** #endif
  49:Drivers/CMSIS/Include/cmsis_gcc.h **** #ifndef   __STATIC_FORCEINLINE
  50:Drivers/CMSIS/Include/cmsis_gcc.h ****   #define __STATIC_FORCEINLINE                   __attribute__((always_inline)) static inline
  51:Drivers/CMSIS/Include/cmsis_gcc.h **** #endif
  52:Drivers/CMSIS/Include/cmsis_gcc.h **** #ifndef   __NO_RETURN
  53:Drivers/CMSIS/Include/cmsis_gcc.h ****   #define __NO_RETURN                            __attribute__((__noreturn__))
  54:Drivers/CMSIS/Include/cmsis_gcc.h **** #endif
  55:Drivers/CMSIS/Include/cmsis_gcc.h **** #ifndef   __USED
  56:Drivers/CMSIS/Include/cmsis_gcc.h ****   #define __USED                                 __attribute__((used))
  57:Drivers/CMSIS/Include/cmsis_gcc.h **** #endif
  58:Drivers/CMSIS/Include/cmsis_gcc.h **** #ifndef   __WEAK
  59:Drivers/CMSIS/Include/cmsis_gcc.h ****   #define __WEAK                                 __attribute__((weak))
  60:Drivers/CMSIS/Include/cmsis_gcc.h **** #endif
  61:Drivers/CMSIS/Include/cmsis_gcc.h **** #ifndef   __PACKED
  62:Drivers/CMSIS/Include/cmsis_gcc.h ****   #define __PACKED                               __attribute__((packed, aligned(1)))
  63:Drivers/CMSIS/Include/cmsis_gcc.h **** #endif
  64:Drivers/CMSIS/Include/cmsis_gcc.h **** #ifndef   __PACKED_STRUCT
  65:Drivers/CMSIS/Include/cmsis_gcc.h ****   #define __PACKED_STRUCT                        struct __attribute__((packed, aligned(1)))
  66:Drivers/CMSIS/Include/cmsis_gcc.h **** #endif
  67:Drivers/CMSIS/Include/cmsis_gcc.h **** #ifndef   __PACKED_UNION
  68:Drivers/CMSIS/Include/cmsis_gcc.h ****   #define __PACKED_UNION                         union __attribute__((packed, aligned(1)))
ARM GAS  /var/folders/d6/h50ndp_j7xj_7552gzkj6_s40000gn/T//cctl1r8X.s 			page 43


  69:Drivers/CMSIS/Include/cmsis_gcc.h **** #endif
  70:Drivers/CMSIS/Include/cmsis_gcc.h **** #ifndef   __UNALIGNED_UINT32        /* deprecated */
  71:Drivers/CMSIS/Include/cmsis_gcc.h ****   #pragma GCC diagnostic push
  72:Drivers/CMSIS/Include/cmsis_gcc.h ****   #pragma GCC diagnostic ignored "-Wpacked"
  73:Drivers/CMSIS/Include/cmsis_gcc.h ****   #pragma GCC diagnostic ignored "-Wattributes"
  74:Drivers/CMSIS/Include/cmsis_gcc.h ****   struct __attribute__((packed)) T_UINT32 { uint32_t v; };
  75:Drivers/CMSIS/Include/cmsis_gcc.h ****   #pragma GCC diagnostic pop
  76:Drivers/CMSIS/Include/cmsis_gcc.h ****   #define __UNALIGNED_UINT32(x)                  (((struct T_UINT32 *)(x))->v)
  77:Drivers/CMSIS/Include/cmsis_gcc.h **** #endif
  78:Drivers/CMSIS/Include/cmsis_gcc.h **** #ifndef   __UNALIGNED_UINT16_WRITE
  79:Drivers/CMSIS/Include/cmsis_gcc.h ****   #pragma GCC diagnostic push
  80:Drivers/CMSIS/Include/cmsis_gcc.h ****   #pragma GCC diagnostic ignored "-Wpacked"
  81:Drivers/CMSIS/Include/cmsis_gcc.h ****   #pragma GCC diagnostic ignored "-Wattributes"
  82:Drivers/CMSIS/Include/cmsis_gcc.h ****   __PACKED_STRUCT T_UINT16_WRITE { uint16_t v; };
  83:Drivers/CMSIS/Include/cmsis_gcc.h ****   #pragma GCC diagnostic pop
  84:Drivers/CMSIS/Include/cmsis_gcc.h ****   #define __UNALIGNED_UINT16_WRITE(addr, val)    (void)((((struct T_UINT16_WRITE *)(void *)(addr))-
  85:Drivers/CMSIS/Include/cmsis_gcc.h **** #endif
  86:Drivers/CMSIS/Include/cmsis_gcc.h **** #ifndef   __UNALIGNED_UINT16_READ
  87:Drivers/CMSIS/Include/cmsis_gcc.h ****   #pragma GCC diagnostic push
  88:Drivers/CMSIS/Include/cmsis_gcc.h ****   #pragma GCC diagnostic ignored "-Wpacked"
  89:Drivers/CMSIS/Include/cmsis_gcc.h ****   #pragma GCC diagnostic ignored "-Wattributes"
  90:Drivers/CMSIS/Include/cmsis_gcc.h ****   __PACKED_STRUCT T_UINT16_READ { uint16_t v; };
  91:Drivers/CMSIS/Include/cmsis_gcc.h ****   #pragma GCC diagnostic pop
  92:Drivers/CMSIS/Include/cmsis_gcc.h ****   #define __UNALIGNED_UINT16_READ(addr)          (((const struct T_UINT16_READ *)(const void *)(add
  93:Drivers/CMSIS/Include/cmsis_gcc.h **** #endif
  94:Drivers/CMSIS/Include/cmsis_gcc.h **** #ifndef   __UNALIGNED_UINT32_WRITE
  95:Drivers/CMSIS/Include/cmsis_gcc.h ****   #pragma GCC diagnostic push
  96:Drivers/CMSIS/Include/cmsis_gcc.h ****   #pragma GCC diagnostic ignored "-Wpacked"
  97:Drivers/CMSIS/Include/cmsis_gcc.h ****   #pragma GCC diagnostic ignored "-Wattributes"
  98:Drivers/CMSIS/Include/cmsis_gcc.h ****   __PACKED_STRUCT T_UINT32_WRITE { uint32_t v; };
  99:Drivers/CMSIS/Include/cmsis_gcc.h ****   #pragma GCC diagnostic pop
 100:Drivers/CMSIS/Include/cmsis_gcc.h ****   #define __UNALIGNED_UINT32_WRITE(addr, val)    (void)((((struct T_UINT32_WRITE *)(void *)(addr))-
 101:Drivers/CMSIS/Include/cmsis_gcc.h **** #endif
 102:Drivers/CMSIS/Include/cmsis_gcc.h **** #ifndef   __UNALIGNED_UINT32_READ
 103:Drivers/CMSIS/Include/cmsis_gcc.h ****   #pragma GCC diagnostic push
 104:Drivers/CMSIS/Include/cmsis_gcc.h ****   #pragma GCC diagnostic ignored "-Wpacked"
 105:Drivers/CMSIS/Include/cmsis_gcc.h ****   #pragma GCC diagnostic ignored "-Wattributes"
 106:Drivers/CMSIS/Include/cmsis_gcc.h ****   __PACKED_STRUCT T_UINT32_READ { uint32_t v; };
 107:Drivers/CMSIS/Include/cmsis_gcc.h ****   #pragma GCC diagnostic pop
 108:Drivers/CMSIS/Include/cmsis_gcc.h ****   #define __UNALIGNED_UINT32_READ(addr)          (((const struct T_UINT32_READ *)(const void *)(add
 109:Drivers/CMSIS/Include/cmsis_gcc.h **** #endif
 110:Drivers/CMSIS/Include/cmsis_gcc.h **** #ifndef   __ALIGNED
 111:Drivers/CMSIS/Include/cmsis_gcc.h ****   #define __ALIGNED(x)                           __attribute__((aligned(x)))
 112:Drivers/CMSIS/Include/cmsis_gcc.h **** #endif
 113:Drivers/CMSIS/Include/cmsis_gcc.h **** #ifndef   __RESTRICT
 114:Drivers/CMSIS/Include/cmsis_gcc.h ****   #define __RESTRICT                             __restrict
 115:Drivers/CMSIS/Include/cmsis_gcc.h **** #endif
 116:Drivers/CMSIS/Include/cmsis_gcc.h **** #ifndef   __COMPILER_BARRIER
 117:Drivers/CMSIS/Include/cmsis_gcc.h ****   #define __COMPILER_BARRIER()                   __ASM volatile("":::"memory")
 118:Drivers/CMSIS/Include/cmsis_gcc.h **** #endif
 119:Drivers/CMSIS/Include/cmsis_gcc.h **** 
 120:Drivers/CMSIS/Include/cmsis_gcc.h **** /* #########################  Startup and Lowlevel Init  ######################## */
 121:Drivers/CMSIS/Include/cmsis_gcc.h **** 
 122:Drivers/CMSIS/Include/cmsis_gcc.h **** #ifndef __PROGRAM_START
 123:Drivers/CMSIS/Include/cmsis_gcc.h **** 
 124:Drivers/CMSIS/Include/cmsis_gcc.h **** /**
 125:Drivers/CMSIS/Include/cmsis_gcc.h ****   \brief   Initializes data and bss sections
ARM GAS  /var/folders/d6/h50ndp_j7xj_7552gzkj6_s40000gn/T//cctl1r8X.s 			page 44


 126:Drivers/CMSIS/Include/cmsis_gcc.h ****   \details This default implementations initialized all data and additional bss
 127:Drivers/CMSIS/Include/cmsis_gcc.h ****            sections relying on .copy.table and .zero.table specified properly
 128:Drivers/CMSIS/Include/cmsis_gcc.h ****            in the used linker script.
 129:Drivers/CMSIS/Include/cmsis_gcc.h **** 
 130:Drivers/CMSIS/Include/cmsis_gcc.h ****  */
 131:Drivers/CMSIS/Include/cmsis_gcc.h **** __STATIC_FORCEINLINE __NO_RETURN void __cmsis_start(void)
 132:Drivers/CMSIS/Include/cmsis_gcc.h **** {
 133:Drivers/CMSIS/Include/cmsis_gcc.h ****   extern void _start(void) __NO_RETURN;
 134:Drivers/CMSIS/Include/cmsis_gcc.h **** 
 135:Drivers/CMSIS/Include/cmsis_gcc.h ****   typedef struct {
 136:Drivers/CMSIS/Include/cmsis_gcc.h ****     uint32_t const* src;
 137:Drivers/CMSIS/Include/cmsis_gcc.h ****     uint32_t* dest;
 138:Drivers/CMSIS/Include/cmsis_gcc.h ****     uint32_t  wlen;
 139:Drivers/CMSIS/Include/cmsis_gcc.h ****   } __copy_table_t;
 140:Drivers/CMSIS/Include/cmsis_gcc.h **** 
 141:Drivers/CMSIS/Include/cmsis_gcc.h ****   typedef struct {
 142:Drivers/CMSIS/Include/cmsis_gcc.h ****     uint32_t* dest;
 143:Drivers/CMSIS/Include/cmsis_gcc.h ****     uint32_t  wlen;
 144:Drivers/CMSIS/Include/cmsis_gcc.h ****   } __zero_table_t;
 145:Drivers/CMSIS/Include/cmsis_gcc.h **** 
 146:Drivers/CMSIS/Include/cmsis_gcc.h ****   extern const __copy_table_t __copy_table_start__;
 147:Drivers/CMSIS/Include/cmsis_gcc.h ****   extern const __copy_table_t __copy_table_end__;
 148:Drivers/CMSIS/Include/cmsis_gcc.h ****   extern const __zero_table_t __zero_table_start__;
 149:Drivers/CMSIS/Include/cmsis_gcc.h ****   extern const __zero_table_t __zero_table_end__;
 150:Drivers/CMSIS/Include/cmsis_gcc.h **** 
 151:Drivers/CMSIS/Include/cmsis_gcc.h ****   for (__copy_table_t const* pTable = &__copy_table_start__; pTable < &__copy_table_end__; ++pTable
 152:Drivers/CMSIS/Include/cmsis_gcc.h ****     for(uint32_t i=0u; i<pTable->wlen; ++i) {
 153:Drivers/CMSIS/Include/cmsis_gcc.h ****       pTable->dest[i] = pTable->src[i];
 154:Drivers/CMSIS/Include/cmsis_gcc.h ****     }
 155:Drivers/CMSIS/Include/cmsis_gcc.h ****   }
 156:Drivers/CMSIS/Include/cmsis_gcc.h **** 
 157:Drivers/CMSIS/Include/cmsis_gcc.h ****   for (__zero_table_t const* pTable = &__zero_table_start__; pTable < &__zero_table_end__; ++pTable
 158:Drivers/CMSIS/Include/cmsis_gcc.h ****     for(uint32_t i=0u; i<pTable->wlen; ++i) {
 159:Drivers/CMSIS/Include/cmsis_gcc.h ****       pTable->dest[i] = 0u;
 160:Drivers/CMSIS/Include/cmsis_gcc.h ****     }
 161:Drivers/CMSIS/Include/cmsis_gcc.h ****   }
 162:Drivers/CMSIS/Include/cmsis_gcc.h **** 
 163:Drivers/CMSIS/Include/cmsis_gcc.h ****   _start();
 164:Drivers/CMSIS/Include/cmsis_gcc.h **** }
 165:Drivers/CMSIS/Include/cmsis_gcc.h **** 
 166:Drivers/CMSIS/Include/cmsis_gcc.h **** #define __PROGRAM_START           __cmsis_start
 167:Drivers/CMSIS/Include/cmsis_gcc.h **** #endif
 168:Drivers/CMSIS/Include/cmsis_gcc.h **** 
 169:Drivers/CMSIS/Include/cmsis_gcc.h **** #ifndef __INITIAL_SP
 170:Drivers/CMSIS/Include/cmsis_gcc.h **** #define __INITIAL_SP              __StackTop
 171:Drivers/CMSIS/Include/cmsis_gcc.h **** #endif
 172:Drivers/CMSIS/Include/cmsis_gcc.h **** 
 173:Drivers/CMSIS/Include/cmsis_gcc.h **** #ifndef __STACK_LIMIT
 174:Drivers/CMSIS/Include/cmsis_gcc.h **** #define __STACK_LIMIT             __StackLimit
 175:Drivers/CMSIS/Include/cmsis_gcc.h **** #endif
 176:Drivers/CMSIS/Include/cmsis_gcc.h **** 
 177:Drivers/CMSIS/Include/cmsis_gcc.h **** #ifndef __VECTOR_TABLE
 178:Drivers/CMSIS/Include/cmsis_gcc.h **** #define __VECTOR_TABLE            __Vectors
 179:Drivers/CMSIS/Include/cmsis_gcc.h **** #endif
 180:Drivers/CMSIS/Include/cmsis_gcc.h **** 
 181:Drivers/CMSIS/Include/cmsis_gcc.h **** #ifndef __VECTOR_TABLE_ATTRIBUTE
 182:Drivers/CMSIS/Include/cmsis_gcc.h **** #define __VECTOR_TABLE_ATTRIBUTE  __attribute__((used, section(".vectors")))
ARM GAS  /var/folders/d6/h50ndp_j7xj_7552gzkj6_s40000gn/T//cctl1r8X.s 			page 45


 183:Drivers/CMSIS/Include/cmsis_gcc.h **** #endif
 184:Drivers/CMSIS/Include/cmsis_gcc.h **** 
 185:Drivers/CMSIS/Include/cmsis_gcc.h **** #if defined (__ARM_FEATURE_CMSE) && (__ARM_FEATURE_CMSE == 3U)
 186:Drivers/CMSIS/Include/cmsis_gcc.h **** #ifndef __STACK_SEAL
 187:Drivers/CMSIS/Include/cmsis_gcc.h **** #define __STACK_SEAL              __StackSeal
 188:Drivers/CMSIS/Include/cmsis_gcc.h **** #endif
 189:Drivers/CMSIS/Include/cmsis_gcc.h **** 
 190:Drivers/CMSIS/Include/cmsis_gcc.h **** #ifndef __TZ_STACK_SEAL_SIZE
 191:Drivers/CMSIS/Include/cmsis_gcc.h **** #define __TZ_STACK_SEAL_SIZE      8U
 192:Drivers/CMSIS/Include/cmsis_gcc.h **** #endif
 193:Drivers/CMSIS/Include/cmsis_gcc.h **** 
 194:Drivers/CMSIS/Include/cmsis_gcc.h **** #ifndef __TZ_STACK_SEAL_VALUE
 195:Drivers/CMSIS/Include/cmsis_gcc.h **** #define __TZ_STACK_SEAL_VALUE     0xFEF5EDA5FEF5EDA5ULL
 196:Drivers/CMSIS/Include/cmsis_gcc.h **** #endif
 197:Drivers/CMSIS/Include/cmsis_gcc.h **** 
 198:Drivers/CMSIS/Include/cmsis_gcc.h **** 
 199:Drivers/CMSIS/Include/cmsis_gcc.h **** __STATIC_FORCEINLINE void __TZ_set_STACKSEAL_S (uint32_t* stackTop) {
 200:Drivers/CMSIS/Include/cmsis_gcc.h ****   *((uint64_t *)stackTop) = __TZ_STACK_SEAL_VALUE;
 201:Drivers/CMSIS/Include/cmsis_gcc.h **** }
 202:Drivers/CMSIS/Include/cmsis_gcc.h **** #endif
 203:Drivers/CMSIS/Include/cmsis_gcc.h **** 
 204:Drivers/CMSIS/Include/cmsis_gcc.h **** 
 205:Drivers/CMSIS/Include/cmsis_gcc.h **** /* ##########################  Core Instruction Access  ######################### */
 206:Drivers/CMSIS/Include/cmsis_gcc.h **** /** \defgroup CMSIS_Core_InstructionInterface CMSIS Core Instruction Interface
 207:Drivers/CMSIS/Include/cmsis_gcc.h ****   Access to dedicated instructions
 208:Drivers/CMSIS/Include/cmsis_gcc.h ****   @{
 209:Drivers/CMSIS/Include/cmsis_gcc.h **** */
 210:Drivers/CMSIS/Include/cmsis_gcc.h **** 
 211:Drivers/CMSIS/Include/cmsis_gcc.h **** /* Define macros for porting to both thumb1 and thumb2.
 212:Drivers/CMSIS/Include/cmsis_gcc.h ****  * For thumb1, use low register (r0-r7), specified by constraint "l"
 213:Drivers/CMSIS/Include/cmsis_gcc.h ****  * Otherwise, use general registers, specified by constraint "r" */
 214:Drivers/CMSIS/Include/cmsis_gcc.h **** #if defined (__thumb__) && !defined (__thumb2__)
 215:Drivers/CMSIS/Include/cmsis_gcc.h **** #define __CMSIS_GCC_OUT_REG(r) "=l" (r)
 216:Drivers/CMSIS/Include/cmsis_gcc.h **** #define __CMSIS_GCC_RW_REG(r) "+l" (r)
 217:Drivers/CMSIS/Include/cmsis_gcc.h **** #define __CMSIS_GCC_USE_REG(r) "l" (r)
 218:Drivers/CMSIS/Include/cmsis_gcc.h **** #else
 219:Drivers/CMSIS/Include/cmsis_gcc.h **** #define __CMSIS_GCC_OUT_REG(r) "=r" (r)
 220:Drivers/CMSIS/Include/cmsis_gcc.h **** #define __CMSIS_GCC_RW_REG(r) "+r" (r)
 221:Drivers/CMSIS/Include/cmsis_gcc.h **** #define __CMSIS_GCC_USE_REG(r) "r" (r)
 222:Drivers/CMSIS/Include/cmsis_gcc.h **** #endif
 223:Drivers/CMSIS/Include/cmsis_gcc.h **** 
 224:Drivers/CMSIS/Include/cmsis_gcc.h **** /**
 225:Drivers/CMSIS/Include/cmsis_gcc.h ****   \brief   No Operation
 226:Drivers/CMSIS/Include/cmsis_gcc.h ****   \details No Operation does nothing. This instruction can be used for code alignment purposes.
 227:Drivers/CMSIS/Include/cmsis_gcc.h ****  */
 228:Drivers/CMSIS/Include/cmsis_gcc.h **** #define __NOP()                             __ASM volatile ("nop")
 229:Drivers/CMSIS/Include/cmsis_gcc.h **** 
 230:Drivers/CMSIS/Include/cmsis_gcc.h **** /**
 231:Drivers/CMSIS/Include/cmsis_gcc.h ****   \brief   Wait For Interrupt
 232:Drivers/CMSIS/Include/cmsis_gcc.h ****   \details Wait For Interrupt is a hint instruction that suspends execution until one of a number o
 233:Drivers/CMSIS/Include/cmsis_gcc.h ****  */
 234:Drivers/CMSIS/Include/cmsis_gcc.h **** #define __WFI()                             __ASM volatile ("wfi":::"memory")
 235:Drivers/CMSIS/Include/cmsis_gcc.h **** 
 236:Drivers/CMSIS/Include/cmsis_gcc.h **** 
 237:Drivers/CMSIS/Include/cmsis_gcc.h **** /**
 238:Drivers/CMSIS/Include/cmsis_gcc.h ****   \brief   Wait For Event
 239:Drivers/CMSIS/Include/cmsis_gcc.h ****   \details Wait For Event is a hint instruction that permits the processor to enter
ARM GAS  /var/folders/d6/h50ndp_j7xj_7552gzkj6_s40000gn/T//cctl1r8X.s 			page 46


 240:Drivers/CMSIS/Include/cmsis_gcc.h ****            a low-power state until one of a number of events occurs.
 241:Drivers/CMSIS/Include/cmsis_gcc.h ****  */
 242:Drivers/CMSIS/Include/cmsis_gcc.h **** #define __WFE()                             __ASM volatile ("wfe":::"memory")
 243:Drivers/CMSIS/Include/cmsis_gcc.h **** 
 244:Drivers/CMSIS/Include/cmsis_gcc.h **** 
 245:Drivers/CMSIS/Include/cmsis_gcc.h **** /**
 246:Drivers/CMSIS/Include/cmsis_gcc.h ****   \brief   Send Event
 247:Drivers/CMSIS/Include/cmsis_gcc.h ****   \details Send Event is a hint instruction. It causes an event to be signaled to the CPU.
 248:Drivers/CMSIS/Include/cmsis_gcc.h ****  */
 249:Drivers/CMSIS/Include/cmsis_gcc.h **** #define __SEV()                             __ASM volatile ("sev")
 250:Drivers/CMSIS/Include/cmsis_gcc.h **** 
 251:Drivers/CMSIS/Include/cmsis_gcc.h **** 
 252:Drivers/CMSIS/Include/cmsis_gcc.h **** /**
 253:Drivers/CMSIS/Include/cmsis_gcc.h ****   \brief   Instruction Synchronization Barrier
 254:Drivers/CMSIS/Include/cmsis_gcc.h ****   \details Instruction Synchronization Barrier flushes the pipeline in the processor,
 255:Drivers/CMSIS/Include/cmsis_gcc.h ****            so that all instructions following the ISB are fetched from cache or memory,
 256:Drivers/CMSIS/Include/cmsis_gcc.h ****            after the instruction has been completed.
 257:Drivers/CMSIS/Include/cmsis_gcc.h ****  */
 258:Drivers/CMSIS/Include/cmsis_gcc.h **** __STATIC_FORCEINLINE void __ISB(void)
 259:Drivers/CMSIS/Include/cmsis_gcc.h **** {
 260:Drivers/CMSIS/Include/cmsis_gcc.h ****   __ASM volatile ("isb 0xF":::"memory");
 261:Drivers/CMSIS/Include/cmsis_gcc.h **** }
 262:Drivers/CMSIS/Include/cmsis_gcc.h **** 
 263:Drivers/CMSIS/Include/cmsis_gcc.h **** 
 264:Drivers/CMSIS/Include/cmsis_gcc.h **** /**
 265:Drivers/CMSIS/Include/cmsis_gcc.h ****   \brief   Data Synchronization Barrier
 266:Drivers/CMSIS/Include/cmsis_gcc.h ****   \details Acts as a special kind of Data Memory Barrier.
 267:Drivers/CMSIS/Include/cmsis_gcc.h ****            It completes when all explicit memory accesses before this instruction complete.
 268:Drivers/CMSIS/Include/cmsis_gcc.h ****  */
 269:Drivers/CMSIS/Include/cmsis_gcc.h **** __STATIC_FORCEINLINE void __DSB(void)
 270:Drivers/CMSIS/Include/cmsis_gcc.h **** {
 271:Drivers/CMSIS/Include/cmsis_gcc.h ****   __ASM volatile ("dsb 0xF":::"memory");
 272:Drivers/CMSIS/Include/cmsis_gcc.h **** }
 273:Drivers/CMSIS/Include/cmsis_gcc.h **** 
 274:Drivers/CMSIS/Include/cmsis_gcc.h **** 
 275:Drivers/CMSIS/Include/cmsis_gcc.h **** /**
 276:Drivers/CMSIS/Include/cmsis_gcc.h ****   \brief   Data Memory Barrier
 277:Drivers/CMSIS/Include/cmsis_gcc.h ****   \details Ensures the apparent order of the explicit memory operations before
 278:Drivers/CMSIS/Include/cmsis_gcc.h ****            and after the instruction, without ensuring their completion.
 279:Drivers/CMSIS/Include/cmsis_gcc.h ****  */
 280:Drivers/CMSIS/Include/cmsis_gcc.h **** __STATIC_FORCEINLINE void __DMB(void)
 281:Drivers/CMSIS/Include/cmsis_gcc.h **** {
 282:Drivers/CMSIS/Include/cmsis_gcc.h ****   __ASM volatile ("dmb 0xF":::"memory");
 283:Drivers/CMSIS/Include/cmsis_gcc.h **** }
 284:Drivers/CMSIS/Include/cmsis_gcc.h **** 
 285:Drivers/CMSIS/Include/cmsis_gcc.h **** 
 286:Drivers/CMSIS/Include/cmsis_gcc.h **** /**
 287:Drivers/CMSIS/Include/cmsis_gcc.h ****   \brief   Reverse byte order (32 bit)
 288:Drivers/CMSIS/Include/cmsis_gcc.h ****   \details Reverses the byte order in unsigned integer value. For example, 0x12345678 becomes 0x785
 289:Drivers/CMSIS/Include/cmsis_gcc.h ****   \param [in]    value  Value to reverse
 290:Drivers/CMSIS/Include/cmsis_gcc.h ****   \return               Reversed value
 291:Drivers/CMSIS/Include/cmsis_gcc.h ****  */
 292:Drivers/CMSIS/Include/cmsis_gcc.h **** __STATIC_FORCEINLINE uint32_t __REV(uint32_t value)
 293:Drivers/CMSIS/Include/cmsis_gcc.h **** {
 294:Drivers/CMSIS/Include/cmsis_gcc.h **** #if (__GNUC__ > 4) || (__GNUC__ == 4 && __GNUC_MINOR__ >= 5)
 295:Drivers/CMSIS/Include/cmsis_gcc.h ****   return __builtin_bswap32(value);
 296:Drivers/CMSIS/Include/cmsis_gcc.h **** #else
ARM GAS  /var/folders/d6/h50ndp_j7xj_7552gzkj6_s40000gn/T//cctl1r8X.s 			page 47


 297:Drivers/CMSIS/Include/cmsis_gcc.h ****   uint32_t result;
 298:Drivers/CMSIS/Include/cmsis_gcc.h **** 
 299:Drivers/CMSIS/Include/cmsis_gcc.h ****   __ASM ("rev %0, %1" : __CMSIS_GCC_OUT_REG (result) : __CMSIS_GCC_USE_REG (value) );
 300:Drivers/CMSIS/Include/cmsis_gcc.h ****   return result;
 301:Drivers/CMSIS/Include/cmsis_gcc.h **** #endif
 302:Drivers/CMSIS/Include/cmsis_gcc.h **** }
 303:Drivers/CMSIS/Include/cmsis_gcc.h **** 
 304:Drivers/CMSIS/Include/cmsis_gcc.h **** 
 305:Drivers/CMSIS/Include/cmsis_gcc.h **** /**
 306:Drivers/CMSIS/Include/cmsis_gcc.h ****   \brief   Reverse byte order (16 bit)
 307:Drivers/CMSIS/Include/cmsis_gcc.h ****   \details Reverses the byte order within each halfword of a word. For example, 0x12345678 becomes 
 308:Drivers/CMSIS/Include/cmsis_gcc.h ****   \param [in]    value  Value to reverse
 309:Drivers/CMSIS/Include/cmsis_gcc.h ****   \return               Reversed value
 310:Drivers/CMSIS/Include/cmsis_gcc.h ****  */
 311:Drivers/CMSIS/Include/cmsis_gcc.h **** __STATIC_FORCEINLINE uint32_t __REV16(uint32_t value)
 312:Drivers/CMSIS/Include/cmsis_gcc.h **** {
 313:Drivers/CMSIS/Include/cmsis_gcc.h ****   uint32_t result;
 314:Drivers/CMSIS/Include/cmsis_gcc.h **** 
 315:Drivers/CMSIS/Include/cmsis_gcc.h ****   __ASM ("rev16 %0, %1" : __CMSIS_GCC_OUT_REG (result) : __CMSIS_GCC_USE_REG (value) );
 316:Drivers/CMSIS/Include/cmsis_gcc.h ****   return result;
 317:Drivers/CMSIS/Include/cmsis_gcc.h **** }
 318:Drivers/CMSIS/Include/cmsis_gcc.h **** 
 319:Drivers/CMSIS/Include/cmsis_gcc.h **** 
 320:Drivers/CMSIS/Include/cmsis_gcc.h **** /**
 321:Drivers/CMSIS/Include/cmsis_gcc.h ****   \brief   Reverse byte order (16 bit)
 322:Drivers/CMSIS/Include/cmsis_gcc.h ****   \details Reverses the byte order in a 16-bit value and returns the signed 16-bit result. For exam
 323:Drivers/CMSIS/Include/cmsis_gcc.h ****   \param [in]    value  Value to reverse
 324:Drivers/CMSIS/Include/cmsis_gcc.h ****   \return               Reversed value
 325:Drivers/CMSIS/Include/cmsis_gcc.h ****  */
 326:Drivers/CMSIS/Include/cmsis_gcc.h **** __STATIC_FORCEINLINE int16_t __REVSH(int16_t value)
 327:Drivers/CMSIS/Include/cmsis_gcc.h **** {
 328:Drivers/CMSIS/Include/cmsis_gcc.h **** #if (__GNUC__ > 4) || (__GNUC__ == 4 && __GNUC_MINOR__ >= 8)
 329:Drivers/CMSIS/Include/cmsis_gcc.h ****   return (int16_t)__builtin_bswap16(value);
 330:Drivers/CMSIS/Include/cmsis_gcc.h **** #else
 331:Drivers/CMSIS/Include/cmsis_gcc.h ****   int16_t result;
 332:Drivers/CMSIS/Include/cmsis_gcc.h **** 
 333:Drivers/CMSIS/Include/cmsis_gcc.h ****   __ASM ("revsh %0, %1" : __CMSIS_GCC_OUT_REG (result) : __CMSIS_GCC_USE_REG (value) );
 334:Drivers/CMSIS/Include/cmsis_gcc.h ****   return result;
 335:Drivers/CMSIS/Include/cmsis_gcc.h **** #endif
 336:Drivers/CMSIS/Include/cmsis_gcc.h **** }
 337:Drivers/CMSIS/Include/cmsis_gcc.h **** 
 338:Drivers/CMSIS/Include/cmsis_gcc.h **** 
 339:Drivers/CMSIS/Include/cmsis_gcc.h **** /**
 340:Drivers/CMSIS/Include/cmsis_gcc.h ****   \brief   Rotate Right in unsigned value (32 bit)
 341:Drivers/CMSIS/Include/cmsis_gcc.h ****   \details Rotate Right (immediate) provides the value of the contents of a register rotated by a v
 342:Drivers/CMSIS/Include/cmsis_gcc.h ****   \param [in]    op1  Value to rotate
 343:Drivers/CMSIS/Include/cmsis_gcc.h ****   \param [in]    op2  Number of Bits to rotate
 344:Drivers/CMSIS/Include/cmsis_gcc.h ****   \return               Rotated value
 345:Drivers/CMSIS/Include/cmsis_gcc.h ****  */
 346:Drivers/CMSIS/Include/cmsis_gcc.h **** __STATIC_FORCEINLINE uint32_t __ROR(uint32_t op1, uint32_t op2)
 347:Drivers/CMSIS/Include/cmsis_gcc.h **** {
 348:Drivers/CMSIS/Include/cmsis_gcc.h ****   op2 %= 32U;
 349:Drivers/CMSIS/Include/cmsis_gcc.h ****   if (op2 == 0U)
 350:Drivers/CMSIS/Include/cmsis_gcc.h ****   {
 351:Drivers/CMSIS/Include/cmsis_gcc.h ****     return op1;
 352:Drivers/CMSIS/Include/cmsis_gcc.h ****   }
 353:Drivers/CMSIS/Include/cmsis_gcc.h ****   return (op1 >> op2) | (op1 << (32U - op2));
ARM GAS  /var/folders/d6/h50ndp_j7xj_7552gzkj6_s40000gn/T//cctl1r8X.s 			page 48


 354:Drivers/CMSIS/Include/cmsis_gcc.h **** }
 355:Drivers/CMSIS/Include/cmsis_gcc.h **** 
 356:Drivers/CMSIS/Include/cmsis_gcc.h **** 
 357:Drivers/CMSIS/Include/cmsis_gcc.h **** /**
 358:Drivers/CMSIS/Include/cmsis_gcc.h ****   \brief   Breakpoint
 359:Drivers/CMSIS/Include/cmsis_gcc.h ****   \details Causes the processor to enter Debug state.
 360:Drivers/CMSIS/Include/cmsis_gcc.h ****            Debug tools can use this to investigate system state when the instruction at a particula
 361:Drivers/CMSIS/Include/cmsis_gcc.h ****   \param [in]    value  is ignored by the processor.
 362:Drivers/CMSIS/Include/cmsis_gcc.h ****                  If required, a debugger can use it to store additional information about the break
 363:Drivers/CMSIS/Include/cmsis_gcc.h ****  */
 364:Drivers/CMSIS/Include/cmsis_gcc.h **** #define __BKPT(value)                       __ASM volatile ("bkpt "#value)
 365:Drivers/CMSIS/Include/cmsis_gcc.h **** 
 366:Drivers/CMSIS/Include/cmsis_gcc.h **** 
 367:Drivers/CMSIS/Include/cmsis_gcc.h **** /**
 368:Drivers/CMSIS/Include/cmsis_gcc.h ****   \brief   Reverse bit order of value
 369:Drivers/CMSIS/Include/cmsis_gcc.h ****   \details Reverses the bit order of the given value.
 370:Drivers/CMSIS/Include/cmsis_gcc.h ****   \param [in]    value  Value to reverse
 371:Drivers/CMSIS/Include/cmsis_gcc.h ****   \return               Reversed value
 372:Drivers/CMSIS/Include/cmsis_gcc.h ****  */
 373:Drivers/CMSIS/Include/cmsis_gcc.h **** __STATIC_FORCEINLINE uint32_t __RBIT(uint32_t value)
 374:Drivers/CMSIS/Include/cmsis_gcc.h **** {
 375:Drivers/CMSIS/Include/cmsis_gcc.h ****   uint32_t result;
 376:Drivers/CMSIS/Include/cmsis_gcc.h **** 
 377:Drivers/CMSIS/Include/cmsis_gcc.h **** #if ((defined (__ARM_ARCH_7M__      ) && (__ARM_ARCH_7M__      == 1)) || \
 378:Drivers/CMSIS/Include/cmsis_gcc.h ****      (defined (__ARM_ARCH_7EM__     ) && (__ARM_ARCH_7EM__     == 1)) || \
 379:Drivers/CMSIS/Include/cmsis_gcc.h ****      (defined (__ARM_ARCH_8M_MAIN__ ) && (__ARM_ARCH_8M_MAIN__ == 1))    )
 380:Drivers/CMSIS/Include/cmsis_gcc.h ****    __ASM ("rbit %0, %1" : "=r" (result) : "r" (value) );
 381:Drivers/CMSIS/Include/cmsis_gcc.h **** #else
 382:Drivers/CMSIS/Include/cmsis_gcc.h ****   uint32_t s = (4U /*sizeof(v)*/ * 8U) - 1U; /* extra shift needed at end */
 383:Drivers/CMSIS/Include/cmsis_gcc.h **** 
 384:Drivers/CMSIS/Include/cmsis_gcc.h ****   result = value;                      /* r will be reversed bits of v; first get LSB of v */
 385:Drivers/CMSIS/Include/cmsis_gcc.h ****   for (value >>= 1U; value != 0U; value >>= 1U)
 386:Drivers/CMSIS/Include/cmsis_gcc.h ****   {
 387:Drivers/CMSIS/Include/cmsis_gcc.h ****     result <<= 1U;
 388:Drivers/CMSIS/Include/cmsis_gcc.h ****     result |= value & 1U;
 389:Drivers/CMSIS/Include/cmsis_gcc.h ****     s--;
 390:Drivers/CMSIS/Include/cmsis_gcc.h ****   }
 391:Drivers/CMSIS/Include/cmsis_gcc.h ****   result <<= s;                        /* shift when v's highest bits are zero */
 392:Drivers/CMSIS/Include/cmsis_gcc.h **** #endif
 393:Drivers/CMSIS/Include/cmsis_gcc.h ****   return result;
 394:Drivers/CMSIS/Include/cmsis_gcc.h **** }
 395:Drivers/CMSIS/Include/cmsis_gcc.h **** 
 396:Drivers/CMSIS/Include/cmsis_gcc.h **** 
 397:Drivers/CMSIS/Include/cmsis_gcc.h **** /**
 398:Drivers/CMSIS/Include/cmsis_gcc.h ****   \brief   Count leading zeros
 399:Drivers/CMSIS/Include/cmsis_gcc.h ****   \details Counts the number of leading zeros of a data value.
 400:Drivers/CMSIS/Include/cmsis_gcc.h ****   \param [in]  value  Value to count the leading zeros
 401:Drivers/CMSIS/Include/cmsis_gcc.h ****   \return             number of leading zeros in value
 402:Drivers/CMSIS/Include/cmsis_gcc.h ****  */
 403:Drivers/CMSIS/Include/cmsis_gcc.h **** __STATIC_FORCEINLINE uint8_t __CLZ(uint32_t value)
 404:Drivers/CMSIS/Include/cmsis_gcc.h **** {
 405:Drivers/CMSIS/Include/cmsis_gcc.h ****   /* Even though __builtin_clz produces a CLZ instruction on ARM, formally
 406:Drivers/CMSIS/Include/cmsis_gcc.h ****      __builtin_clz(0) is undefined behaviour, so handle this case specially.
 407:Drivers/CMSIS/Include/cmsis_gcc.h ****      This guarantees ARM-compatible results if happening to compile on a non-ARM
 408:Drivers/CMSIS/Include/cmsis_gcc.h ****      target, and ensures the compiler doesn't decide to activate any
 409:Drivers/CMSIS/Include/cmsis_gcc.h ****      optimisations using the logic "value was passed to __builtin_clz, so it
 410:Drivers/CMSIS/Include/cmsis_gcc.h ****      is non-zero".
ARM GAS  /var/folders/d6/h50ndp_j7xj_7552gzkj6_s40000gn/T//cctl1r8X.s 			page 49


 411:Drivers/CMSIS/Include/cmsis_gcc.h ****      ARM GCC 7.3 and possibly earlier will optimise this test away, leaving a
 412:Drivers/CMSIS/Include/cmsis_gcc.h ****      single CLZ instruction.
 413:Drivers/CMSIS/Include/cmsis_gcc.h ****    */
 414:Drivers/CMSIS/Include/cmsis_gcc.h ****   if (value == 0U)
 415:Drivers/CMSIS/Include/cmsis_gcc.h ****   {
 416:Drivers/CMSIS/Include/cmsis_gcc.h ****     return 32U;
 417:Drivers/CMSIS/Include/cmsis_gcc.h ****   }
 418:Drivers/CMSIS/Include/cmsis_gcc.h ****   return __builtin_clz(value);
 419:Drivers/CMSIS/Include/cmsis_gcc.h **** }
 420:Drivers/CMSIS/Include/cmsis_gcc.h **** 
 421:Drivers/CMSIS/Include/cmsis_gcc.h **** 
 422:Drivers/CMSIS/Include/cmsis_gcc.h **** #if ((defined (__ARM_ARCH_7M__      ) && (__ARM_ARCH_7M__      == 1)) || \
 423:Drivers/CMSIS/Include/cmsis_gcc.h ****      (defined (__ARM_ARCH_7EM__     ) && (__ARM_ARCH_7EM__     == 1)) || \
 424:Drivers/CMSIS/Include/cmsis_gcc.h ****      (defined (__ARM_ARCH_8M_MAIN__ ) && (__ARM_ARCH_8M_MAIN__ == 1)) || \
 425:Drivers/CMSIS/Include/cmsis_gcc.h ****      (defined (__ARM_ARCH_8M_BASE__ ) && (__ARM_ARCH_8M_BASE__ == 1))    )
 426:Drivers/CMSIS/Include/cmsis_gcc.h **** /**
 427:Drivers/CMSIS/Include/cmsis_gcc.h ****   \brief   LDR Exclusive (8 bit)
 428:Drivers/CMSIS/Include/cmsis_gcc.h ****   \details Executes a exclusive LDR instruction for 8 bit value.
 429:Drivers/CMSIS/Include/cmsis_gcc.h ****   \param [in]    ptr  Pointer to data
 430:Drivers/CMSIS/Include/cmsis_gcc.h ****   \return             value of type uint8_t at (*ptr)
 431:Drivers/CMSIS/Include/cmsis_gcc.h ****  */
 432:Drivers/CMSIS/Include/cmsis_gcc.h **** __STATIC_FORCEINLINE uint8_t __LDREXB(volatile uint8_t *addr)
 433:Drivers/CMSIS/Include/cmsis_gcc.h **** {
 434:Drivers/CMSIS/Include/cmsis_gcc.h ****     uint32_t result;
 435:Drivers/CMSIS/Include/cmsis_gcc.h **** 
 436:Drivers/CMSIS/Include/cmsis_gcc.h **** #if (__GNUC__ > 4) || (__GNUC__ == 4 && __GNUC_MINOR__ >= 8)
 437:Drivers/CMSIS/Include/cmsis_gcc.h ****    __ASM volatile ("ldrexb %0, %1" : "=r" (result) : "Q" (*addr) );
 438:Drivers/CMSIS/Include/cmsis_gcc.h **** #else
 439:Drivers/CMSIS/Include/cmsis_gcc.h ****     /* Prior to GCC 4.8, "Q" will be expanded to [rx, #0] which is not
 440:Drivers/CMSIS/Include/cmsis_gcc.h ****        accepted by assembler. So has to use following less efficient pattern.
 441:Drivers/CMSIS/Include/cmsis_gcc.h ****     */
 442:Drivers/CMSIS/Include/cmsis_gcc.h ****    __ASM volatile ("ldrexb %0, [%1]" : "=r" (result) : "r" (addr) : "memory" );
 443:Drivers/CMSIS/Include/cmsis_gcc.h **** #endif
 444:Drivers/CMSIS/Include/cmsis_gcc.h ****    return ((uint8_t) result);    /* Add explicit type cast here */
 445:Drivers/CMSIS/Include/cmsis_gcc.h **** }
 446:Drivers/CMSIS/Include/cmsis_gcc.h **** 
 447:Drivers/CMSIS/Include/cmsis_gcc.h **** 
 448:Drivers/CMSIS/Include/cmsis_gcc.h **** /**
 449:Drivers/CMSIS/Include/cmsis_gcc.h ****   \brief   LDR Exclusive (16 bit)
 450:Drivers/CMSIS/Include/cmsis_gcc.h ****   \details Executes a exclusive LDR instruction for 16 bit values.
 451:Drivers/CMSIS/Include/cmsis_gcc.h ****   \param [in]    ptr  Pointer to data
 452:Drivers/CMSIS/Include/cmsis_gcc.h ****   \return        value of type uint16_t at (*ptr)
 453:Drivers/CMSIS/Include/cmsis_gcc.h ****  */
 454:Drivers/CMSIS/Include/cmsis_gcc.h **** __STATIC_FORCEINLINE uint16_t __LDREXH(volatile uint16_t *addr)
 455:Drivers/CMSIS/Include/cmsis_gcc.h **** {
 456:Drivers/CMSIS/Include/cmsis_gcc.h ****     uint32_t result;
 457:Drivers/CMSIS/Include/cmsis_gcc.h **** 
 458:Drivers/CMSIS/Include/cmsis_gcc.h **** #if (__GNUC__ > 4) || (__GNUC__ == 4 && __GNUC_MINOR__ >= 8)
 459:Drivers/CMSIS/Include/cmsis_gcc.h ****    __ASM volatile ("ldrexh %0, %1" : "=r" (result) : "Q" (*addr) );
 460:Drivers/CMSIS/Include/cmsis_gcc.h **** #else
 461:Drivers/CMSIS/Include/cmsis_gcc.h ****     /* Prior to GCC 4.8, "Q" will be expanded to [rx, #0] which is not
 462:Drivers/CMSIS/Include/cmsis_gcc.h ****        accepted by assembler. So has to use following less efficient pattern.
 463:Drivers/CMSIS/Include/cmsis_gcc.h ****     */
 464:Drivers/CMSIS/Include/cmsis_gcc.h ****    __ASM volatile ("ldrexh %0, [%1]" : "=r" (result) : "r" (addr) : "memory" );
 465:Drivers/CMSIS/Include/cmsis_gcc.h **** #endif
 466:Drivers/CMSIS/Include/cmsis_gcc.h ****    return ((uint16_t) result);    /* Add explicit type cast here */
 467:Drivers/CMSIS/Include/cmsis_gcc.h **** }
ARM GAS  /var/folders/d6/h50ndp_j7xj_7552gzkj6_s40000gn/T//cctl1r8X.s 			page 50


 468:Drivers/CMSIS/Include/cmsis_gcc.h **** 
 469:Drivers/CMSIS/Include/cmsis_gcc.h **** 
 470:Drivers/CMSIS/Include/cmsis_gcc.h **** /**
 471:Drivers/CMSIS/Include/cmsis_gcc.h ****   \brief   LDR Exclusive (32 bit)
 472:Drivers/CMSIS/Include/cmsis_gcc.h ****   \details Executes a exclusive LDR instruction for 32 bit values.
 473:Drivers/CMSIS/Include/cmsis_gcc.h ****   \param [in]    ptr  Pointer to data
 474:Drivers/CMSIS/Include/cmsis_gcc.h ****   \return        value of type uint32_t at (*ptr)
 475:Drivers/CMSIS/Include/cmsis_gcc.h ****  */
 476:Drivers/CMSIS/Include/cmsis_gcc.h **** __STATIC_FORCEINLINE uint32_t __LDREXW(volatile uint32_t *addr)
 477:Drivers/CMSIS/Include/cmsis_gcc.h **** {
 478:Drivers/CMSIS/Include/cmsis_gcc.h ****     uint32_t result;
 479:Drivers/CMSIS/Include/cmsis_gcc.h **** 
 480:Drivers/CMSIS/Include/cmsis_gcc.h ****    __ASM volatile ("ldrex %0, %1" : "=r" (result) : "Q" (*addr) );
 481:Drivers/CMSIS/Include/cmsis_gcc.h ****    return(result);
 482:Drivers/CMSIS/Include/cmsis_gcc.h **** }
 483:Drivers/CMSIS/Include/cmsis_gcc.h **** 
 484:Drivers/CMSIS/Include/cmsis_gcc.h **** 
 485:Drivers/CMSIS/Include/cmsis_gcc.h **** /**
 486:Drivers/CMSIS/Include/cmsis_gcc.h ****   \brief   STR Exclusive (8 bit)
 487:Drivers/CMSIS/Include/cmsis_gcc.h ****   \details Executes a exclusive STR instruction for 8 bit values.
 488:Drivers/CMSIS/Include/cmsis_gcc.h ****   \param [in]  value  Value to store
 489:Drivers/CMSIS/Include/cmsis_gcc.h ****   \param [in]    ptr  Pointer to location
 490:Drivers/CMSIS/Include/cmsis_gcc.h ****   \return          0  Function succeeded
 491:Drivers/CMSIS/Include/cmsis_gcc.h ****   \return          1  Function failed
 492:Drivers/CMSIS/Include/cmsis_gcc.h ****  */
 493:Drivers/CMSIS/Include/cmsis_gcc.h **** __STATIC_FORCEINLINE uint32_t __STREXB(uint8_t value, volatile uint8_t *addr)
 494:Drivers/CMSIS/Include/cmsis_gcc.h **** {
 495:Drivers/CMSIS/Include/cmsis_gcc.h ****    uint32_t result;
 496:Drivers/CMSIS/Include/cmsis_gcc.h **** 
 497:Drivers/CMSIS/Include/cmsis_gcc.h ****    __ASM volatile ("strexb %0, %2, %1" : "=&r" (result), "=Q" (*addr) : "r" ((uint32_t)value) );
 498:Drivers/CMSIS/Include/cmsis_gcc.h ****    return(result);
 499:Drivers/CMSIS/Include/cmsis_gcc.h **** }
 500:Drivers/CMSIS/Include/cmsis_gcc.h **** 
 501:Drivers/CMSIS/Include/cmsis_gcc.h **** 
 502:Drivers/CMSIS/Include/cmsis_gcc.h **** /**
 503:Drivers/CMSIS/Include/cmsis_gcc.h ****   \brief   STR Exclusive (16 bit)
 504:Drivers/CMSIS/Include/cmsis_gcc.h ****   \details Executes a exclusive STR instruction for 16 bit values.
 505:Drivers/CMSIS/Include/cmsis_gcc.h ****   \param [in]  value  Value to store
 506:Drivers/CMSIS/Include/cmsis_gcc.h ****   \param [in]    ptr  Pointer to location
 507:Drivers/CMSIS/Include/cmsis_gcc.h ****   \return          0  Function succeeded
 508:Drivers/CMSIS/Include/cmsis_gcc.h ****   \return          1  Function failed
 509:Drivers/CMSIS/Include/cmsis_gcc.h ****  */
 510:Drivers/CMSIS/Include/cmsis_gcc.h **** __STATIC_FORCEINLINE uint32_t __STREXH(uint16_t value, volatile uint16_t *addr)
 511:Drivers/CMSIS/Include/cmsis_gcc.h **** {
 512:Drivers/CMSIS/Include/cmsis_gcc.h ****    uint32_t result;
 513:Drivers/CMSIS/Include/cmsis_gcc.h **** 
 514:Drivers/CMSIS/Include/cmsis_gcc.h ****    __ASM volatile ("strexh %0, %2, %1" : "=&r" (result), "=Q" (*addr) : "r" ((uint32_t)value) );
 515:Drivers/CMSIS/Include/cmsis_gcc.h ****    return(result);
 516:Drivers/CMSIS/Include/cmsis_gcc.h **** }
 517:Drivers/CMSIS/Include/cmsis_gcc.h **** 
 518:Drivers/CMSIS/Include/cmsis_gcc.h **** 
 519:Drivers/CMSIS/Include/cmsis_gcc.h **** /**
 520:Drivers/CMSIS/Include/cmsis_gcc.h ****   \brief   STR Exclusive (32 bit)
 521:Drivers/CMSIS/Include/cmsis_gcc.h ****   \details Executes a exclusive STR instruction for 32 bit values.
 522:Drivers/CMSIS/Include/cmsis_gcc.h ****   \param [in]  value  Value to store
 523:Drivers/CMSIS/Include/cmsis_gcc.h ****   \param [in]    ptr  Pointer to location
 524:Drivers/CMSIS/Include/cmsis_gcc.h ****   \return          0  Function succeeded
ARM GAS  /var/folders/d6/h50ndp_j7xj_7552gzkj6_s40000gn/T//cctl1r8X.s 			page 51


 525:Drivers/CMSIS/Include/cmsis_gcc.h ****   \return          1  Function failed
 526:Drivers/CMSIS/Include/cmsis_gcc.h ****  */
 527:Drivers/CMSIS/Include/cmsis_gcc.h **** __STATIC_FORCEINLINE uint32_t __STREXW(uint32_t value, volatile uint32_t *addr)
 528:Drivers/CMSIS/Include/cmsis_gcc.h **** {
 529:Drivers/CMSIS/Include/cmsis_gcc.h ****    uint32_t result;
 530:Drivers/CMSIS/Include/cmsis_gcc.h **** 
 531:Drivers/CMSIS/Include/cmsis_gcc.h ****    __ASM volatile ("strex %0, %2, %1" : "=&r" (result), "=Q" (*addr) : "r" (value) );
 532:Drivers/CMSIS/Include/cmsis_gcc.h ****    return(result);
 533:Drivers/CMSIS/Include/cmsis_gcc.h **** }
 534:Drivers/CMSIS/Include/cmsis_gcc.h **** 
 535:Drivers/CMSIS/Include/cmsis_gcc.h **** 
 536:Drivers/CMSIS/Include/cmsis_gcc.h **** /**
 537:Drivers/CMSIS/Include/cmsis_gcc.h ****   \brief   Remove the exclusive lock
 538:Drivers/CMSIS/Include/cmsis_gcc.h ****   \details Removes the exclusive lock which is created by LDREX.
 539:Drivers/CMSIS/Include/cmsis_gcc.h ****  */
 540:Drivers/CMSIS/Include/cmsis_gcc.h **** __STATIC_FORCEINLINE void __CLREX(void)
 541:Drivers/CMSIS/Include/cmsis_gcc.h **** {
 542:Drivers/CMSIS/Include/cmsis_gcc.h ****   __ASM volatile ("clrex" ::: "memory");
 543:Drivers/CMSIS/Include/cmsis_gcc.h **** }
 544:Drivers/CMSIS/Include/cmsis_gcc.h **** 
 545:Drivers/CMSIS/Include/cmsis_gcc.h **** #endif /* ((defined (__ARM_ARCH_7M__      ) && (__ARM_ARCH_7M__      == 1)) || \
 546:Drivers/CMSIS/Include/cmsis_gcc.h ****            (defined (__ARM_ARCH_7EM__     ) && (__ARM_ARCH_7EM__     == 1)) || \
 547:Drivers/CMSIS/Include/cmsis_gcc.h ****            (defined (__ARM_ARCH_8M_MAIN__ ) && (__ARM_ARCH_8M_MAIN__ == 1)) || \
 548:Drivers/CMSIS/Include/cmsis_gcc.h ****            (defined (__ARM_ARCH_8M_BASE__ ) && (__ARM_ARCH_8M_BASE__ == 1))    ) */
 549:Drivers/CMSIS/Include/cmsis_gcc.h **** 
 550:Drivers/CMSIS/Include/cmsis_gcc.h **** 
 551:Drivers/CMSIS/Include/cmsis_gcc.h **** #if ((defined (__ARM_ARCH_7M__      ) && (__ARM_ARCH_7M__      == 1)) || \
 552:Drivers/CMSIS/Include/cmsis_gcc.h ****      (defined (__ARM_ARCH_7EM__     ) && (__ARM_ARCH_7EM__     == 1)) || \
 553:Drivers/CMSIS/Include/cmsis_gcc.h ****      (defined (__ARM_ARCH_8M_MAIN__ ) && (__ARM_ARCH_8M_MAIN__ == 1))    )
 554:Drivers/CMSIS/Include/cmsis_gcc.h **** /**
 555:Drivers/CMSIS/Include/cmsis_gcc.h ****   \brief   Signed Saturate
 556:Drivers/CMSIS/Include/cmsis_gcc.h ****   \details Saturates a signed value.
 557:Drivers/CMSIS/Include/cmsis_gcc.h ****   \param [in]  ARG1  Value to be saturated
 558:Drivers/CMSIS/Include/cmsis_gcc.h ****   \param [in]  ARG2  Bit position to saturate to (1..32)
 559:Drivers/CMSIS/Include/cmsis_gcc.h ****   \return             Saturated value
 560:Drivers/CMSIS/Include/cmsis_gcc.h ****  */
 561:Drivers/CMSIS/Include/cmsis_gcc.h **** #define __SSAT(ARG1, ARG2) \
 562:Drivers/CMSIS/Include/cmsis_gcc.h **** __extension__ \
 563:Drivers/CMSIS/Include/cmsis_gcc.h **** ({                          \
 564:Drivers/CMSIS/Include/cmsis_gcc.h ****   int32_t __RES, __ARG1 = (ARG1); \
 565:Drivers/CMSIS/Include/cmsis_gcc.h ****   __ASM volatile ("ssat %0, %1, %2" : "=r" (__RES) :  "I" (ARG2), "r" (__ARG1) : "cc" ); \
 566:Drivers/CMSIS/Include/cmsis_gcc.h ****   __RES; \
 567:Drivers/CMSIS/Include/cmsis_gcc.h ****  })
 568:Drivers/CMSIS/Include/cmsis_gcc.h **** 
 569:Drivers/CMSIS/Include/cmsis_gcc.h **** 
 570:Drivers/CMSIS/Include/cmsis_gcc.h **** /**
 571:Drivers/CMSIS/Include/cmsis_gcc.h ****   \brief   Unsigned Saturate
 572:Drivers/CMSIS/Include/cmsis_gcc.h ****   \details Saturates an unsigned value.
 573:Drivers/CMSIS/Include/cmsis_gcc.h ****   \param [in]  ARG1  Value to be saturated
 574:Drivers/CMSIS/Include/cmsis_gcc.h ****   \param [in]  ARG2  Bit position to saturate to (0..31)
 575:Drivers/CMSIS/Include/cmsis_gcc.h ****   \return             Saturated value
 576:Drivers/CMSIS/Include/cmsis_gcc.h ****  */
 577:Drivers/CMSIS/Include/cmsis_gcc.h **** #define __USAT(ARG1, ARG2) \
 578:Drivers/CMSIS/Include/cmsis_gcc.h **** __extension__ \
 579:Drivers/CMSIS/Include/cmsis_gcc.h **** ({                          \
 580:Drivers/CMSIS/Include/cmsis_gcc.h ****   uint32_t __RES, __ARG1 = (ARG1); \
 581:Drivers/CMSIS/Include/cmsis_gcc.h ****   __ASM volatile ("usat %0, %1, %2" : "=r" (__RES) :  "I" (ARG2), "r" (__ARG1) : "cc" ); \
ARM GAS  /var/folders/d6/h50ndp_j7xj_7552gzkj6_s40000gn/T//cctl1r8X.s 			page 52


 582:Drivers/CMSIS/Include/cmsis_gcc.h ****   __RES; \
 583:Drivers/CMSIS/Include/cmsis_gcc.h ****  })
 584:Drivers/CMSIS/Include/cmsis_gcc.h **** 
 585:Drivers/CMSIS/Include/cmsis_gcc.h **** 
 586:Drivers/CMSIS/Include/cmsis_gcc.h **** /**
 587:Drivers/CMSIS/Include/cmsis_gcc.h ****   \brief   Rotate Right with Extend (32 bit)
 588:Drivers/CMSIS/Include/cmsis_gcc.h ****   \details Moves each bit of a bitstring right by one bit.
 589:Drivers/CMSIS/Include/cmsis_gcc.h ****            The carry input is shifted in at the left end of the bitstring.
 590:Drivers/CMSIS/Include/cmsis_gcc.h ****   \param [in]    value  Value to rotate
 591:Drivers/CMSIS/Include/cmsis_gcc.h ****   \return               Rotated value
 592:Drivers/CMSIS/Include/cmsis_gcc.h ****  */
 593:Drivers/CMSIS/Include/cmsis_gcc.h **** __STATIC_FORCEINLINE uint32_t __RRX(uint32_t value)
 594:Drivers/CMSIS/Include/cmsis_gcc.h **** {
 595:Drivers/CMSIS/Include/cmsis_gcc.h ****   uint32_t result;
 596:Drivers/CMSIS/Include/cmsis_gcc.h **** 
 597:Drivers/CMSIS/Include/cmsis_gcc.h ****   __ASM volatile ("rrx %0, %1" : __CMSIS_GCC_OUT_REG (result) : __CMSIS_GCC_USE_REG (value) );
 598:Drivers/CMSIS/Include/cmsis_gcc.h ****   return(result);
 599:Drivers/CMSIS/Include/cmsis_gcc.h **** }
 600:Drivers/CMSIS/Include/cmsis_gcc.h **** 
 601:Drivers/CMSIS/Include/cmsis_gcc.h **** 
 602:Drivers/CMSIS/Include/cmsis_gcc.h **** /**
 603:Drivers/CMSIS/Include/cmsis_gcc.h ****   \brief   LDRT Unprivileged (8 bit)
 604:Drivers/CMSIS/Include/cmsis_gcc.h ****   \details Executes a Unprivileged LDRT instruction for 8 bit value.
 605:Drivers/CMSIS/Include/cmsis_gcc.h ****   \param [in]    ptr  Pointer to data
 606:Drivers/CMSIS/Include/cmsis_gcc.h ****   \return             value of type uint8_t at (*ptr)
 607:Drivers/CMSIS/Include/cmsis_gcc.h ****  */
 608:Drivers/CMSIS/Include/cmsis_gcc.h **** __STATIC_FORCEINLINE uint8_t __LDRBT(volatile uint8_t *ptr)
 609:Drivers/CMSIS/Include/cmsis_gcc.h **** {
 610:Drivers/CMSIS/Include/cmsis_gcc.h ****     uint32_t result;
 611:Drivers/CMSIS/Include/cmsis_gcc.h **** 
 612:Drivers/CMSIS/Include/cmsis_gcc.h **** #if (__GNUC__ > 4) || (__GNUC__ == 4 && __GNUC_MINOR__ >= 8)
 613:Drivers/CMSIS/Include/cmsis_gcc.h ****    __ASM volatile ("ldrbt %0, %1" : "=r" (result) : "Q" (*ptr) );
 614:Drivers/CMSIS/Include/cmsis_gcc.h **** #else
 615:Drivers/CMSIS/Include/cmsis_gcc.h ****     /* Prior to GCC 4.8, "Q" will be expanded to [rx, #0] which is not
 616:Drivers/CMSIS/Include/cmsis_gcc.h ****        accepted by assembler. So has to use following less efficient pattern.
 617:Drivers/CMSIS/Include/cmsis_gcc.h ****     */
 618:Drivers/CMSIS/Include/cmsis_gcc.h ****    __ASM volatile ("ldrbt %0, [%1]" : "=r" (result) : "r" (ptr) : "memory" );
 619:Drivers/CMSIS/Include/cmsis_gcc.h **** #endif
 620:Drivers/CMSIS/Include/cmsis_gcc.h ****    return ((uint8_t) result);    /* Add explicit type cast here */
 621:Drivers/CMSIS/Include/cmsis_gcc.h **** }
 622:Drivers/CMSIS/Include/cmsis_gcc.h **** 
 623:Drivers/CMSIS/Include/cmsis_gcc.h **** 
 624:Drivers/CMSIS/Include/cmsis_gcc.h **** /**
 625:Drivers/CMSIS/Include/cmsis_gcc.h ****   \brief   LDRT Unprivileged (16 bit)
 626:Drivers/CMSIS/Include/cmsis_gcc.h ****   \details Executes a Unprivileged LDRT instruction for 16 bit values.
 627:Drivers/CMSIS/Include/cmsis_gcc.h ****   \param [in]    ptr  Pointer to data
 628:Drivers/CMSIS/Include/cmsis_gcc.h ****   \return        value of type uint16_t at (*ptr)
 629:Drivers/CMSIS/Include/cmsis_gcc.h ****  */
 630:Drivers/CMSIS/Include/cmsis_gcc.h **** __STATIC_FORCEINLINE uint16_t __LDRHT(volatile uint16_t *ptr)
 631:Drivers/CMSIS/Include/cmsis_gcc.h **** {
 632:Drivers/CMSIS/Include/cmsis_gcc.h ****     uint32_t result;
 633:Drivers/CMSIS/Include/cmsis_gcc.h **** 
 634:Drivers/CMSIS/Include/cmsis_gcc.h **** #if (__GNUC__ > 4) || (__GNUC__ == 4 && __GNUC_MINOR__ >= 8)
 635:Drivers/CMSIS/Include/cmsis_gcc.h ****    __ASM volatile ("ldrht %0, %1" : "=r" (result) : "Q" (*ptr) );
 636:Drivers/CMSIS/Include/cmsis_gcc.h **** #else
 637:Drivers/CMSIS/Include/cmsis_gcc.h ****     /* Prior to GCC 4.8, "Q" will be expanded to [rx, #0] which is not
 638:Drivers/CMSIS/Include/cmsis_gcc.h ****        accepted by assembler. So has to use following less efficient pattern.
ARM GAS  /var/folders/d6/h50ndp_j7xj_7552gzkj6_s40000gn/T//cctl1r8X.s 			page 53


 639:Drivers/CMSIS/Include/cmsis_gcc.h ****     */
 640:Drivers/CMSIS/Include/cmsis_gcc.h ****    __ASM volatile ("ldrht %0, [%1]" : "=r" (result) : "r" (ptr) : "memory" );
 641:Drivers/CMSIS/Include/cmsis_gcc.h **** #endif
 642:Drivers/CMSIS/Include/cmsis_gcc.h ****    return ((uint16_t) result);    /* Add explicit type cast here */
 643:Drivers/CMSIS/Include/cmsis_gcc.h **** }
 644:Drivers/CMSIS/Include/cmsis_gcc.h **** 
 645:Drivers/CMSIS/Include/cmsis_gcc.h **** 
 646:Drivers/CMSIS/Include/cmsis_gcc.h **** /**
 647:Drivers/CMSIS/Include/cmsis_gcc.h ****   \brief   LDRT Unprivileged (32 bit)
 648:Drivers/CMSIS/Include/cmsis_gcc.h ****   \details Executes a Unprivileged LDRT instruction for 32 bit values.
 649:Drivers/CMSIS/Include/cmsis_gcc.h ****   \param [in]    ptr  Pointer to data
 650:Drivers/CMSIS/Include/cmsis_gcc.h ****   \return        value of type uint32_t at (*ptr)
 651:Drivers/CMSIS/Include/cmsis_gcc.h ****  */
 652:Drivers/CMSIS/Include/cmsis_gcc.h **** __STATIC_FORCEINLINE uint32_t __LDRT(volatile uint32_t *ptr)
 653:Drivers/CMSIS/Include/cmsis_gcc.h **** {
 654:Drivers/CMSIS/Include/cmsis_gcc.h ****     uint32_t result;
 655:Drivers/CMSIS/Include/cmsis_gcc.h **** 
 656:Drivers/CMSIS/Include/cmsis_gcc.h ****    __ASM volatile ("ldrt %0, %1" : "=r" (result) : "Q" (*ptr) );
 657:Drivers/CMSIS/Include/cmsis_gcc.h ****    return(result);
 658:Drivers/CMSIS/Include/cmsis_gcc.h **** }
 659:Drivers/CMSIS/Include/cmsis_gcc.h **** 
 660:Drivers/CMSIS/Include/cmsis_gcc.h **** 
 661:Drivers/CMSIS/Include/cmsis_gcc.h **** /**
 662:Drivers/CMSIS/Include/cmsis_gcc.h ****   \brief   STRT Unprivileged (8 bit)
 663:Drivers/CMSIS/Include/cmsis_gcc.h ****   \details Executes a Unprivileged STRT instruction for 8 bit values.
 664:Drivers/CMSIS/Include/cmsis_gcc.h ****   \param [in]  value  Value to store
 665:Drivers/CMSIS/Include/cmsis_gcc.h ****   \param [in]    ptr  Pointer to location
 666:Drivers/CMSIS/Include/cmsis_gcc.h ****  */
 667:Drivers/CMSIS/Include/cmsis_gcc.h **** __STATIC_FORCEINLINE void __STRBT(uint8_t value, volatile uint8_t *ptr)
 668:Drivers/CMSIS/Include/cmsis_gcc.h **** {
 669:Drivers/CMSIS/Include/cmsis_gcc.h ****    __ASM volatile ("strbt %1, %0" : "=Q" (*ptr) : "r" ((uint32_t)value) );
 670:Drivers/CMSIS/Include/cmsis_gcc.h **** }
 671:Drivers/CMSIS/Include/cmsis_gcc.h **** 
 672:Drivers/CMSIS/Include/cmsis_gcc.h **** 
 673:Drivers/CMSIS/Include/cmsis_gcc.h **** /**
 674:Drivers/CMSIS/Include/cmsis_gcc.h ****   \brief   STRT Unprivileged (16 bit)
 675:Drivers/CMSIS/Include/cmsis_gcc.h ****   \details Executes a Unprivileged STRT instruction for 16 bit values.
 676:Drivers/CMSIS/Include/cmsis_gcc.h ****   \param [in]  value  Value to store
 677:Drivers/CMSIS/Include/cmsis_gcc.h ****   \param [in]    ptr  Pointer to location
 678:Drivers/CMSIS/Include/cmsis_gcc.h ****  */
 679:Drivers/CMSIS/Include/cmsis_gcc.h **** __STATIC_FORCEINLINE void __STRHT(uint16_t value, volatile uint16_t *ptr)
 680:Drivers/CMSIS/Include/cmsis_gcc.h **** {
 681:Drivers/CMSIS/Include/cmsis_gcc.h ****    __ASM volatile ("strht %1, %0" : "=Q" (*ptr) : "r" ((uint32_t)value) );
 682:Drivers/CMSIS/Include/cmsis_gcc.h **** }
 683:Drivers/CMSIS/Include/cmsis_gcc.h **** 
 684:Drivers/CMSIS/Include/cmsis_gcc.h **** 
 685:Drivers/CMSIS/Include/cmsis_gcc.h **** /**
 686:Drivers/CMSIS/Include/cmsis_gcc.h ****   \brief   STRT Unprivileged (32 bit)
 687:Drivers/CMSIS/Include/cmsis_gcc.h ****   \details Executes a Unprivileged STRT instruction for 32 bit values.
 688:Drivers/CMSIS/Include/cmsis_gcc.h ****   \param [in]  value  Value to store
 689:Drivers/CMSIS/Include/cmsis_gcc.h ****   \param [in]    ptr  Pointer to location
 690:Drivers/CMSIS/Include/cmsis_gcc.h ****  */
 691:Drivers/CMSIS/Include/cmsis_gcc.h **** __STATIC_FORCEINLINE void __STRT(uint32_t value, volatile uint32_t *ptr)
 692:Drivers/CMSIS/Include/cmsis_gcc.h **** {
 693:Drivers/CMSIS/Include/cmsis_gcc.h ****    __ASM volatile ("strt %1, %0" : "=Q" (*ptr) : "r" (value) );
 694:Drivers/CMSIS/Include/cmsis_gcc.h **** }
 695:Drivers/CMSIS/Include/cmsis_gcc.h **** 
ARM GAS  /var/folders/d6/h50ndp_j7xj_7552gzkj6_s40000gn/T//cctl1r8X.s 			page 54


 696:Drivers/CMSIS/Include/cmsis_gcc.h **** #else  /* ((defined (__ARM_ARCH_7M__      ) && (__ARM_ARCH_7M__      == 1)) || \
 697:Drivers/CMSIS/Include/cmsis_gcc.h ****            (defined (__ARM_ARCH_7EM__     ) && (__ARM_ARCH_7EM__     == 1)) || \
 698:Drivers/CMSIS/Include/cmsis_gcc.h ****            (defined (__ARM_ARCH_8M_MAIN__ ) && (__ARM_ARCH_8M_MAIN__ == 1))    ) */
 699:Drivers/CMSIS/Include/cmsis_gcc.h **** 
 700:Drivers/CMSIS/Include/cmsis_gcc.h **** /**
 701:Drivers/CMSIS/Include/cmsis_gcc.h ****   \brief   Signed Saturate
 702:Drivers/CMSIS/Include/cmsis_gcc.h ****   \details Saturates a signed value.
 703:Drivers/CMSIS/Include/cmsis_gcc.h ****   \param [in]  value  Value to be saturated
 704:Drivers/CMSIS/Include/cmsis_gcc.h ****   \param [in]    sat  Bit position to saturate to (1..32)
 705:Drivers/CMSIS/Include/cmsis_gcc.h ****   \return             Saturated value
 706:Drivers/CMSIS/Include/cmsis_gcc.h ****  */
 707:Drivers/CMSIS/Include/cmsis_gcc.h **** __STATIC_FORCEINLINE int32_t __SSAT(int32_t val, uint32_t sat)
 708:Drivers/CMSIS/Include/cmsis_gcc.h **** {
 709:Drivers/CMSIS/Include/cmsis_gcc.h ****   if ((sat >= 1U) && (sat <= 32U))
 710:Drivers/CMSIS/Include/cmsis_gcc.h ****   {
 711:Drivers/CMSIS/Include/cmsis_gcc.h ****     const int32_t max = (int32_t)((1U << (sat - 1U)) - 1U);
 712:Drivers/CMSIS/Include/cmsis_gcc.h ****     const int32_t min = -1 - max ;
 713:Drivers/CMSIS/Include/cmsis_gcc.h ****     if (val > max)
 714:Drivers/CMSIS/Include/cmsis_gcc.h ****     {
 715:Drivers/CMSIS/Include/cmsis_gcc.h ****       return max;
 716:Drivers/CMSIS/Include/cmsis_gcc.h ****     }
 717:Drivers/CMSIS/Include/cmsis_gcc.h ****     else if (val < min)
 718:Drivers/CMSIS/Include/cmsis_gcc.h ****     {
 719:Drivers/CMSIS/Include/cmsis_gcc.h ****       return min;
 720:Drivers/CMSIS/Include/cmsis_gcc.h ****     }
 721:Drivers/CMSIS/Include/cmsis_gcc.h ****   }
 722:Drivers/CMSIS/Include/cmsis_gcc.h ****   return val;
 723:Drivers/CMSIS/Include/cmsis_gcc.h **** }
 724:Drivers/CMSIS/Include/cmsis_gcc.h **** 
 725:Drivers/CMSIS/Include/cmsis_gcc.h **** /**
 726:Drivers/CMSIS/Include/cmsis_gcc.h ****   \brief   Unsigned Saturate
 727:Drivers/CMSIS/Include/cmsis_gcc.h ****   \details Saturates an unsigned value.
 728:Drivers/CMSIS/Include/cmsis_gcc.h ****   \param [in]  value  Value to be saturated
 729:Drivers/CMSIS/Include/cmsis_gcc.h ****   \param [in]    sat  Bit position to saturate to (0..31)
 730:Drivers/CMSIS/Include/cmsis_gcc.h ****   \return             Saturated value
 731:Drivers/CMSIS/Include/cmsis_gcc.h ****  */
 732:Drivers/CMSIS/Include/cmsis_gcc.h **** __STATIC_FORCEINLINE uint32_t __USAT(int32_t val, uint32_t sat)
 733:Drivers/CMSIS/Include/cmsis_gcc.h **** {
 734:Drivers/CMSIS/Include/cmsis_gcc.h ****   if (sat <= 31U)
 735:Drivers/CMSIS/Include/cmsis_gcc.h ****   {
 736:Drivers/CMSIS/Include/cmsis_gcc.h ****     const uint32_t max = ((1U << sat) - 1U);
 737:Drivers/CMSIS/Include/cmsis_gcc.h ****     if (val > (int32_t)max)
 738:Drivers/CMSIS/Include/cmsis_gcc.h ****     {
 739:Drivers/CMSIS/Include/cmsis_gcc.h ****       return max;
 740:Drivers/CMSIS/Include/cmsis_gcc.h ****     }
 741:Drivers/CMSIS/Include/cmsis_gcc.h ****     else if (val < 0)
 742:Drivers/CMSIS/Include/cmsis_gcc.h ****     {
 743:Drivers/CMSIS/Include/cmsis_gcc.h ****       return 0U;
 744:Drivers/CMSIS/Include/cmsis_gcc.h ****     }
 745:Drivers/CMSIS/Include/cmsis_gcc.h ****   }
 746:Drivers/CMSIS/Include/cmsis_gcc.h ****   return (uint32_t)val;
 747:Drivers/CMSIS/Include/cmsis_gcc.h **** }
 748:Drivers/CMSIS/Include/cmsis_gcc.h **** 
 749:Drivers/CMSIS/Include/cmsis_gcc.h **** #endif /* ((defined (__ARM_ARCH_7M__      ) && (__ARM_ARCH_7M__      == 1)) || \
 750:Drivers/CMSIS/Include/cmsis_gcc.h ****            (defined (__ARM_ARCH_7EM__     ) && (__ARM_ARCH_7EM__     == 1)) || \
 751:Drivers/CMSIS/Include/cmsis_gcc.h ****            (defined (__ARM_ARCH_8M_MAIN__ ) && (__ARM_ARCH_8M_MAIN__ == 1))    ) */
 752:Drivers/CMSIS/Include/cmsis_gcc.h **** 
ARM GAS  /var/folders/d6/h50ndp_j7xj_7552gzkj6_s40000gn/T//cctl1r8X.s 			page 55


 753:Drivers/CMSIS/Include/cmsis_gcc.h **** 
 754:Drivers/CMSIS/Include/cmsis_gcc.h **** #if ((defined (__ARM_ARCH_8M_MAIN__ ) && (__ARM_ARCH_8M_MAIN__ == 1)) || \
 755:Drivers/CMSIS/Include/cmsis_gcc.h ****      (defined (__ARM_ARCH_8M_BASE__ ) && (__ARM_ARCH_8M_BASE__ == 1))    )
 756:Drivers/CMSIS/Include/cmsis_gcc.h **** /**
 757:Drivers/CMSIS/Include/cmsis_gcc.h ****   \brief   Load-Acquire (8 bit)
 758:Drivers/CMSIS/Include/cmsis_gcc.h ****   \details Executes a LDAB instruction for 8 bit value.
 759:Drivers/CMSIS/Include/cmsis_gcc.h ****   \param [in]    ptr  Pointer to data
 760:Drivers/CMSIS/Include/cmsis_gcc.h ****   \return             value of type uint8_t at (*ptr)
 761:Drivers/CMSIS/Include/cmsis_gcc.h ****  */
 762:Drivers/CMSIS/Include/cmsis_gcc.h **** __STATIC_FORCEINLINE uint8_t __LDAB(volatile uint8_t *ptr)
 763:Drivers/CMSIS/Include/cmsis_gcc.h **** {
 764:Drivers/CMSIS/Include/cmsis_gcc.h ****     uint32_t result;
 765:Drivers/CMSIS/Include/cmsis_gcc.h **** 
 766:Drivers/CMSIS/Include/cmsis_gcc.h ****    __ASM volatile ("ldab %0, %1" : "=r" (result) : "Q" (*ptr) : "memory" );
 767:Drivers/CMSIS/Include/cmsis_gcc.h ****    return ((uint8_t) result);
 768:Drivers/CMSIS/Include/cmsis_gcc.h **** }
 769:Drivers/CMSIS/Include/cmsis_gcc.h **** 
 770:Drivers/CMSIS/Include/cmsis_gcc.h **** 
 771:Drivers/CMSIS/Include/cmsis_gcc.h **** /**
 772:Drivers/CMSIS/Include/cmsis_gcc.h ****   \brief   Load-Acquire (16 bit)
 773:Drivers/CMSIS/Include/cmsis_gcc.h ****   \details Executes a LDAH instruction for 16 bit values.
 774:Drivers/CMSIS/Include/cmsis_gcc.h ****   \param [in]    ptr  Pointer to data
 775:Drivers/CMSIS/Include/cmsis_gcc.h ****   \return        value of type uint16_t at (*ptr)
 776:Drivers/CMSIS/Include/cmsis_gcc.h ****  */
 777:Drivers/CMSIS/Include/cmsis_gcc.h **** __STATIC_FORCEINLINE uint16_t __LDAH(volatile uint16_t *ptr)
 778:Drivers/CMSIS/Include/cmsis_gcc.h **** {
 779:Drivers/CMSIS/Include/cmsis_gcc.h ****     uint32_t result;
 780:Drivers/CMSIS/Include/cmsis_gcc.h **** 
 781:Drivers/CMSIS/Include/cmsis_gcc.h ****    __ASM volatile ("ldah %0, %1" : "=r" (result) : "Q" (*ptr) : "memory" );
 782:Drivers/CMSIS/Include/cmsis_gcc.h ****    return ((uint16_t) result);
 783:Drivers/CMSIS/Include/cmsis_gcc.h **** }
 784:Drivers/CMSIS/Include/cmsis_gcc.h **** 
 785:Drivers/CMSIS/Include/cmsis_gcc.h **** 
 786:Drivers/CMSIS/Include/cmsis_gcc.h **** /**
 787:Drivers/CMSIS/Include/cmsis_gcc.h ****   \brief   Load-Acquire (32 bit)
 788:Drivers/CMSIS/Include/cmsis_gcc.h ****   \details Executes a LDA instruction for 32 bit values.
 789:Drivers/CMSIS/Include/cmsis_gcc.h ****   \param [in]    ptr  Pointer to data
 790:Drivers/CMSIS/Include/cmsis_gcc.h ****   \return        value of type uint32_t at (*ptr)
 791:Drivers/CMSIS/Include/cmsis_gcc.h ****  */
 792:Drivers/CMSIS/Include/cmsis_gcc.h **** __STATIC_FORCEINLINE uint32_t __LDA(volatile uint32_t *ptr)
 793:Drivers/CMSIS/Include/cmsis_gcc.h **** {
 794:Drivers/CMSIS/Include/cmsis_gcc.h ****     uint32_t result;
 795:Drivers/CMSIS/Include/cmsis_gcc.h **** 
 796:Drivers/CMSIS/Include/cmsis_gcc.h ****    __ASM volatile ("lda %0, %1" : "=r" (result) : "Q" (*ptr) : "memory" );
 797:Drivers/CMSIS/Include/cmsis_gcc.h ****    return(result);
 798:Drivers/CMSIS/Include/cmsis_gcc.h **** }
 799:Drivers/CMSIS/Include/cmsis_gcc.h **** 
 800:Drivers/CMSIS/Include/cmsis_gcc.h **** 
 801:Drivers/CMSIS/Include/cmsis_gcc.h **** /**
 802:Drivers/CMSIS/Include/cmsis_gcc.h ****   \brief   Store-Release (8 bit)
 803:Drivers/CMSIS/Include/cmsis_gcc.h ****   \details Executes a STLB instruction for 8 bit values.
 804:Drivers/CMSIS/Include/cmsis_gcc.h ****   \param [in]  value  Value to store
 805:Drivers/CMSIS/Include/cmsis_gcc.h ****   \param [in]    ptr  Pointer to location
 806:Drivers/CMSIS/Include/cmsis_gcc.h ****  */
 807:Drivers/CMSIS/Include/cmsis_gcc.h **** __STATIC_FORCEINLINE void __STLB(uint8_t value, volatile uint8_t *ptr)
 808:Drivers/CMSIS/Include/cmsis_gcc.h **** {
 809:Drivers/CMSIS/Include/cmsis_gcc.h ****    __ASM volatile ("stlb %1, %0" : "=Q" (*ptr) : "r" ((uint32_t)value) : "memory" );
ARM GAS  /var/folders/d6/h50ndp_j7xj_7552gzkj6_s40000gn/T//cctl1r8X.s 			page 56


 810:Drivers/CMSIS/Include/cmsis_gcc.h **** }
 811:Drivers/CMSIS/Include/cmsis_gcc.h **** 
 812:Drivers/CMSIS/Include/cmsis_gcc.h **** 
 813:Drivers/CMSIS/Include/cmsis_gcc.h **** /**
 814:Drivers/CMSIS/Include/cmsis_gcc.h ****   \brief   Store-Release (16 bit)
 815:Drivers/CMSIS/Include/cmsis_gcc.h ****   \details Executes a STLH instruction for 16 bit values.
 816:Drivers/CMSIS/Include/cmsis_gcc.h ****   \param [in]  value  Value to store
 817:Drivers/CMSIS/Include/cmsis_gcc.h ****   \param [in]    ptr  Pointer to location
 818:Drivers/CMSIS/Include/cmsis_gcc.h ****  */
 819:Drivers/CMSIS/Include/cmsis_gcc.h **** __STATIC_FORCEINLINE void __STLH(uint16_t value, volatile uint16_t *ptr)
 820:Drivers/CMSIS/Include/cmsis_gcc.h **** {
 821:Drivers/CMSIS/Include/cmsis_gcc.h ****    __ASM volatile ("stlh %1, %0" : "=Q" (*ptr) : "r" ((uint32_t)value) : "memory" );
 822:Drivers/CMSIS/Include/cmsis_gcc.h **** }
 823:Drivers/CMSIS/Include/cmsis_gcc.h **** 
 824:Drivers/CMSIS/Include/cmsis_gcc.h **** 
 825:Drivers/CMSIS/Include/cmsis_gcc.h **** /**
 826:Drivers/CMSIS/Include/cmsis_gcc.h ****   \brief   Store-Release (32 bit)
 827:Drivers/CMSIS/Include/cmsis_gcc.h ****   \details Executes a STL instruction for 32 bit values.
 828:Drivers/CMSIS/Include/cmsis_gcc.h ****   \param [in]  value  Value to store
 829:Drivers/CMSIS/Include/cmsis_gcc.h ****   \param [in]    ptr  Pointer to location
 830:Drivers/CMSIS/Include/cmsis_gcc.h ****  */
 831:Drivers/CMSIS/Include/cmsis_gcc.h **** __STATIC_FORCEINLINE void __STL(uint32_t value, volatile uint32_t *ptr)
 832:Drivers/CMSIS/Include/cmsis_gcc.h **** {
 833:Drivers/CMSIS/Include/cmsis_gcc.h ****    __ASM volatile ("stl %1, %0" : "=Q" (*ptr) : "r" ((uint32_t)value) : "memory" );
 834:Drivers/CMSIS/Include/cmsis_gcc.h **** }
 835:Drivers/CMSIS/Include/cmsis_gcc.h **** 
 836:Drivers/CMSIS/Include/cmsis_gcc.h **** 
 837:Drivers/CMSIS/Include/cmsis_gcc.h **** /**
 838:Drivers/CMSIS/Include/cmsis_gcc.h ****   \brief   Load-Acquire Exclusive (8 bit)
 839:Drivers/CMSIS/Include/cmsis_gcc.h ****   \details Executes a LDAB exclusive instruction for 8 bit value.
 840:Drivers/CMSIS/Include/cmsis_gcc.h ****   \param [in]    ptr  Pointer to data
 841:Drivers/CMSIS/Include/cmsis_gcc.h ****   \return             value of type uint8_t at (*ptr)
 842:Drivers/CMSIS/Include/cmsis_gcc.h ****  */
 843:Drivers/CMSIS/Include/cmsis_gcc.h **** __STATIC_FORCEINLINE uint8_t __LDAEXB(volatile uint8_t *ptr)
 844:Drivers/CMSIS/Include/cmsis_gcc.h **** {
 845:Drivers/CMSIS/Include/cmsis_gcc.h ****     uint32_t result;
 846:Drivers/CMSIS/Include/cmsis_gcc.h **** 
 847:Drivers/CMSIS/Include/cmsis_gcc.h ****    __ASM volatile ("ldaexb %0, %1" : "=r" (result) : "Q" (*ptr) : "memory" );
 848:Drivers/CMSIS/Include/cmsis_gcc.h ****    return ((uint8_t) result);
 849:Drivers/CMSIS/Include/cmsis_gcc.h **** }
 850:Drivers/CMSIS/Include/cmsis_gcc.h **** 
 851:Drivers/CMSIS/Include/cmsis_gcc.h **** 
 852:Drivers/CMSIS/Include/cmsis_gcc.h **** /**
 853:Drivers/CMSIS/Include/cmsis_gcc.h ****   \brief   Load-Acquire Exclusive (16 bit)
 854:Drivers/CMSIS/Include/cmsis_gcc.h ****   \details Executes a LDAH exclusive instruction for 16 bit values.
 855:Drivers/CMSIS/Include/cmsis_gcc.h ****   \param [in]    ptr  Pointer to data
 856:Drivers/CMSIS/Include/cmsis_gcc.h ****   \return        value of type uint16_t at (*ptr)
 857:Drivers/CMSIS/Include/cmsis_gcc.h ****  */
 858:Drivers/CMSIS/Include/cmsis_gcc.h **** __STATIC_FORCEINLINE uint16_t __LDAEXH(volatile uint16_t *ptr)
 859:Drivers/CMSIS/Include/cmsis_gcc.h **** {
 860:Drivers/CMSIS/Include/cmsis_gcc.h ****     uint32_t result;
 861:Drivers/CMSIS/Include/cmsis_gcc.h **** 
 862:Drivers/CMSIS/Include/cmsis_gcc.h ****    __ASM volatile ("ldaexh %0, %1" : "=r" (result) : "Q" (*ptr) : "memory" );
 863:Drivers/CMSIS/Include/cmsis_gcc.h ****    return ((uint16_t) result);
 864:Drivers/CMSIS/Include/cmsis_gcc.h **** }
 865:Drivers/CMSIS/Include/cmsis_gcc.h **** 
 866:Drivers/CMSIS/Include/cmsis_gcc.h **** 
ARM GAS  /var/folders/d6/h50ndp_j7xj_7552gzkj6_s40000gn/T//cctl1r8X.s 			page 57


 867:Drivers/CMSIS/Include/cmsis_gcc.h **** /**
 868:Drivers/CMSIS/Include/cmsis_gcc.h ****   \brief   Load-Acquire Exclusive (32 bit)
 869:Drivers/CMSIS/Include/cmsis_gcc.h ****   \details Executes a LDA exclusive instruction for 32 bit values.
 870:Drivers/CMSIS/Include/cmsis_gcc.h ****   \param [in]    ptr  Pointer to data
 871:Drivers/CMSIS/Include/cmsis_gcc.h ****   \return        value of type uint32_t at (*ptr)
 872:Drivers/CMSIS/Include/cmsis_gcc.h ****  */
 873:Drivers/CMSIS/Include/cmsis_gcc.h **** __STATIC_FORCEINLINE uint32_t __LDAEX(volatile uint32_t *ptr)
 874:Drivers/CMSIS/Include/cmsis_gcc.h **** {
 875:Drivers/CMSIS/Include/cmsis_gcc.h ****     uint32_t result;
 876:Drivers/CMSIS/Include/cmsis_gcc.h **** 
 877:Drivers/CMSIS/Include/cmsis_gcc.h ****    __ASM volatile ("ldaex %0, %1" : "=r" (result) : "Q" (*ptr) : "memory" );
 878:Drivers/CMSIS/Include/cmsis_gcc.h ****    return(result);
 879:Drivers/CMSIS/Include/cmsis_gcc.h **** }
 880:Drivers/CMSIS/Include/cmsis_gcc.h **** 
 881:Drivers/CMSIS/Include/cmsis_gcc.h **** 
 882:Drivers/CMSIS/Include/cmsis_gcc.h **** /**
 883:Drivers/CMSIS/Include/cmsis_gcc.h ****   \brief   Store-Release Exclusive (8 bit)
 884:Drivers/CMSIS/Include/cmsis_gcc.h ****   \details Executes a STLB exclusive instruction for 8 bit values.
 885:Drivers/CMSIS/Include/cmsis_gcc.h ****   \param [in]  value  Value to store
 886:Drivers/CMSIS/Include/cmsis_gcc.h ****   \param [in]    ptr  Pointer to location
 887:Drivers/CMSIS/Include/cmsis_gcc.h ****   \return          0  Function succeeded
 888:Drivers/CMSIS/Include/cmsis_gcc.h ****   \return          1  Function failed
 889:Drivers/CMSIS/Include/cmsis_gcc.h ****  */
 890:Drivers/CMSIS/Include/cmsis_gcc.h **** __STATIC_FORCEINLINE uint32_t __STLEXB(uint8_t value, volatile uint8_t *ptr)
 891:Drivers/CMSIS/Include/cmsis_gcc.h **** {
 892:Drivers/CMSIS/Include/cmsis_gcc.h ****    uint32_t result;
 893:Drivers/CMSIS/Include/cmsis_gcc.h **** 
 894:Drivers/CMSIS/Include/cmsis_gcc.h ****    __ASM volatile ("stlexb %0, %2, %1" : "=&r" (result), "=Q" (*ptr) : "r" ((uint32_t)value) : "mem
 895:Drivers/CMSIS/Include/cmsis_gcc.h ****    return(result);
 896:Drivers/CMSIS/Include/cmsis_gcc.h **** }
 897:Drivers/CMSIS/Include/cmsis_gcc.h **** 
 898:Drivers/CMSIS/Include/cmsis_gcc.h **** 
 899:Drivers/CMSIS/Include/cmsis_gcc.h **** /**
 900:Drivers/CMSIS/Include/cmsis_gcc.h ****   \brief   Store-Release Exclusive (16 bit)
 901:Drivers/CMSIS/Include/cmsis_gcc.h ****   \details Executes a STLH exclusive instruction for 16 bit values.
 902:Drivers/CMSIS/Include/cmsis_gcc.h ****   \param [in]  value  Value to store
 903:Drivers/CMSIS/Include/cmsis_gcc.h ****   \param [in]    ptr  Pointer to location
 904:Drivers/CMSIS/Include/cmsis_gcc.h ****   \return          0  Function succeeded
 905:Drivers/CMSIS/Include/cmsis_gcc.h ****   \return          1  Function failed
 906:Drivers/CMSIS/Include/cmsis_gcc.h ****  */
 907:Drivers/CMSIS/Include/cmsis_gcc.h **** __STATIC_FORCEINLINE uint32_t __STLEXH(uint16_t value, volatile uint16_t *ptr)
 908:Drivers/CMSIS/Include/cmsis_gcc.h **** {
 909:Drivers/CMSIS/Include/cmsis_gcc.h ****    uint32_t result;
 910:Drivers/CMSIS/Include/cmsis_gcc.h **** 
 911:Drivers/CMSIS/Include/cmsis_gcc.h ****    __ASM volatile ("stlexh %0, %2, %1" : "=&r" (result), "=Q" (*ptr) : "r" ((uint32_t)value) : "mem
 912:Drivers/CMSIS/Include/cmsis_gcc.h ****    return(result);
 913:Drivers/CMSIS/Include/cmsis_gcc.h **** }
 914:Drivers/CMSIS/Include/cmsis_gcc.h **** 
 915:Drivers/CMSIS/Include/cmsis_gcc.h **** 
 916:Drivers/CMSIS/Include/cmsis_gcc.h **** /**
 917:Drivers/CMSIS/Include/cmsis_gcc.h ****   \brief   Store-Release Exclusive (32 bit)
 918:Drivers/CMSIS/Include/cmsis_gcc.h ****   \details Executes a STL exclusive instruction for 32 bit values.
 919:Drivers/CMSIS/Include/cmsis_gcc.h ****   \param [in]  value  Value to store
 920:Drivers/CMSIS/Include/cmsis_gcc.h ****   \param [in]    ptr  Pointer to location
 921:Drivers/CMSIS/Include/cmsis_gcc.h ****   \return          0  Function succeeded
 922:Drivers/CMSIS/Include/cmsis_gcc.h ****   \return          1  Function failed
 923:Drivers/CMSIS/Include/cmsis_gcc.h ****  */
ARM GAS  /var/folders/d6/h50ndp_j7xj_7552gzkj6_s40000gn/T//cctl1r8X.s 			page 58


 924:Drivers/CMSIS/Include/cmsis_gcc.h **** __STATIC_FORCEINLINE uint32_t __STLEX(uint32_t value, volatile uint32_t *ptr)
 925:Drivers/CMSIS/Include/cmsis_gcc.h **** {
 926:Drivers/CMSIS/Include/cmsis_gcc.h ****    uint32_t result;
 927:Drivers/CMSIS/Include/cmsis_gcc.h **** 
 928:Drivers/CMSIS/Include/cmsis_gcc.h ****    __ASM volatile ("stlex %0, %2, %1" : "=&r" (result), "=Q" (*ptr) : "r" ((uint32_t)value) : "memo
 929:Drivers/CMSIS/Include/cmsis_gcc.h ****    return(result);
 930:Drivers/CMSIS/Include/cmsis_gcc.h **** }
 931:Drivers/CMSIS/Include/cmsis_gcc.h **** 
 932:Drivers/CMSIS/Include/cmsis_gcc.h **** #endif /* ((defined (__ARM_ARCH_8M_MAIN__ ) && (__ARM_ARCH_8M_MAIN__ == 1)) || \
 933:Drivers/CMSIS/Include/cmsis_gcc.h ****            (defined (__ARM_ARCH_8M_BASE__ ) && (__ARM_ARCH_8M_BASE__ == 1))    ) */
 934:Drivers/CMSIS/Include/cmsis_gcc.h **** 
 935:Drivers/CMSIS/Include/cmsis_gcc.h **** /*@}*/ /* end of group CMSIS_Core_InstructionInterface */
 936:Drivers/CMSIS/Include/cmsis_gcc.h **** 
 937:Drivers/CMSIS/Include/cmsis_gcc.h **** 
 938:Drivers/CMSIS/Include/cmsis_gcc.h **** /* ###########################  Core Function Access  ########################### */
 939:Drivers/CMSIS/Include/cmsis_gcc.h **** /** \ingroup  CMSIS_Core_FunctionInterface
 940:Drivers/CMSIS/Include/cmsis_gcc.h ****     \defgroup CMSIS_Core_RegAccFunctions CMSIS Core Register Access Functions
 941:Drivers/CMSIS/Include/cmsis_gcc.h ****   @{
 942:Drivers/CMSIS/Include/cmsis_gcc.h ****  */
 943:Drivers/CMSIS/Include/cmsis_gcc.h **** 
 944:Drivers/CMSIS/Include/cmsis_gcc.h **** /**
 945:Drivers/CMSIS/Include/cmsis_gcc.h ****   \brief   Enable IRQ Interrupts
 946:Drivers/CMSIS/Include/cmsis_gcc.h ****   \details Enables IRQ interrupts by clearing special-purpose register PRIMASK.
 947:Drivers/CMSIS/Include/cmsis_gcc.h ****            Can only be executed in Privileged modes.
 948:Drivers/CMSIS/Include/cmsis_gcc.h ****  */
 949:Drivers/CMSIS/Include/cmsis_gcc.h **** __STATIC_FORCEINLINE void __enable_irq(void)
 950:Drivers/CMSIS/Include/cmsis_gcc.h **** {
 951:Drivers/CMSIS/Include/cmsis_gcc.h ****   __ASM volatile ("cpsie i" : : : "memory");
 952:Drivers/CMSIS/Include/cmsis_gcc.h **** }
 953:Drivers/CMSIS/Include/cmsis_gcc.h **** 
 954:Drivers/CMSIS/Include/cmsis_gcc.h **** 
 955:Drivers/CMSIS/Include/cmsis_gcc.h **** /**
 956:Drivers/CMSIS/Include/cmsis_gcc.h ****   \brief   Disable IRQ Interrupts
 957:Drivers/CMSIS/Include/cmsis_gcc.h ****   \details Disables IRQ interrupts by setting special-purpose register PRIMASK.
 958:Drivers/CMSIS/Include/cmsis_gcc.h ****            Can only be executed in Privileged modes.
 959:Drivers/CMSIS/Include/cmsis_gcc.h ****  */
 960:Drivers/CMSIS/Include/cmsis_gcc.h **** __STATIC_FORCEINLINE void __disable_irq(void)
 1533              		.loc 2 960 27 view .LVU395
 1534              	.LBB55:
 961:Drivers/CMSIS/Include/cmsis_gcc.h **** {
 962:Drivers/CMSIS/Include/cmsis_gcc.h ****   __ASM volatile ("cpsid i" : : : "memory");
 1535              		.loc 2 962 3 view .LVU396
 1536              		.syntax unified
 1537              	@ 962 "Drivers/CMSIS/Include/cmsis_gcc.h" 1
 1538 0000 72B6     		cpsid i
 1539              	@ 0 "" 2
 1540              		.thumb
 1541              		.syntax unified
 1542              	.L78:
 1543              	.LBE55:
 1544              	.LBE54:
 574:Core/Src/main.c ****   while (1)
 1545              		.loc 1 574 3 view .LVU397
 575:Core/Src/main.c ****   {
 576:Core/Src/main.c ****   }
 1546              		.loc 1 576 3 view .LVU398
 574:Core/Src/main.c ****   while (1)
ARM GAS  /var/folders/d6/h50ndp_j7xj_7552gzkj6_s40000gn/T//cctl1r8X.s 			page 59


 1547              		.loc 1 574 9 view .LVU399
 1548 0002 FEE7     		b	.L78
 1549              		.cfi_endproc
 1550              	.LFE142:
 1552              		.section	.text.SystemClock_Config,"ax",%progbits
 1553              		.align	1
 1554              		.global	SystemClock_Config
 1555              		.syntax unified
 1556              		.thumb
 1557              		.thumb_func
 1559              	SystemClock_Config:
 1560              	.LFB135:
 301:Core/Src/main.c ****   RCC_OscInitTypeDef RCC_OscInitStruct = {0};
 1561              		.loc 1 301 1 view -0
 1562              		.cfi_startproc
 1563              		@ args = 0, pretend = 0, frame = 80
 1564              		@ frame_needed = 0, uses_anonymous_args = 0
 1565 0000 00B5     		push	{lr}
 1566              	.LCFI16:
 1567              		.cfi_def_cfa_offset 4
 1568              		.cfi_offset 14, -4
 1569 0002 95B0     		sub	sp, sp, #84
 1570              	.LCFI17:
 1571              		.cfi_def_cfa_offset 88
 302:Core/Src/main.c ****   RCC_ClkInitTypeDef RCC_ClkInitStruct = {0};
 1572              		.loc 1 302 3 view .LVU401
 302:Core/Src/main.c ****   RCC_ClkInitTypeDef RCC_ClkInitStruct = {0};
 1573              		.loc 1 302 22 is_stmt 0 view .LVU402
 1574 0004 3422     		movs	r2, #52
 1575 0006 0021     		movs	r1, #0
 1576 0008 07A8     		add	r0, sp, #28
 1577 000a FFF7FEFF 		bl	memset
 1578              	.LVL143:
 303:Core/Src/main.c **** 
 1579              		.loc 1 303 3 is_stmt 1 view .LVU403
 303:Core/Src/main.c **** 
 1580              		.loc 1 303 22 is_stmt 0 view .LVU404
 1581 000e 0023     		movs	r3, #0
 1582 0010 0293     		str	r3, [sp, #8]
 1583 0012 0393     		str	r3, [sp, #12]
 1584 0014 0493     		str	r3, [sp, #16]
 1585 0016 0593     		str	r3, [sp, #20]
 1586 0018 0693     		str	r3, [sp, #24]
 307:Core/Src/main.c ****   __HAL_PWR_VOLTAGESCALING_CONFIG(PWR_REGULATOR_VOLTAGE_SCALE3);
 1587              		.loc 1 307 3 is_stmt 1 view .LVU405
 1588              	.LBB56:
 307:Core/Src/main.c ****   __HAL_PWR_VOLTAGESCALING_CONFIG(PWR_REGULATOR_VOLTAGE_SCALE3);
 1589              		.loc 1 307 3 view .LVU406
 1590 001a 0093     		str	r3, [sp]
 307:Core/Src/main.c ****   __HAL_PWR_VOLTAGESCALING_CONFIG(PWR_REGULATOR_VOLTAGE_SCALE3);
 1591              		.loc 1 307 3 view .LVU407
 1592 001c 214A     		ldr	r2, .L85
 1593 001e 116C     		ldr	r1, [r2, #64]
 1594 0020 41F08051 		orr	r1, r1, #268435456
 1595 0024 1164     		str	r1, [r2, #64]
 307:Core/Src/main.c ****   __HAL_PWR_VOLTAGESCALING_CONFIG(PWR_REGULATOR_VOLTAGE_SCALE3);
 1596              		.loc 1 307 3 view .LVU408
ARM GAS  /var/folders/d6/h50ndp_j7xj_7552gzkj6_s40000gn/T//cctl1r8X.s 			page 60


 1597 0026 126C     		ldr	r2, [r2, #64]
 1598 0028 02F08052 		and	r2, r2, #268435456
 1599 002c 0092     		str	r2, [sp]
 307:Core/Src/main.c ****   __HAL_PWR_VOLTAGESCALING_CONFIG(PWR_REGULATOR_VOLTAGE_SCALE3);
 1600              		.loc 1 307 3 view .LVU409
 1601 002e 009A     		ldr	r2, [sp]
 1602              	.LBE56:
 307:Core/Src/main.c ****   __HAL_PWR_VOLTAGESCALING_CONFIG(PWR_REGULATOR_VOLTAGE_SCALE3);
 1603              		.loc 1 307 3 view .LVU410
 308:Core/Src/main.c **** 
 1604              		.loc 1 308 3 view .LVU411
 1605              	.LBB57:
 308:Core/Src/main.c **** 
 1606              		.loc 1 308 3 view .LVU412
 1607 0030 0193     		str	r3, [sp, #4]
 308:Core/Src/main.c **** 
 1608              		.loc 1 308 3 view .LVU413
 1609 0032 1D4A     		ldr	r2, .L85+4
 1610 0034 1368     		ldr	r3, [r2]
 1611 0036 23F44043 		bic	r3, r3, #49152
 1612 003a 43F48043 		orr	r3, r3, #16384
 1613 003e 1360     		str	r3, [r2]
 308:Core/Src/main.c **** 
 1614              		.loc 1 308 3 view .LVU414
 1615 0040 1368     		ldr	r3, [r2]
 1616 0042 03F44043 		and	r3, r3, #49152
 1617 0046 0193     		str	r3, [sp, #4]
 308:Core/Src/main.c **** 
 1618              		.loc 1 308 3 view .LVU415
 1619 0048 019B     		ldr	r3, [sp, #4]
 1620              	.LBE57:
 308:Core/Src/main.c **** 
 1621              		.loc 1 308 3 view .LVU416
 313:Core/Src/main.c ****   RCC_OscInitStruct.HSEState = RCC_HSE_ON;
 1622              		.loc 1 313 3 view .LVU417
 313:Core/Src/main.c ****   RCC_OscInitStruct.HSEState = RCC_HSE_ON;
 1623              		.loc 1 313 36 is_stmt 0 view .LVU418
 1624 004a 0123     		movs	r3, #1
 1625 004c 0793     		str	r3, [sp, #28]
 314:Core/Src/main.c ****   RCC_OscInitStruct.PLL.PLLState = RCC_PLL_ON;
 1626              		.loc 1 314 3 is_stmt 1 view .LVU419
 314:Core/Src/main.c ****   RCC_OscInitStruct.PLL.PLLState = RCC_PLL_ON;
 1627              		.loc 1 314 30 is_stmt 0 view .LVU420
 1628 004e 4FF48033 		mov	r3, #65536
 1629 0052 0893     		str	r3, [sp, #32]
 315:Core/Src/main.c ****   RCC_OscInitStruct.PLL.PLLSource = RCC_PLLSOURCE_HSE;
 1630              		.loc 1 315 3 is_stmt 1 view .LVU421
 315:Core/Src/main.c ****   RCC_OscInitStruct.PLL.PLLSource = RCC_PLLSOURCE_HSE;
 1631              		.loc 1 315 34 is_stmt 0 view .LVU422
 1632 0054 0223     		movs	r3, #2
 1633 0056 0D93     		str	r3, [sp, #52]
 316:Core/Src/main.c ****   RCC_OscInitStruct.PLL.PLLM = 15;
 1634              		.loc 1 316 3 is_stmt 1 view .LVU423
 316:Core/Src/main.c ****   RCC_OscInitStruct.PLL.PLLM = 15;
 1635              		.loc 1 316 35 is_stmt 0 view .LVU424
 1636 0058 4FF48002 		mov	r2, #4194304
 1637 005c 0E92     		str	r2, [sp, #56]
ARM GAS  /var/folders/d6/h50ndp_j7xj_7552gzkj6_s40000gn/T//cctl1r8X.s 			page 61


 317:Core/Src/main.c ****   RCC_OscInitStruct.PLL.PLLN = 144;
 1638              		.loc 1 317 3 is_stmt 1 view .LVU425
 317:Core/Src/main.c ****   RCC_OscInitStruct.PLL.PLLN = 144;
 1639              		.loc 1 317 30 is_stmt 0 view .LVU426
 1640 005e 0F22     		movs	r2, #15
 1641 0060 0F92     		str	r2, [sp, #60]
 318:Core/Src/main.c ****   RCC_OscInitStruct.PLL.PLLP = RCC_PLLP_DIV2;
 1642              		.loc 1 318 3 is_stmt 1 view .LVU427
 318:Core/Src/main.c ****   RCC_OscInitStruct.PLL.PLLP = RCC_PLLP_DIV2;
 1643              		.loc 1 318 30 is_stmt 0 view .LVU428
 1644 0062 9022     		movs	r2, #144
 1645 0064 1092     		str	r2, [sp, #64]
 319:Core/Src/main.c ****   RCC_OscInitStruct.PLL.PLLQ = 2;
 1646              		.loc 1 319 3 is_stmt 1 view .LVU429
 319:Core/Src/main.c ****   RCC_OscInitStruct.PLL.PLLQ = 2;
 1647              		.loc 1 319 30 is_stmt 0 view .LVU430
 1648 0066 1193     		str	r3, [sp, #68]
 320:Core/Src/main.c ****   RCC_OscInitStruct.PLL.PLLR = 2;
 1649              		.loc 1 320 3 is_stmt 1 view .LVU431
 320:Core/Src/main.c ****   RCC_OscInitStruct.PLL.PLLR = 2;
 1650              		.loc 1 320 30 is_stmt 0 view .LVU432
 1651 0068 1293     		str	r3, [sp, #72]
 321:Core/Src/main.c ****   if (HAL_RCC_OscConfig(&RCC_OscInitStruct) != HAL_OK)
 1652              		.loc 1 321 3 is_stmt 1 view .LVU433
 321:Core/Src/main.c ****   if (HAL_RCC_OscConfig(&RCC_OscInitStruct) != HAL_OK)
 1653              		.loc 1 321 30 is_stmt 0 view .LVU434
 1654 006a 1393     		str	r3, [sp, #76]
 322:Core/Src/main.c ****   {
 1655              		.loc 1 322 3 is_stmt 1 view .LVU435
 322:Core/Src/main.c ****   {
 1656              		.loc 1 322 7 is_stmt 0 view .LVU436
 1657 006c 07A8     		add	r0, sp, #28
 1658 006e FFF7FEFF 		bl	HAL_RCC_OscConfig
 1659              	.LVL144:
 322:Core/Src/main.c ****   {
 1660              		.loc 1 322 6 discriminator 1 view .LVU437
 1661 0072 98B9     		cbnz	r0, .L83
 329:Core/Src/main.c ****                               |RCC_CLOCKTYPE_PCLK1|RCC_CLOCKTYPE_PCLK2;
 1662              		.loc 1 329 3 is_stmt 1 view .LVU438
 329:Core/Src/main.c ****                               |RCC_CLOCKTYPE_PCLK1|RCC_CLOCKTYPE_PCLK2;
 1663              		.loc 1 329 31 is_stmt 0 view .LVU439
 1664 0074 0F23     		movs	r3, #15
 1665 0076 0293     		str	r3, [sp, #8]
 331:Core/Src/main.c ****   RCC_ClkInitStruct.AHBCLKDivider = RCC_SYSCLK_DIV1;
 1666              		.loc 1 331 3 is_stmt 1 view .LVU440
 331:Core/Src/main.c ****   RCC_ClkInitStruct.AHBCLKDivider = RCC_SYSCLK_DIV1;
 1667              		.loc 1 331 34 is_stmt 0 view .LVU441
 1668 0078 0223     		movs	r3, #2
 1669 007a 0393     		str	r3, [sp, #12]
 332:Core/Src/main.c ****   RCC_ClkInitStruct.APB1CLKDivider = RCC_HCLK_DIV4;
 1670              		.loc 1 332 3 is_stmt 1 view .LVU442
 332:Core/Src/main.c ****   RCC_ClkInitStruct.APB1CLKDivider = RCC_HCLK_DIV4;
 1671              		.loc 1 332 35 is_stmt 0 view .LVU443
 1672 007c 0023     		movs	r3, #0
 1673 007e 0493     		str	r3, [sp, #16]
 333:Core/Src/main.c ****   RCC_ClkInitStruct.APB2CLKDivider = RCC_HCLK_DIV2;
 1674              		.loc 1 333 3 is_stmt 1 view .LVU444
ARM GAS  /var/folders/d6/h50ndp_j7xj_7552gzkj6_s40000gn/T//cctl1r8X.s 			page 62


 333:Core/Src/main.c ****   RCC_ClkInitStruct.APB2CLKDivider = RCC_HCLK_DIV2;
 1675              		.loc 1 333 36 is_stmt 0 view .LVU445
 1676 0080 4FF4A053 		mov	r3, #5120
 1677 0084 0593     		str	r3, [sp, #20]
 334:Core/Src/main.c **** 
 1678              		.loc 1 334 3 is_stmt 1 view .LVU446
 334:Core/Src/main.c **** 
 1679              		.loc 1 334 36 is_stmt 0 view .LVU447
 1680 0086 4FF48053 		mov	r3, #4096
 1681 008a 0693     		str	r3, [sp, #24]
 336:Core/Src/main.c ****   {
 1682              		.loc 1 336 3 is_stmt 1 view .LVU448
 336:Core/Src/main.c ****   {
 1683              		.loc 1 336 7 is_stmt 0 view .LVU449
 1684 008c 0321     		movs	r1, #3
 1685 008e 02A8     		add	r0, sp, #8
 1686 0090 FFF7FEFF 		bl	HAL_RCC_ClockConfig
 1687              	.LVL145:
 336:Core/Src/main.c ****   {
 1688              		.loc 1 336 6 discriminator 1 view .LVU450
 1689 0094 20B9     		cbnz	r0, .L84
 340:Core/Src/main.c **** 
 1690              		.loc 1 340 1 view .LVU451
 1691 0096 15B0     		add	sp, sp, #84
 1692              	.LCFI18:
 1693              		.cfi_remember_state
 1694              		.cfi_def_cfa_offset 4
 1695              		@ sp needed
 1696 0098 5DF804FB 		ldr	pc, [sp], #4
 1697              	.L83:
 1698              	.LCFI19:
 1699              		.cfi_restore_state
 324:Core/Src/main.c ****   }
 1700              		.loc 1 324 5 is_stmt 1 view .LVU452
 1701 009c FFF7FEFF 		bl	Error_Handler
 1702              	.LVL146:
 1703              	.L84:
 338:Core/Src/main.c ****   }
 1704              		.loc 1 338 5 view .LVU453
 1705 00a0 FFF7FEFF 		bl	Error_Handler
 1706              	.LVL147:
 1707              	.L86:
 1708              		.align	2
 1709              	.L85:
 1710 00a4 00380240 		.word	1073887232
 1711 00a8 00700040 		.word	1073770496
 1712              		.cfi_endproc
 1713              	.LFE135:
 1715              		.section	.text.main,"ax",%progbits
 1716              		.align	1
 1717              		.global	main
 1718              		.syntax unified
 1719              		.thumb
 1720              		.thumb_func
 1722              	main:
 1723              	.LFB134:
 130:Core/Src/main.c **** 
ARM GAS  /var/folders/d6/h50ndp_j7xj_7552gzkj6_s40000gn/T//cctl1r8X.s 			page 63


 1724              		.loc 1 130 1 view -0
 1725              		.cfi_startproc
 1726              		@ Volatile: function does not return.
 1727              		@ args = 0, pretend = 0, frame = 0
 1728              		@ frame_needed = 0, uses_anonymous_args = 0
 1729 0000 08B5     		push	{r3, lr}
 1730              	.LCFI20:
 1731              		.cfi_def_cfa_offset 8
 1732              		.cfi_offset 3, -8
 1733              		.cfi_offset 14, -4
 139:Core/Src/main.c **** 
 1734              		.loc 1 139 3 view .LVU455
 1735 0002 FFF7FEFF 		bl	HAL_Init
 1736              	.LVL148:
 147:Core/Src/main.c **** 
 1737              		.loc 1 147 3 view .LVU456
 1738 0006 FFF7FEFF 		bl	SystemClock_Config
 1739              	.LVL149:
 154:Core/Src/main.c ****   /* USER CODE BEGIN 2 */
 1740              		.loc 1 154 3 view .LVU457
 1741 000a FFF7FEFF 		bl	MX_GPIO_Init
 1742              	.LVL150:
 158:Core/Src/main.c ****   DWT->CYCCNT = 0;                                // Reset counter
 1743              		.loc 1 158 3 view .LVU458
 158:Core/Src/main.c ****   DWT->CYCCNT = 0;                                // Reset counter
 1744              		.loc 1 158 12 is_stmt 0 view .LVU459
 1745 000e 134A     		ldr	r2, .L90
 1746 0010 D2F8FC30 		ldr	r3, [r2, #252]
 158:Core/Src/main.c ****   DWT->CYCCNT = 0;                                // Reset counter
 1747              		.loc 1 158 20 view .LVU460
 1748 0014 43F08073 		orr	r3, r3, #16777216
 1749 0018 C2F8FC30 		str	r3, [r2, #252]
 159:Core/Src/main.c ****   DWT->CTRL |= DWT_CTRL_CYCCNTENA_Msk;            // Enable cycle counter
 1750              		.loc 1 159 3 is_stmt 1 view .LVU461
 159:Core/Src/main.c ****   DWT->CTRL |= DWT_CTRL_CYCCNTENA_Msk;            // Enable cycle counter
 1751              		.loc 1 159 15 is_stmt 0 view .LVU462
 1752 001c 104B     		ldr	r3, .L90+4
 1753 001e 0022     		movs	r2, #0
 1754 0020 5A60     		str	r2, [r3, #4]
 160:Core/Src/main.c **** 
 1755              		.loc 1 160 3 is_stmt 1 view .LVU463
 160:Core/Src/main.c **** 
 1756              		.loc 1 160 6 is_stmt 0 view .LVU464
 1757 0022 1A68     		ldr	r2, [r3]
 160:Core/Src/main.c **** 
 1758              		.loc 1 160 13 view .LVU465
 1759 0024 42F00102 		orr	r2, r2, #1
 1760 0028 1A60     		str	r2, [r3]
 1761              	.L88:
 166:Core/Src/main.c ****   {
 1762              		.loc 1 166 3 is_stmt 1 view .LVU466
 231:Core/Src/main.c **** 	  checksum = calculate_mandelbrot_fixed_point_arithmetic(128, 128, MAX_ITER);
 1763              		.loc 1 231 4 view .LVU467
 1764 002a 0E4C     		ldr	r4, .L90+8
 1765 002c 0121     		movs	r1, #1
 1766 002e 2046     		mov	r0, r4
 1767 0030 FFF7FEFF 		bl	HAL_GPIO_TogglePin
ARM GAS  /var/folders/d6/h50ndp_j7xj_7552gzkj6_s40000gn/T//cctl1r8X.s 			page 64


 1768              	.LVL151:
 232:Core/Src/main.c **** 	  HAL_GPIO_TogglePin(GPIOB, GPIO_PIN_1);
 1769              		.loc 1 232 4 view .LVU468
 232:Core/Src/main.c **** 	  HAL_GPIO_TogglePin(GPIOB, GPIO_PIN_1);
 1770              		.loc 1 232 15 is_stmt 0 view .LVU469
 1771 0034 6422     		movs	r2, #100
 1772 0036 8021     		movs	r1, #128
 1773 0038 0846     		mov	r0, r1
 1774 003a FFF7FEFF 		bl	calculate_mandelbrot_fixed_point_arithmetic
 1775              	.LVL152:
 232:Core/Src/main.c **** 	  HAL_GPIO_TogglePin(GPIOB, GPIO_PIN_1);
 1776              		.loc 1 232 13 discriminator 1 view .LVU470
 1777 003e 0A4B     		ldr	r3, .L90+12
 1778 0040 C3E90001 		strd	r0, [r3]
 233:Core/Src/main.c **** 	  HAL_Delay(200);
 1779              		.loc 1 233 4 is_stmt 1 view .LVU471
 1780 0044 0221     		movs	r1, #2
 1781 0046 2046     		mov	r0, r4
 1782 0048 FFF7FEFF 		bl	HAL_GPIO_TogglePin
 1783              	.LVL153:
 234:Core/Src/main.c **** 	  HAL_GPIO_TogglePin(GPIOB, GPIO_PIN_2);
 1784              		.loc 1 234 4 view .LVU472
 1785 004c C820     		movs	r0, #200
 1786 004e FFF7FEFF 		bl	HAL_Delay
 1787              	.LVL154:
 235:Core/Src/main.c **** 
 1788              		.loc 1 235 4 discriminator 1 view .LVU473
 1789 0052 0421     		movs	r1, #4
 1790 0054 2046     		mov	r0, r4
 1791 0056 FFF7FEFF 		bl	HAL_GPIO_TogglePin
 1792              	.LVL155:
 166:Core/Src/main.c ****   {
 1793              		.loc 1 166 9 view .LVU474
 1794 005a E6E7     		b	.L88
 1795              	.L91:
 1796              		.align	2
 1797              	.L90:
 1798 005c 00ED00E0 		.word	-536810240
 1799 0060 001000E0 		.word	-536866816
 1800 0064 00040240 		.word	1073873920
 1801 0068 00000000 		.word	checksum
 1802              		.cfi_endproc
 1803              	.LFE134:
 1805              		.global	test_sizes
 1806              		.section	.data.test_sizes,"aw"
 1807              		.align	2
 1810              	test_sizes:
 1811 0000 8000     		.short	128
 1812 0002 8000     		.short	128
 1813 0004 0001     		.short	256
 1814 0006 0001     		.short	256
 1815 0008 4001     		.short	320
 1816 000a F000     		.short	240
 1817 000c 8002     		.short	640
 1818 000e E001     		.short	480
 1819 0010 2003     		.short	800
 1820 0012 5802     		.short	600
ARM GAS  /var/folders/d6/h50ndp_j7xj_7552gzkj6_s40000gn/T//cctl1r8X.s 			page 65


 1821 0014 0004     		.short	1024
 1822 0016 0003     		.short	768
 1823 0018 0005     		.short	1280
 1824 001a D002     		.short	720
 1825 001c 8007     		.short	1920
 1826 001e 3804     		.short	1080
 1827              		.global	image_dimensions
 1828              		.section	.rodata.image_dimensions,"a"
 1829              		.align	2
 1832              	image_dimensions:
 1833 0000 80000000 		.word	128
 1834 0004 A0000000 		.word	160
 1835 0008 C0000000 		.word	192
 1836 000c E0000000 		.word	224
 1837 0010 00010000 		.word	256
 1838              		.global	max_iter_values
 1839              		.section	.rodata.max_iter_values,"a"
 1840              		.align	2
 1843              	max_iter_values:
 1844 0000 64000000 		.word	100
 1845 0004 FA000000 		.word	250
 1846 0008 F4010000 		.word	500
 1847 000c EE020000 		.word	750
 1848 0010 E8030000 		.word	1000
 1849              		.global	scales
 1850              		.section	.rodata.scales,"a"
 1851              		.align	2
 1854              	scales:
 1855 0000 E8030000 		.word	1000
 1856 0004 10270000 		.word	10000
 1857 0008 40420F00 		.word	1000000
 1858              		.global	scale
 1859              		.section	.bss.scale,"aw",%nobits
 1860              		.align	2
 1863              	scale:
 1864 0000 00000000 		.space	4
 1865              		.global	max_iter
 1866              		.section	.bss.max_iter,"aw",%nobits
 1867              		.align	2
 1870              	max_iter:
 1871 0000 00000000 		.space	4
 1872              		.global	width
 1873              		.section	.bss.width,"aw",%nobits
 1874              		.align	2
 1877              	width:
 1878 0000 00000000 		.space	4
 1879              		.global	height
 1880              		.section	.bss.height,"aw",%nobits
 1881              		.align	2
 1884              	height:
 1885 0000 00000000 		.space	4
 1886              		.global	pixels_s
 1887              		.section	.bss.pixels_s,"aw",%nobits
 1888              		.align	2
 1891              	pixels_s:
 1892 0000 00000000 		.space	4
 1893              		.global	elapsed_cycles
ARM GAS  /var/folders/d6/h50ndp_j7xj_7552gzkj6_s40000gn/T//cctl1r8X.s 			page 66


 1894              		.section	.bss.elapsed_cycles,"aw",%nobits
 1895              		.align	2
 1898              	elapsed_cycles:
 1899 0000 00000000 		.space	4
 1900              		.global	start_cycles
 1901              		.section	.bss.start_cycles,"aw",%nobits
 1902              		.align	2
 1905              	start_cycles:
 1906 0000 00000000 		.space	4
 1907              		.global	checksum
 1908              		.section	.bss.checksum,"aw",%nobits
 1909              		.align	3
 1912              	checksum:
 1913 0000 00000000 		.space	8
 1913      00000000 
 1914              		.global	execution_time
 1915              		.section	.bss.execution_time,"aw",%nobits
 1916              		.align	2
 1919              	execution_time:
 1920 0000 00000000 		.space	4
 1921              		.global	end_time
 1922              		.section	.bss.end_time,"aw",%nobits
 1923              		.align	2
 1926              	end_time:
 1927 0000 00000000 		.space	4
 1928              		.global	start_time
 1929              		.section	.bss.start_time,"aw",%nobits
 1930              		.align	2
 1933              	start_time:
 1934 0000 00000000 		.space	4
 1935              		.text
 1936              	.Letext0:
 1937              		.file 3 "/Applications/STM32CubeIDE.app/Contents/Eclipse/plugins/com.st.stm32cube.ide.mcu.external
 1938              		.file 4 "/Applications/STM32CubeIDE.app/Contents/Eclipse/plugins/com.st.stm32cube.ide.mcu.external
 1939              		.file 5 "Drivers/CMSIS/Include/core_cm4.h"
 1940              		.file 6 "Drivers/CMSIS/Device/ST/STM32F4xx/Include/stm32f446xx.h"
 1941              		.file 7 "Drivers/STM32F4xx_HAL_Driver/Inc/stm32f4xx_hal_def.h"
 1942              		.file 8 "Drivers/STM32F4xx_HAL_Driver/Inc/stm32f4xx_hal_rcc_ex.h"
 1943              		.file 9 "Drivers/STM32F4xx_HAL_Driver/Inc/stm32f4xx_hal_rcc.h"
 1944              		.file 10 "Drivers/STM32F4xx_HAL_Driver/Inc/stm32f4xx_hal_gpio.h"
 1945              		.file 11 "Drivers/STM32F4xx_HAL_Driver/Inc/stm32f4xx_hal.h"
 1946              		.file 12 "<built-in>"
ARM GAS  /var/folders/d6/h50ndp_j7xj_7552gzkj6_s40000gn/T//cctl1r8X.s 			page 67


DEFINED SYMBOLS
                            *ABS*:00000000 main.c
/var/folders/d6/h50ndp_j7xj_7552gzkj6_s40000gn/T//cctl1r8X.s:21     .text.MX_GPIO_Init:00000000 $t
/var/folders/d6/h50ndp_j7xj_7552gzkj6_s40000gn/T//cctl1r8X.s:26     .text.MX_GPIO_Init:00000000 MX_GPIO_Init
/var/folders/d6/h50ndp_j7xj_7552gzkj6_s40000gn/T//cctl1r8X.s:133    .text.MX_GPIO_Init:00000074 $d
/var/folders/d6/h50ndp_j7xj_7552gzkj6_s40000gn/T//cctl1r8X.s:140    .text.calculate_mandelbrot_fixed_point_arithmetic:00000000 $t
/var/folders/d6/h50ndp_j7xj_7552gzkj6_s40000gn/T//cctl1r8X.s:146    .text.calculate_mandelbrot_fixed_point_arithmetic:00000000 calculate_mandelbrot_fixed_point_arithmetic
/var/folders/d6/h50ndp_j7xj_7552gzkj6_s40000gn/T//cctl1r8X.s:433    .text.calculate_mandelbrot_fixed_point_arithmetic_custom:00000000 $t
/var/folders/d6/h50ndp_j7xj_7552gzkj6_s40000gn/T//cctl1r8X.s:439    .text.calculate_mandelbrot_fixed_point_arithmetic_custom:00000000 calculate_mandelbrot_fixed_point_arithmetic_custom
/var/folders/d6/h50ndp_j7xj_7552gzkj6_s40000gn/T//cctl1r8X.s:717    .text.calculate_mandelbrot_fixed_point_arithmetic_custom:00000164 $d
/var/folders/d6/h50ndp_j7xj_7552gzkj6_s40000gn/T//cctl1r8X.s:722    .text.calculate_mandelbrot_tile_fixed_point:00000000 $t
/var/folders/d6/h50ndp_j7xj_7552gzkj6_s40000gn/T//cctl1r8X.s:728    .text.calculate_mandelbrot_tile_fixed_point:00000000 calculate_mandelbrot_tile_fixed_point
/var/folders/d6/h50ndp_j7xj_7552gzkj6_s40000gn/T//cctl1r8X.s:1033   .text.calculate_mandelbrot_double:00000000 $t
/var/folders/d6/h50ndp_j7xj_7552gzkj6_s40000gn/T//cctl1r8X.s:1039   .text.calculate_mandelbrot_double:00000000 calculate_mandelbrot_double
/var/folders/d6/h50ndp_j7xj_7552gzkj6_s40000gn/T//cctl1r8X.s:1321   .text.calculate_mandelbrot_double:0000015c $d
/var/folders/d6/h50ndp_j7xj_7552gzkj6_s40000gn/T//cctl1r8X.s:1329   .text.calculate_mandelbrot_float:00000000 $t
/var/folders/d6/h50ndp_j7xj_7552gzkj6_s40000gn/T//cctl1r8X.s:1335   .text.calculate_mandelbrot_float:00000000 calculate_mandelbrot_float
/var/folders/d6/h50ndp_j7xj_7552gzkj6_s40000gn/T//cctl1r8X.s:1510   .text.calculate_mandelbrot_float:000000b4 $d
/var/folders/d6/h50ndp_j7xj_7552gzkj6_s40000gn/T//cctl1r8X.s:1515   .text.Error_Handler:00000000 $t
/var/folders/d6/h50ndp_j7xj_7552gzkj6_s40000gn/T//cctl1r8X.s:1521   .text.Error_Handler:00000000 Error_Handler
/var/folders/d6/h50ndp_j7xj_7552gzkj6_s40000gn/T//cctl1r8X.s:1553   .text.SystemClock_Config:00000000 $t
/var/folders/d6/h50ndp_j7xj_7552gzkj6_s40000gn/T//cctl1r8X.s:1559   .text.SystemClock_Config:00000000 SystemClock_Config
/var/folders/d6/h50ndp_j7xj_7552gzkj6_s40000gn/T//cctl1r8X.s:1710   .text.SystemClock_Config:000000a4 $d
/var/folders/d6/h50ndp_j7xj_7552gzkj6_s40000gn/T//cctl1r8X.s:1716   .text.main:00000000 $t
/var/folders/d6/h50ndp_j7xj_7552gzkj6_s40000gn/T//cctl1r8X.s:1722   .text.main:00000000 main
/var/folders/d6/h50ndp_j7xj_7552gzkj6_s40000gn/T//cctl1r8X.s:1798   .text.main:0000005c $d
/var/folders/d6/h50ndp_j7xj_7552gzkj6_s40000gn/T//cctl1r8X.s:1912   .bss.checksum:00000000 checksum
/var/folders/d6/h50ndp_j7xj_7552gzkj6_s40000gn/T//cctl1r8X.s:1810   .data.test_sizes:00000000 test_sizes
/var/folders/d6/h50ndp_j7xj_7552gzkj6_s40000gn/T//cctl1r8X.s:1807   .data.test_sizes:00000000 $d
/var/folders/d6/h50ndp_j7xj_7552gzkj6_s40000gn/T//cctl1r8X.s:1832   .rodata.image_dimensions:00000000 image_dimensions
/var/folders/d6/h50ndp_j7xj_7552gzkj6_s40000gn/T//cctl1r8X.s:1829   .rodata.image_dimensions:00000000 $d
/var/folders/d6/h50ndp_j7xj_7552gzkj6_s40000gn/T//cctl1r8X.s:1843   .rodata.max_iter_values:00000000 max_iter_values
/var/folders/d6/h50ndp_j7xj_7552gzkj6_s40000gn/T//cctl1r8X.s:1840   .rodata.max_iter_values:00000000 $d
/var/folders/d6/h50ndp_j7xj_7552gzkj6_s40000gn/T//cctl1r8X.s:1854   .rodata.scales:00000000 scales
/var/folders/d6/h50ndp_j7xj_7552gzkj6_s40000gn/T//cctl1r8X.s:1851   .rodata.scales:00000000 $d
/var/folders/d6/h50ndp_j7xj_7552gzkj6_s40000gn/T//cctl1r8X.s:1863   .bss.scale:00000000 scale
/var/folders/d6/h50ndp_j7xj_7552gzkj6_s40000gn/T//cctl1r8X.s:1860   .bss.scale:00000000 $d
/var/folders/d6/h50ndp_j7xj_7552gzkj6_s40000gn/T//cctl1r8X.s:1870   .bss.max_iter:00000000 max_iter
/var/folders/d6/h50ndp_j7xj_7552gzkj6_s40000gn/T//cctl1r8X.s:1867   .bss.max_iter:00000000 $d
/var/folders/d6/h50ndp_j7xj_7552gzkj6_s40000gn/T//cctl1r8X.s:1877   .bss.width:00000000 width
/var/folders/d6/h50ndp_j7xj_7552gzkj6_s40000gn/T//cctl1r8X.s:1874   .bss.width:00000000 $d
/var/folders/d6/h50ndp_j7xj_7552gzkj6_s40000gn/T//cctl1r8X.s:1884   .bss.height:00000000 height
/var/folders/d6/h50ndp_j7xj_7552gzkj6_s40000gn/T//cctl1r8X.s:1881   .bss.height:00000000 $d
/var/folders/d6/h50ndp_j7xj_7552gzkj6_s40000gn/T//cctl1r8X.s:1891   .bss.pixels_s:00000000 pixels_s
/var/folders/d6/h50ndp_j7xj_7552gzkj6_s40000gn/T//cctl1r8X.s:1888   .bss.pixels_s:00000000 $d
/var/folders/d6/h50ndp_j7xj_7552gzkj6_s40000gn/T//cctl1r8X.s:1898   .bss.elapsed_cycles:00000000 elapsed_cycles
/var/folders/d6/h50ndp_j7xj_7552gzkj6_s40000gn/T//cctl1r8X.s:1895   .bss.elapsed_cycles:00000000 $d
/var/folders/d6/h50ndp_j7xj_7552gzkj6_s40000gn/T//cctl1r8X.s:1905   .bss.start_cycles:00000000 start_cycles
/var/folders/d6/h50ndp_j7xj_7552gzkj6_s40000gn/T//cctl1r8X.s:1902   .bss.start_cycles:00000000 $d
/var/folders/d6/h50ndp_j7xj_7552gzkj6_s40000gn/T//cctl1r8X.s:1909   .bss.checksum:00000000 $d
/var/folders/d6/h50ndp_j7xj_7552gzkj6_s40000gn/T//cctl1r8X.s:1919   .bss.execution_time:00000000 execution_time
/var/folders/d6/h50ndp_j7xj_7552gzkj6_s40000gn/T//cctl1r8X.s:1916   .bss.execution_time:00000000 $d
/var/folders/d6/h50ndp_j7xj_7552gzkj6_s40000gn/T//cctl1r8X.s:1926   .bss.end_time:00000000 end_time
/var/folders/d6/h50ndp_j7xj_7552gzkj6_s40000gn/T//cctl1r8X.s:1923   .bss.end_time:00000000 $d
/var/folders/d6/h50ndp_j7xj_7552gzkj6_s40000gn/T//cctl1r8X.s:1933   .bss.start_time:00000000 start_time
/var/folders/d6/h50ndp_j7xj_7552gzkj6_s40000gn/T//cctl1r8X.s:1930   .bss.start_time:00000000 $d

ARM GAS  /var/folders/d6/h50ndp_j7xj_7552gzkj6_s40000gn/T//cctl1r8X.s 			page 68


UNDEFINED SYMBOLS
HAL_GPIO_WritePin
HAL_GPIO_Init
__aeabi_ldivmod
__aeabi_i2d
__aeabi_ddiv
__aeabi_dadd
__aeabi_dsub
__aeabi_dmul
__aeabi_dcmple
memset
HAL_RCC_OscConfig
HAL_RCC_ClockConfig
HAL_Init
HAL_GPIO_TogglePin
HAL_Delay
